mode,routine,before,after,saved,conditional_bytes,bra_bytes,brl_bytes,frame
raw,M_EXECMEMORY_VALIDBANK_E9E0A79B,82,78,4,0,4,0,6
raw,M_EXECMEMORY_VALIDOWNER_462B929A,114,106,8,0,8,0,6
raw,M_EXECMEMORY_ADOPT_494D3B99,1045,1011,34,0,30,4,12
raw,M_EXECMEMORY_QUERY_D2E34F9F,514,506,8,0,8,0,14
raw,M_EXECMEMORY_RESERVEEXACT_88D3D2C8,866,848,18,0,18,0,10
raw,M_EXECMEMORY_ACQUIRE_EAA019EB,636,625,11,0,8,3,14
raw,M_EXECMEMORY_RELEASE_A6E307FC,986,966,20,0,20,0,10
raw,M_EXECMEMORY_INIT_F4EA07E3,98,94,4,0,4,0,4
raw,M_EXECLISTS_NEWLIST_B3502541,261,259,2,0,2,0,12
raw,M_EXECLISTS_NEWMINLIST_A2695943,126,122,4,0,4,0,8
raw,M_EXECLISTS_ISLISTEMPTY_6EEB0796,204,192,12,8,4,0,12
raw,M_EXECLISTS_ISMINLISTEMPTY_6D517164,156,152,4,0,4,0,8
raw,M_EXECLISTS_ADDHEAD_3AE3E6E4,287,285,2,0,2,0,16
raw,M_EXECLISTS_ADDTAIL_A1C0F364,306,304,2,0,2,0,16
raw,M_EXECLISTS_INSERT_468B11BA,674,648,26,12,14,0,16
raw,M_EXECLISTS_REMOVE_2E26C2C1,173,171,2,0,2,0,6
raw,M_EXECLISTS_REMHEAD_F8063CE7,289,279,10,4,6,0,12
raw,M_EXECLISTS_REMTAIL_292EAA27,289,279,10,4,6,0,12
raw,M_EXECLISTS_ENQUEUE_763E1E61,504,495,9,0,6,3,20
raw,M_EXECLISTS_FINDNAME_2659CDBB,619,610,9,0,4,5,22
raw,M_HEAPCORE_ROUNDED_9D79FA03,435,383,52,36,16,0,14
raw,M_HEAPCORE_BOUNDS_2387CB05,1519,1322,197,136,60,1,24
raw,M_HEAPCORE_CHUNKADDRESS_A551D41B,704,610,94,64,30,0,24
raw,M_HEAPCORE_NEXTADDRESS_E32592FF,640,546,94,64,28,2,24
raw,M_HEAPCORE_CHUNKEND_0E0C27CE,993,931,62,36,26,0,28
raw,M_HEAPCORE_VALIDATE_B397AD34,563,551,12,0,10,2,26
raw,M_HEAPCORE_LINK_9B47F952,157,147,10,4,6,0,8
raw,M_HEAPCORE_WRITECHUNK_D768FC26,144,142,2,0,2,0,8
raw,M_HEAPCORE_SPLIT_B6117102,1037,1026,11,0,10,1,32
raw,M_HEAPCORE_CANDIDATE_07CF3557,533,489,44,32,10,2,20
raw,M_HEAPCORE_RESERVE_2192E9C0,1655,1470,185,132,48,5,40
raw,M_HEAPCORE_ALLOCATE_E39F1AF5,177,173,4,0,4,0,12
raw,M_HEAPCORE_LARGEST_AA9886E8,1869,1643,226,160,62,4,42
raw,M_HEAPCORE_INSERTFREE_129E41BB,1262,1237,25,12,8,5,24
raw,M_HEAPCORE_RETURNRANGE_11C95A83,1948,1676,272,192,76,4,26
raw,M_HEAPCORE_DEALLOCATE_60F97CF2,846,781,65,40,24,1,32
raw,M_HEAPPOLICY_GETSTATE_9B9EAF7C,97,95,2,0,2,0,8
raw,M_HEAPPOLICY_HEADER_A992FDFC,225,209,16,12,4,0,12
raw,M_HEAPPOLICY_SHUTDOWN_9E341637,584,573,11,0,8,3,18
raw,M_HEAPPOLICY_RUNS_07A33D25,338,324,14,0,12,2,24
raw,M_HEAPPOLICY_REGION_F42DC07D,1116,1034,82,72,10,0,22
raw,M_HEAPPOLICY_START_1455FA91,1603,1542,61,0,52,9,32
raw,M_HEAPPOLICY_INIT_69D6AA0D,447,435,12,0,12,0,16
raw,M_HEAPPOLICY_FLAGSVALID_4BF22F96,751,736,15,4,10,1,24
raw,M_HEAPPOLICY_DESCRIPTOR_8971C45E,807,688,119,88,30,1,24
raw,M_HEAPPOLICY_VALIDATEREGIONS_C3A52ACE,1209,1169,40,0,38,2,28
raw,M_HEAPPOLICY_MATCHES_ACC95206,298,288,10,4,6,0,18
raw,M_HEAPPOLICY_RESERVE_42F2499D,1306,1224,82,44,34,4,28
raw,M_HEAPPOLICY_LOCATE_7B91FF59,945,852,93,64,26,3,30
raw,M_HEAPPOLICY_FREE_3EA2E1EF,1044,959,85,48,36,1,30
raw,M_HEAPPOLICY_AVAIL_22774B2C,1649,1569,80,40,34,6,36
raw,M_HEAPPOLICY_MEMORYTYPE_D394B206,279,269,10,4,6,0,12
raw,M_HEAPPOLICY_VECTORBYTES_E6541B8F,463,409,54,36,18,0,20
raw,M_HEAPPOLICY_RESERVEVECTOR_C09ED6F4,336,324,12,4,8,0,18
raw,M_HEAPPOLICY_FREEVECTOR_698EC5DE,1694,1524,170,108,62,0,34
raw,M_TASKPOLICY_RECORDFOR_833E2B66,219,203,16,12,4,0,12
raw,M_TASKPOLICY_SAVEDWORD_D1C8E663,115,113,2,0,2,0,12
raw,M_TASKPOLICY_RESULT_DA2077E3,110,108,2,0,2,0,12
raw,M_TASKPOLICY_POINTERRESULT_E8D88610,314,296,18,12,6,0,16
raw,M_TASKPOLICY_ARGUMENTPOINTER_A19325C6,403,383,20,12,8,0,12
raw,M_TASKPOLICY_FLAGS_56B3B4FF,134,132,2,0,2,0,12
raw,M_TASKPOLICY_PROTECTED_FCDCE808,281,259,22,12,10,0,8
raw,M_TASKPOLICY_LOOKUP_41F6D1E4,887,802,85,52,32,1,24
raw,M_TASKPOLICY_WRITABLE_0565D862,977,853,124,84,36,4,32
raw,M_TASKPOLICY_AVAILABLERECORD_80983EA0,780,702,78,48,26,4,28
raw,M_TASKPOLICY_EMPTYMEMORY_C893BDB0,483,451,32,24,8,0,16
raw,M_TASKPOLICY_VALIDENTRY_58BA8A58,312,298,14,4,8,2,22
raw,M_TASKPOLICY_STACKSLOT_2A322EEA,1146,1057,89,56,28,5,22
raw,M_TASKPOLICY_PREPARESTACK_1A1C583B,700,677,23,12,10,1,24
raw,M_TASKPOLICY_PREPAREDOMAIN_45DA3401,1116,1089,27,12,14,1,24
raw,M_TASKPOLICY_PREPAREFRAME_D5FF2FA0,642,632,10,0,10,0,26
raw,M_TASKPOLICY_SETSTATE_52D88FAF,175,171,4,0,4,0,12
raw,M_TASKPOLICY_READY_679992F5,364,356,8,0,8,0,16
raw,M_TASKPOLICY_INITSIGNALS_5C831CB9,512,508,4,0,4,0,12
raw,M_TASKPOLICY_ADMIT_CF1671AB,885,875,10,0,10,0,16
raw,M_TASKPOLICY_INIT_57A5FAC8,2623,2583,40,0,38,2,30
raw,M_TASKPOLICY_TIMEDCOUNT_C3B59E74,104,102,2,0,2,0,8
raw,M_TASKPOLICY_ADJUSTTIMED_DDC1BE1E,187,181,6,0,6,0,10
raw,M_TASKPOLICY_WAKE_9E9C7518,479,467,12,0,8,4,16
raw,M_TASKPOLICY_SELECT_1A709B3E,786,752,34,8,26,0,14
raw,M_TASKPOLICY_SWITCH_98522C9E,567,543,24,4,20,0,8
raw,M_TASKPOLICY_EMPTYSIGNALS_EA2224E4,523,471,52,40,12,0,12
raw,M_TASKPOLICY_ADD_A5E7C92B,2049,1986,63,0,62,1,36
raw,M_TASKPOLICY_REMOVETASK_35F29A21,2026,1956,70,12,56,2,18
raw,M_TASKPOLICY_SAMENAME_968CD62D,409,397,12,4,6,2,18
raw,M_TASKPOLICY_FIND_0D9A09D7,677,659,18,4,10,4,16
raw,M_TASKPOLICY_PRIORITY_7FE7EE8A,552,522,30,16,14,0,16
raw,M_TASKPOLICY_EXCLUSION_DFE541A6,470,458,12,0,12,0,16
raw,M_TASKPOLICY_SLEEPTASK_6A909BCC,959,933,26,0,26,0,16
raw,M_TASKPOLICY_MASKRESULT_220A6FAB,338,308,30,24,6,0,20
raw,M_TASKPOLICY_SIGNALBIT_7E52F9EF,216,188,28,24,4,0,14
raw,M_TASKPOLICY_ALLOCATEBIT_A349E154,875,848,27,4,20,3,28
raw,M_TASKPOLICY_MASKS_49833CE1,1313,1283,30,4,24,2,38
raw,M_TASKPOLICY_COMPLETEWAIT_31FB45E4,337,323,14,4,10,0,16
raw,M_TASKPOLICY_WAITTASK_AD94C4A2,597,581,16,0,16,0,24
raw,M_TASKPOLICY_POSTSIGNAL_10773240,370,360,10,0,10,0,22
raw,M_TASKPOLICY_SIGNALTASK_806F80F5,654,630,24,8,16,0,24
raw,M_TASKPOLICY_CANCELWAKE_8ADC984A,149,143,6,0,6,0,4
raw,M_TASKPOLICY_DRAINONE_68E56764,541,515,26,8,18,0,14
raw,M_TASKPOLICY_DRAINWAKES_15F017CB,358,345,13,0,12,1,4
raw,M_TASKPOLICY_BOUNDPRODUCER_6D7B4E54,626,588,38,12,24,2,12
raw,M_TASKPOLICY_PRODUCERCONTROL_52F9499B,1413,1367,46,8,36,2,22
raw,M_TASKPOLICY_MEMORYSERVICE_7FAD083C,207,181,26,16,10,0,4
raw,M_TASKPOLICY_MEMORYPACKET_B36B55BB,422,398,24,4,20,0,16
raw,M_TASKPOLICY_MEMORYCALL_E7816C43,1634,1595,39,0,32,7,32
raw,M_TASKPOLICY_PORTSERVICE_8D598BCC,131,117,14,8,6,0,4
raw,M_TASKPOLICY_INITPORTS_2CB7E92A,200,196,4,0,4,0,12
raw,M_TASKPOLICY_PORTSTORAGE_D3468DA2,318,270,48,36,12,0,14
raw,M_TASKPOLICY_VALIDPORT_7710F985,290,278,12,0,12,0,4
raw,M_TASKPOLICY_VALIDMESSAGE_C0DE7739,418,366,52,36,16,0,14
raw,M_TASKPOLICY_SENDMESSAGE_7332557D,906,880,26,4,20,2,20
raw,M_TASKPOLICY_PORTHEAD_A12A0751,754,728,26,0,26,0,16
raw,M_TASKPOLICY_PORTDELETE_CF47DFE6,845,817,28,4,24,0,22
raw,M_TASKPOLICY_REGISTRYCALL_6B5FFB7F,1175,1143,32,4,26,2,18
raw,M_TASKPOLICY_QUEUECALL_62B0545B,1212,1182,30,4,24,2,24
raw,M_TASKPOLICY_PORTCALL_70989793,1051,1024,27,0,24,3,24
raw,M_TASKPOLICY_IOSERVICE_1E6CF653,131,117,14,8,6,0,4
raw,M_TASKPOLICY_INITIONAMES_D8642B1E,1363,1361,2,0,2,0,14
raw,M_TASKPOLICY_INITIO_35D5D1E4,954,934,20,0,20,0,16
raw,M_TASKPOLICY_IOEXTENT_9818C08A,493,445,48,32,16,0,20
raw,M_TASKPOLICY_IOERROR_9413450C,208,202,6,0,6,0,14
raw,M_TASKPOLICY_IONAME_8B922013,206,196,10,4,6,0,8
raw,M_TASKPOLICY_IOBOUND_33A4879E,760,735,25,4,20,1,16
raw,M_TASKPOLICY_IOOPEN_15F8E966,896,876,20,0,20,0,16
raw,M_TASKPOLICY_IOOPENTEST_C4ABA6E6,1244,1216,28,8,14,6,20
raw,M_TASKPOLICY_IOCOMPLETE_88BA0BF3,409,402,7,0,6,1,20
raw,M_TASKPOLICY_IOWAITOWNER_63A51E9E,442,414,28,16,12,0,16
raw,M_TASKPOLICY_IOCOLLECT_D169FE6C,738,720,18,0,16,2,16
raw,M_TASKPOLICY_IOENQUEUE_EC975914,1483,1411,72,44,24,4,24
raw,M_TASKPOLICY_IOBEGIN_A0C610B5,1212,1175,37,4,32,1,14
raw,M_TASKPOLICY_IOTESTBEGIN_2E780855,827,800,27,4,20,3,18
raw,M_TASKPOLICY_IOABORT_1EC95CFC,1251,1217,34,8,26,0,18
raw,M_TASKPOLICY_IOWORKERCONTROL_3D43EE5B,820,795,25,4,18,3,14
raw,M_TASKPOLICY_IOCLAIM_E59988BA,507,493,14,4,10,0,16
raw,M_TASKPOLICY_IOTEST_D46D842E,950,918,32,4,26,2,18
raw,M_TASKPOLICY_IOTESTFINISH_35E02F77,657,645,12,0,12,0,20
raw,M_TASKPOLICY_IOCALL_78031962,1599,1555,44,0,40,4,28
raw,M_TASKPOLICY_IOREQUESTCALL_7ACD78BD,489,470,19,0,18,1,14
raw,M_TASKPOLICY_IOSETTLEDCALL_042AE5B9,1309,1269,40,8,30,2,20
raw,M_TASKPOLICY_INITSIOSTATE_10B63F2C,806,800,6,0,6,0,20
raw,M_TASKPOLICY_SIOBOUND_346E47DB,1360,1245,115,80,34,1,26
raw,M_TASKPOLICY_SIOOPEN_38E97F75,1664,1548,116,80,30,6,30
raw,M_TASKPOLICY_SIOCLOSE_4815C4E5,190,188,2,0,2,0,16
raw,M_TASKPOLICY_SIOENQUEUE_F49C65E1,813,799,14,0,12,2,24
raw,M_TASKPOLICY_SIOABORT_410D8B25,520,508,12,4,8,0,20
raw,M_TASKPOLICY_SIOPREPAREWORKER_A27B8738,903,895,8,0,8,0,22
raw,M_TASKPOLICY_SIOPREPAREBUS_A2AD2C52,560,556,4,0,4,0,14
raw,M_TASKPOLICY_SIOADMIT_DC2C0CF4,855,829,26,4,20,2,30
raw,M_TASKPOLICY_SIOTAKE_23947030,679,663,16,4,12,0,18
raw,M_TASKPOLICY_SIOFINISH_B1C2A78C,762,745,17,4,12,1,26
raw,M_TASKPOLICY_SIOSTOP_31FA5BA1,760,738,22,0,20,2,8
raw,M_TASKPOLICY_SIOWORKERCONTROL_ABEF18A6,1516,1471,45,4,38,3,18
raw,M_TASKPOLICY_SIOPAUSE_4B7D62A1,442,432,10,0,10,0,10
raw,M_TASKPOLICY_SIOCONTROL_0EC256A4,1183,1159,24,0,22,2,22
raw,M_TASKPOLICY_SIOWORKERBOUND_9EFBF9DD,356,332,24,16,8,0,14
raw,M_TASKPOLICY_SIORESIDENTCOUNT_72BFE78E,297,283,14,8,6,0,14
raw,M_TASKPOLICY_SIOREMOVED_B08060ED,945,920,25,8,12,5,18
raw,M_TASKPOLICY_DOSSLOTFOR_362EB215,242,226,16,12,4,0,12
raw,M_TASKPOLICY_DOSRESET_224DFB33,324,320,4,0,4,0,12
raw,M_TASKPOLICY_DOSCANREMOVE_DB41E74E,468,436,32,20,12,0,16
raw,M_TASKPOLICY_DOSCURRENT_4399DFDB,383,373,10,0,10,0,16
raw,M_TASKPOLICY_DOSINIT_97B41A44,1302,1240,62,48,14,0,30
raw,M_TASKPOLICY_DOSWORKERBOUND_DB9BCF66,319,295,24,16,8,0,16
raw,M_TASKPOLICY_DOSRESIDENTCOUNT_ABEF6AC1,246,232,14,8,6,0,14
raw,M_TASKPOLICY_DOSREMOVED_D36757B2,942,913,29,8,20,1,24
raw,M_TASKPOLICY_DOSPREPARE_61B1CC0D,743,735,8,0,8,0,22
raw,M_TASKPOLICY_DOSADMIT_DEA63DC3,999,965,34,8,24,2,26
raw,M_TASKPOLICY_DOSCONTROL_C7F82CE3,945,927,18,0,16,2,22
raw,M_TASKPOLICY_CONSOLEINIT_02CC0011,402,390,12,0,12,0,14
raw,M_TASKPOLICY_CONSOLESERVICE_C7B70ED2,131,117,14,8,6,0,4
raw,M_TASKPOLICY_CONSOLEPRODUCERBOUND_02AD29D1,295,277,18,12,6,0,14
raw,M_TASKPOLICY_CONSOLEFORGETBINDING_5044609F,254,252,2,0,2,0,14
raw,M_TASKPOLICY_CONSOLEPACKETVALID_068AA429,308,292,16,4,12,0,14
raw,M_TASKPOLICY_CONSOLEUNBIND_D1E0D209,531,515,16,0,16,0,22
raw,M_TASKPOLICY_CONSOLEPRODUCERCONTROL_28DEB132,260,252,8,0,8,0,10
raw,M_TASKPOLICY_CONSOLEBINDCONTROL_DC86D25B,1682,1634,48,4,44,0,22
raw,M_TASKPOLICY_CONSOLESTATE_630D302C,97,95,2,0,2,0,8
raw,M_TASKPOLICY_CONSOLEINSTANCE_9C722438,97,95,2,0,2,0,8
raw,M_TASKPOLICY_CONSOLENAMES_B9E6EA95,761,759,2,0,2,0,16
raw,M_TASKPOLICY_CONSOLENAME_0C46F590,235,231,4,0,4,0,12
raw,M_TASKPOLICY_CONSOLEDEVICE_34497CA3,161,149,12,8,4,0,12
raw,M_TASKPOLICY_CONSOLEBOUND_8755F553,411,383,28,16,12,0,16
raw,M_TASKPOLICY_CONSOLEOPEN_4090447D,1089,1061,28,8,14,6,22
raw,M_TASKPOLICY_CONSOLEIDLE_D6547573,517,499,18,0,18,0,8
raw,M_TASKPOLICY_CONSOLECLOSE_04E65EB3,647,635,12,0,12,0,14
raw,M_TASKPOLICY_CONSOLEIMMEDIATE_DAE617FC,1153,1081,72,40,30,2,18
raw,M_TASKPOLICY_CONSOLEENQUEUE_BE188809,1586,1552,34,4,26,4,30
raw,M_TASKPOLICY_CONSOLEWAKE_FE0543B3,211,205,6,0,6,0,8
raw,M_TASKPOLICY_CONSOLEABORT_CCCE9F0D,1169,1137,32,12,16,4,20
raw,M_TASKPOLICY_CONSOLEPREPARE_8098E872,889,881,8,0,8,0,22
raw,M_TASKPOLICY_CONSOLEADMIT_A01C3E0C,1688,1637,51,16,32,3,32
raw,M_TASKPOLICY_CONSOLETAKEARRIVAL_2A1E971F,917,896,21,4,16,1,16
raw,M_TASKPOLICY_CONSOLETAKEWRITE_96FEA12D,458,450,8,0,8,0,12
raw,M_TASKPOLICY_CONSOLEFINISH_F43924B4,1225,1175,50,12,34,4,20
raw,M_TASKPOLICY_CONSOLERUNNABLE_8934D92E,913,875,38,0,34,4,16
raw,M_TASKPOLICY_CONSOLESTOP_DAEB4759,591,574,17,0,16,1,8
raw,M_TASKPOLICY_CONSOLEWORKERCONTROL_3CA89D3E,1468,1425,43,0,40,3,28
raw,M_TASKPOLICY_CONSOLECHECKEXTENT_830BDAF3,307,301,6,0,6,0,16
raw,M_TASKPOLICY_CONSOLECONTROL_F218511C,1101,1075,26,0,24,2,26
raw,M_TASKPOLICY_CONSOLEWORKERBOUND_96318375,355,329,26,16,10,0,16
raw,M_TASKPOLICY_CONSOLERESIDENTCOUNT_6078C646,282,266,16,8,8,0,14
raw,M_TASKPOLICY_CONSOLECANREMOVE_6BA935F9,1109,1063,46,16,30,0,28
raw,M_TASKPOLICY_CONSOLEREMOVED_E0E10625,1047,1014,33,8,22,3,22
raw,M_TASKPOLICY_REQUESTVALID_195CAC51,2856,2725,131,8,112,11,8
raw,M_TASKPOLICY_ROUTE_3006B749,2300,2222,78,0,74,4,12
raw,M_TASKPOLICY_FINISHDISPATCH_46CD5A79,385,365,20,0,20,0,12
raw,M_TASKPOLICY_DISPATCH_2D7B283C,2017,1966,51,0,46,5,26
raw,M_CONSOLECORE_EXTENT_83D9960B,1158,901,257,192,64,1,32
raw,M_CONSOLECORE_INIT_F63331F9,823,793,30,0,30,0,22
raw,M_CONSOLECORE_DIRTY_4A63B073,169,163,6,0,6,0,10
raw,M_CONSOLECORE_EDITQUANTUM_E6CDEC54,813,797,16,0,12,4,24
raw,M_CONSOLECORE_NEWLINE_97A73E23,318,312,6,0,6,0,12
raw,M_CONSOLECORE_CHARACTER_94A5011A,1228,1192,36,0,28,8,18
raw,M_CONSOLECORE_FEED_287D49E7,453,437,16,0,14,2,18
raw,M_CONSOLEINPUT_INIT_5076ECFA,265,263,2,0,2,0,8
raw,M_CONSOLEINPUT_LOSE_42C88EE3,169,167,2,0,2,0,8
raw,M_CONSOLEINPUT_CLEAR_3DEF4D2B,224,220,4,0,4,0,8
raw,M_CONSOLEINPUT_DECODE_A428056C,1529,1427,102,60,40,2,26
raw,M_CONSOLEINPUT_DELIVER_8B43A137,617,601,16,0,16,0,16
raw,M_CONSOLEINPUT_PUMP_600356CC,449,424,25,8,14,3,18
raw,M_CONSOLEINPUT_READ_9E7D5EC6,659,646,13,0,10,3,24
raw,M_CONSOLEDISPLAY_GLYPH_DCC4F92E,201,197,4,0,4,0,12
raw,M_CONSOLEDISPLAY_LISTVALID_C50FC922,1232,1167,65,24,38,3,14
raw,M_CONSOLEDISPLAY_VALIDATE_33E36106,488,444,44,0,44,0,8
raw,M_CONSOLEDISPLAY_GEOMETRY_B00D0334,530,503,27,0,26,1,10
raw,M_CONSOLEDISPLAY_COPYSCREEN_6781A699,316,308,8,0,4,4,20
raw,M_CONSOLEDISPLAY_CLAIM_0FF5CDD8,1309,1251,58,28,30,0,16
raw,M_CONSOLEDISPLAY_RELEASE_C2AC22C5,411,405,6,0,6,0,12
raw,M_CONSOLEDISPLAY_POSITION_5668E3AD,199,169,30,24,6,0,8
raw,M_CONSOLEDISPLAY_CURSOR_3EC7579C,850,834,16,0,16,0,20
raw,M_CONSOLEDISPLAY_CELLS_58FB51DD,968,949,19,0,14,5,28
raw,M_CONSOLEDISPLAY_QUANTUM_5F98A18D,643,625,18,0,16,2,14
raw,M_CONSOLEDRIVER_GETSERVICE_BEE5E55D,97,95,2,0,2,0,8
raw,M_CONSOLEDRIVER_GETINSTANCE_7919D405,97,95,2,0,2,0,8
raw,M_CONSOLEDRIVER_MAPPED_DAA6A481,988,883,105,72,30,3,30
raw,M_CONSOLEDRIVER_VALIDATE_72D30322,1295,1202,93,60,30,3,18
raw,M_CONSOLEDRIVER_FINISHWRITE_E8555190,219,213,6,0,6,0,14
raw,M_CONSOLEDRIVER_WRITEQUANTUM_AEE13626,1518,1438,80,44,34,2,28
raw,M_CONSOLEDRIVER_READQUANTUM_10EBF725,1116,1044,72,36,34,2,26
raw,M_CONSOLEDRIVER_ARRIVAL_EC6B7DA9,408,392,16,4,12,0,16
raw,M_CONSOLEDRIVER_INITIALIZE_D6CB2592,1952,1870,82,24,56,2,28
raw,M_CONSOLEDRIVER_FREESTORAGE_02676B4B,867,842,25,8,14,3,12
raw,M_CONSOLEDRIVER_WORKER_589B3ABC,1832,1777,55,4,48,3,28
raw,M_CONSOLEDRIVER_START_3E6AAC44,528,502,26,12,12,2,18
raw,M_CONSOLEDRIVER_STOP_093D3500,377,360,17,4,12,1,18
raw,M_PORTCORE_CREATEMSGPORT_A47550A3,1006,987,19,4,14,1,18
raw,M_PORTCORE_DELETEMSGPORT_9136F7C6,337,323,14,4,10,0,10
raw,M_SIODRIVER_SIOMAPPED_D1D9A9D6,988,883,105,72,30,3,30
raw,M_SIODRIVER_PAYLOADLENGTH_9F5C9B06,592,524,68,40,28,0,10
raw,M_SIODRIVER_SIOVALIDATE_7D355271,1925,1753,172,100,70,2,16
raw,M_SIODRIVER_DEADLINETICKS_83CDA5CA,918,790,128,100,26,2,28
raw,M_SIODRIVER_PREPARE_D10BF723,1257,1245,12,0,10,2,28
raw,M_SIODRIVER_HARDWAREINIT_3568BDA6,928,892,36,0,34,2,12
raw,M_SIODRIVER_RUNREQUEST_4500BA50,1676,1633,43,0,40,3,32
raw,M_SIODRIVER_WORKER_374ADF8C,1380,1327,53,8,42,3,22
raw,M_SIODRIVER_UNAVAILABLE_B7013E26,145,141,4,0,4,0,6
raw,M_SIODRIVER_MATCHES_AEE1C237,398,386,12,4,6,2,14
raw,M_SIODRIVER_START_4928F5B4,603,558,45,24,20,1,16
raw,M_SIODRIVER_STOP_B26AF28A,319,308,11,0,10,1,16
raw,M_IOCORE_OPENDEVICE_A2787528,338,328,10,0,10,0,22
raw,M_IOCORE_CREATEIOREQUEST_DE10015D,874,773,101,68,32,1,20
raw,M_IOCORE_DELETEIOREQUEST_93A87E78,278,266,12,4,8,0,16
raw,M_IOCORE_WAITIO_8CA35F61,574,538,36,24,10,2,24
raw,M_IOCORE_DOIO_173DC4A1,339,331,8,0,8,0,20
raw,M_DOSCLIENT_IOERR_BF9E8A97,175,171,4,0,4,0,12
raw,M_DOSCLIENT_SETERROR_F2B11A26,147,143,4,0,4,0,12
raw,M_DOSCLIENT_NEWCLIENT_41735729,1319,1300,19,8,10,1,18
raw,M_DOSCLIENT_ENSURE_1859B044,748,733,15,0,14,1,18
raw,M_DOSCLIENT_CLEARSELECTIONS_93A1D5D6,259,245,14,8,6,0,8
raw,M_DOSCLIENT_RELEASECONTEXT_90CB2A06,1844,1782,62,12,46,4,18
raw,M_DOSCLIENT_CHECKREPLY_4530772C,677,655,22,0,22,0,12
raw,M_DOSCLIENT_CALL_35DB3B22,1575,1521,54,16,38,0,24
raw,M_DOSOBJECTS_FIND_2E898C70,474,457,17,8,6,3,12
raw,M_DOSOBJECTS_LINK_9FA00D0F,401,395,6,0,6,0,16
raw,M_DOSOBJECTS_UNLINK_C978FCF4,797,772,25,8,14,3,22
raw,M_BLOCKWIRE_TRANSFER_0A2F17CC,132,128,4,0,4,0,8
raw,M_BLOCKIO_GEOMETRY_4529DFEE,622,539,83,40,40,3,10
raw,M_BLOCKIO_SECTORBYTES_B8369631,783,632,151,104,46,1,12
raw,M_BLOCKIO_MAPPED_A9EEA713,1048,936,112,76,34,2,30
raw,M_BLOCKIO_CREATE_DF5BA086,1286,1254,32,8,22,2,20
raw,M_BLOCKIO_DESTROY_0CC5CBD8,650,622,28,8,20,0,8
raw,M_BLOCKIO_DEVICENAME_55BC3EC3,741,739,2,0,2,0,4
raw,M_BLOCKIO_OPENVOLUME_36B90798,1129,1104,25,8,16,1,26
raw,M_BLOCKIO_ATTACH_A1159825,1390,1355,35,12,22,1,20
raw,M_BLOCKIO_DETACH_FC4FFB83,772,744,28,4,24,0,12
raw,M_BLOCKIO_INVALIDATE_E4DCC90F,113,111,2,0,2,0,8
raw,M_BLOCKIO_CACHED_7ABF0DB0,681,652,29,0,26,3,12
raw,M_BLOCKIO_PUBLISH_42B93901,472,470,2,0,2,0,12
raw,M_BLOCKIO_PREPARE_810BFFA1,654,626,28,24,4,0,16
raw,M_BLOCKIO_COMPLETE_80F6A54F,848,824,24,8,14,2,18
raw,M_BLOCKIO_CHECK_A5B41A2A,966,928,38,12,24,2,16
raw,M_BLOCKIO_BEGINFETCH_6B9D7F07,739,729,10,0,10,0,28
raw,M_BLOCKIO_FINISHFETCH_D55D2AA5,572,558,14,4,10,0,28
raw,M_BLOCKIO_FETCH_124BDACE,552,536,16,4,12,0,24
raw,M_BLOCKIO_READSECTOR_D918C668,1343,1265,78,40,34,4,26
raw,M_MYDOSNAMES_LEGAL_C9AD70C6,198,184,14,0,14,0,2
raw,M_MYDOSNAMES_FOLD_297622C6,159,153,6,0,6,0,2
raw,M_MYDOSNAMES_STORED_9F1E578A,656,633,23,0,18,5,8
raw,M_MYDOSNAMES_MATCH_52630F12,595,581,14,0,12,2,8
raw,M_MYDOSNAMES_COMPONENT_FF2F5328,1438,1391,47,0,38,9,16
raw,M_FSNAMES_STREAM_12DD2A4A,2438,2381,57,0,42,15,6
raw,M_FSNAMES_MAPPED_324F42A3,872,701,171,128,42,1,24
raw,M_FSNAMES_PATH_CFBF830F,1353,1202,151,84,58,9,32
raw,M_FSNAMES_ALIAS_A2F2B006,508,488,20,4,14,2,12
raw,M_FSNAMES_SAMEALIAS_76260CCC,491,479,12,0,10,2,8
raw,M_FSNAMES_VALIDALIAS_36EB4E14,492,469,23,8,12,3,10
raw,M_DOSSTREAMS_VALIDMODE_6A43AE29,315,265,50,36,14,0,12
raw,M_DOSSTREAMS_VALIDBUFFER_D67D80FE,565,507,58,36,22,0,12
raw,M_DOSSTREAMS_OPENNIL_7EDE8F17,758,744,14,4,10,0,20
raw,M_DOSSTREAMS_TRANSFERNIL_E7EA5C2C,515,499,16,4,12,0,8
raw,M_DOSSTREAMS_CLOSENIL_3520E24B,661,641,20,4,16,0,16
raw,M_DOSRAW_GETREGISTRY_976423CC,97,95,2,0,2,0,8
raw,M_DOSRAW_LIVE_14427091,629,594,35,16,18,1,18
raw,M_DOSRAW_INITIALIZE_D871F7B7,1458,1454,4,0,4,0,16
raw,M_DOSRAW_ROLLBACK_4A7594F5,215,209,6,0,6,0,4
raw,M_DOSRAW_ACQUIRE_CC49A145,2638,2566,72,12,54,6,34
raw,M_DOSRAW_OPEN_5F7F2547,1209,1183,26,8,16,2,20
raw,M_DOSRAW_VALIDEXTENT_84EF7CCB,635,585,50,28,20,2,20
raw,M_DOSRAW_RELEASEOPERATION_C2E80557,501,486,15,0,14,1,12
raw,M_DOSRAW_PREPARE_F51F1B68,2313,2259,54,12,36,6,18
raw,M_DOSRAW_COMPLETE_0FD428DA,1536,1431,105,56,48,1,30
raw,M_DOSRAW_CLOSEDEVICE_DECAF50F,186,182,4,0,4,0,8
raw,M_DOSRAW_CLOSE_4F38859D,2256,2197,59,4,52,3,24
raw,M_FSREGISTRY_GETREGISTRY_3C838C00,165,161,4,0,4,0,8
raw,M_FSREGISTRY_SERVICE_31663004,187,183,4,0,4,0,12
raw,M_FSREGISTRY_RETAIN_218C5FAC,277,269,8,0,8,0,12
raw,M_FSREGISTRY_RETAINBASE_94E5BA0B,534,521,13,0,10,3,18
raw,M_FSREGISTRY_RELEASE_E0E99364,193,187,6,0,6,0,10
raw,M_FSREGISTRY_LOOKUP_AD8B60C1,999,973,26,0,20,6,22
raw,M_FSREGISTRY_FINDOBJECT_780CC443,273,267,6,0,6,0,16
raw,M_FSREGISTRY_FROMHEADER_DCD07C60,498,480,18,8,10,0,16
raw,M_FSREGISTRY_STAMP_BE264D84,357,347,10,4,6,0,16
raw,M_DOSWIRE_ISPOINTER_E1AC855F,264,226,38,32,6,0,14
raw,M_FSLOCKS_TRAILER_B3BA463B,136,134,2,0,2,0,8
raw,M_FSLOCKS_TEXT_C72F70F3,177,175,2,0,2,0,12
raw,M_FSLOCKS_ALLOCATION_5B5A6C20,360,354,6,0,6,0,16
raw,M_FSLOCKS_ROOT_D04E0C54,681,677,4,0,2,2,20
raw,M_FSLOCKS_ADD_DEA4C903,483,479,4,0,4,0,12
raw,M_FSLOCKS_APPEND_3EC68462,1564,1531,33,0,26,7,14
raw,M_FSLOCKS_ALLOCATE_39B5BEE3,1222,1192,30,12,14,4,32
raw,M_FSPACKET_REPLY_F0943484,789,785,4,0,4,0,16
raw,M_FSPACKET_ERROR_61E70414,401,390,11,4,6,1,16
raw,M_FSPACKET_IDENTITY_6B3677B2,1647,1614,33,0,30,3,20
raw,M_FSPACKET_PUBLISHOPENSTEP_55EACFB5,1032,1014,18,8,8,2,22
raw,M_FSPACKET_CLOSESTEP_61A48B9C,835,813,22,4,18,0,18
raw,M_FSPORTS_CREATE_D9675AD2,645,631,14,4,10,0,18
raw,M_FSPORTS_DELETE_FC342961,176,170,6,0,6,0,8
raw,M_MYDOS_READPHYSICAL_AF05229A,667,661,6,0,6,0,24
raw,M_MYDOS_DATASECTOR_95277D3B,873,652,221,164,56,1,12
raw,M_MYDOS_VALIDDIRECTORY_1CF8F62E,745,650,95,64,30,1,20
raw,M_MYDOS_EXTENT_5BCD29B5,1741,1524,217,172,44,1,28
raw,M_MYDOS_HEADER_A95A323A,1135,1052,83,56,26,1,26
raw,M_MYDOS_BEGINMOUNT_AA58F6DF,514,464,50,36,14,0,10
raw,M_MYDOS_MOUNTBUFFERED_114678B9,402,396,6,0,6,0,16
raw,M_MYDOS_MOUNT_2B42A118,385,369,16,4,12,0,12
raw,M_MYDOS_COPYENTRY_C5D8D89C,307,303,4,0,2,2,18
raw,M_MYDOS_DECODE_69B6DF25,940,908,32,24,6,2,14
raw,M_MYDOS_LIVE_1E4E1377,678,658,20,0,18,2,14
raw,M_MYDOS_BUFFEREDENTRY_DC465C80,807,783,24,12,12,0,26
raw,M_MYDOS_BEGINENTRY_95F170F4,727,702,25,12,12,1,12
raw,M_MYDOS_GETENTRY_7D00AFBD,457,441,16,4,12,0,14
raw,M_MYDOS_SELECTMATCH_8984C9A2,807,795,12,0,8,4,14
raw,M_MYDOS_CHOOSE_61B23C5E,507,493,14,0,14,0,12
raw,M_MYDOS_STARTDIRECTORY_E432AEF2,164,162,2,0,2,0,12
raw,M_MYDOS_DESCEND_C497F8DD,1278,1183,95,64,28,3,32
raw,M_MYDOS_ROOTENTRY_E3F00029,385,381,4,0,2,2,10
raw,M_MYDOS_STARTRESOLVE_24B3B079,1078,1056,22,4,16,2,12
raw,M_MYDOS_RESOLVECOMPONENT_8F2130C4,222,214,8,0,8,0,4
raw,M_MYDOS_BEGINRESOLVE_3F47247C,304,296,8,0,8,0,10
raw,M_MYDOS_RESOLVESTEP_4ADA26D9,1023,978,45,12,28,5,14
raw,M_MYDOS_RESOLVE_25FA7BCB,549,528,21,4,14,3,14
raw,M_FSINIT_CONFIG_A7C873FA,3028,2945,83,36,42,5,24
raw,M_FSINIT_WORKSPACE_ED5E2107,672,654,18,8,10,0,16
raw,M_FSINIT_ARRIVAL_302FF83F,706,660,46,32,14,0,20
raw,M_FSINIT_ALLOCATEMOUNT_EF481898,1660,1628,32,16,14,2,32
raw,M_FSINIT_ALLOCATEBLOCK_5C0916F0,1044,1022,22,12,10,0,20
raw,M_FSINIT_PUBLISH_12D6516B,587,577,10,0,8,2,16
raw,M_FSINIT_FIRST_60F42DBA,295,289,6,0,6,0,12
raw,M_FSINIT_ADAPTERSTEP_4F860EAF,283,273,10,4,6,0,12
raw,M_FSINIT_WORKSPACESTEP_AC19D935,321,309,12,0,12,0,12
raw,M_FSINIT_MOUNTSTEP_D16E7745,366,358,8,0,8,0,12
raw,M_FSINIT_BLOCKSTEP_FC8F9559,320,312,8,0,8,0,12
raw,M_FSINIT_OPENEDSTEP_3B4623A1,787,777,10,0,8,2,16
raw,M_FSINIT_MOUNTEDSTEP_D00F6B02,1280,1251,29,4,22,3,16
raw,M_FSINIT_FAILED_4FB7E0CF,153,145,8,4,4,0,8
raw,M_FSINIT_ROLLBACKSTEP_8166A722,652,646,6,0,6,0,16
raw,M_FSINIT_DESTROYMOUNT_00D5D10B,1368,1331,37,4,28,5,14
raw,M_FSINIT_CLEANUP_26675F9E,1167,1142,25,0,20,5,14
raw,M_FSRELATIVE_VALIDATE_0372B7FC,2385,2264,121,64,50,7,34
raw,M_FSRELATIVE_SEED_FD9BA1BB,1263,1243,20,0,16,4,24
raw,M_FSRELATIVE_TRIM_C4B2DBD8,618,607,11,0,8,3,12
raw,M_FSRELATIVE_ROOT_94E4441A,504,495,9,0,8,1,12
raw,M_FSRELATIVE_BEGIN_CB9D8F8D,3787,3714,73,12,50,11,34
raw,M_FSRELATIVE_PARENTRESULT_7CE6B959,2619,2564,55,12,32,11,20
raw,M_FSINFO_ENUMERATIONSTATE_A9C412AA,156,154,2,0,2,0,12
raw,M_FSINFO_CLEAR_E168B3AB,202,196,6,0,6,0,14
raw,M_FSINFO_NAME_B42C963D,1703,1683,20,0,10,10,14
raw,M_FSINFO_FILL_CDFFBE8F,607,594,13,4,8,1,12
raw,M_FSINFO_SAVE_B1E7031F,438,434,4,0,4,0,16
raw,M_MYDOSFILE_RESTART_75C66A72,434,432,2,0,2,0,12
raw,M_MYDOSFILE_OPEN_0FD3469F,1574,1543,31,0,28,3,18
raw,M_MYDOSFILE_SECTORALLOWED_E72DFCC7,819,724,95,64,28,3,28
raw,M_MYDOSFILE_VISIT_2F7F40D0,998,915,83,64,18,1,16
raw,M_MYDOSFILE_TRAILER_58DD2DFC,891,856,35,24,10,1,28
raw,M_MYDOSFILE_LINK_86A70D17,830,740,90,64,24,2,18
raw,M_MYDOSFILE_VALIDATE_CCD11D35,1150,1078,72,32,36,4,16
raw,M_MYDOSFILE_FAIL_8A60C23B,363,355,8,4,4,0,12
raw,M_MYDOSFILE_FINISH_E4A712C2,479,475,4,0,2,2,16
raw,M_MYDOSFILE_ADVANCE_71346BED,283,281,2,0,2,0,16
raw,M_MYDOSFILE_BEGIN_902FB340,423,415,8,4,4,0,12
raw,M_MYDOSFILE_BEGINREAD_56DCAA56,1903,1787,116,72,40,4,18
raw,M_MYDOSFILE_TARGET_3D0FAE04,1754,1570,184,132,46,6,18
raw,M_MYDOSFILE_BEGINSEEK_007E9A86,1159,1127,32,12,16,4,12
raw,M_MYDOSFILE_LOCATE_F172D4F1,1064,1012,52,32,18,2,22
raw,M_MYDOSFILE_COPY_B45932A2,619,611,8,0,6,2,26
raw,M_MYDOSFILE_CONSUME_CDF927EF,1153,1092,61,36,24,1,20
raw,M_MYDOSFILE_CONTINUEOPERATION_DDF4199B,1069,1049,20,0,16,4,14
raw,M_MYDOSFILE_RUN_01B89F42,570,553,17,4,10,3,14
raw,M_FSDIRECTORY_LOCKCURSORSTEP_29BACC3E,868,858,10,0,8,2,16
raw,M_FSDIRECTORY_SELECTSTEP_815DA095,1227,1200,27,8,16,3,20
raw,M_FSDIRECTORY_INFOSTEP_3CC6E53D,811,793,18,4,12,2,16
raw,M_FSDIRECTORY_RESTORESTEP_8AADA789,1257,1239,18,4,10,4,16
raw,M_FSDIRECTORY_STATESTEP_73ED4FBC,988,968,20,0,16,4,18
raw,M_FSDIRECTORY_END_806A2136,329,323,6,0,6,0,12
raw,M_FSDIRECTORY_ENTRYSTEP_D4EA4ABB,642,631,11,0,10,1,16
raw,M_FSDIRECTORY_ENTRYRESULTSTEP_4C458A60,895,879,16,0,14,2,16
raw,M_FSDIRECTORY_SIZESTEP_0C182F8A,1052,1034,18,4,10,4,16
raw,M_FSDIRECTORY_SIZESTARTSTEP_F40FBDAE,279,275,4,0,4,0,16
raw,M_FSDIRECTORY_SIZECONTINUESTEP_1EAFA525,951,937,14,0,12,2,16
raw,M_FSDIRECTORY_CLEARSTEP_2A4A8FB8,226,222,4,0,4,0,12
raw,M_FSDIRECTORY_NAMESTEP_97C5C3EC,361,357,4,0,4,0,20
raw,M_FSDIRECTORY_FILLSTEP_E0581636,355,351,4,0,4,0,20
raw,M_FSDIRECTORY_PUBLISHSTEP_CC8DC0F6,448,436,12,4,8,0,16
raw,M_FSIO_BEGIN_68AD59C5,680,674,6,0,6,0,18
raw,M_FSIO_COMPLETE_3A967BA3,735,724,11,0,10,1,24
raw,M_FSIO_OFFLINE_B7567A31,491,480,11,0,8,3,16
raw,M_FSHANDLER_OPENRESULTSTEP_0C25E5DB,1403,1361,42,16,22,4,16
raw,M_FSHANDLER_CURSORSTEP_0CA2CA5E,756,745,11,0,10,1,16
raw,M_FSHANDLER_OPENSTEP_A7675710,1089,1072,17,0,14,3,18
raw,M_FSHANDLER_LOCKSTEP_E0A0D2D5,648,631,17,4,12,1,16
raw,M_FSHANDLER_RESOLVESTARTSTEP_40B69900,240,236,4,0,4,0,12
raw,M_FSHANDLER_RESOLVEREADYSTEP_BDBFDED1,270,264,6,0,6,0,16
raw,M_FSHANDLER_OPERATIONRESULT_4184CBFA,739,732,7,0,6,1,12
raw,M_FSHANDLER_FILESELECTSTEP_BED2DD8A,1388,1357,31,12,16,3,20
raw,M_FSHANDLER_ARGUMENTSSTEP_DD745A90,1015,1002,13,4,6,3,16
raw,M_FSHANDLER_READSTEP_5B9B1990,299,293,6,0,6,0,12
raw,M_FSHANDLER_SEEKSTEP_90261C60,299,293,6,0,6,0,12
raw,M_FSHANDLER_DISPATCHSTEP_D149BF3A,873,843,30,16,14,0,20
raw,M_FSHANDLER_MEDIASTEP_8DCF2858,918,898,20,4,12,4,20
raw,M_FSHANDLER_ACTIONSTEP_7D527A4E,924,846,78,44,34,0,18
raw,M_FSHANDLER_TAKESTEP_E4E18A11,871,857,14,0,10,4,22
raw,M_FSHANDLER_COMPONENTSTEP_389CA8B9,414,407,7,0,6,1,16
raw,M_FSHANDLER_RESOLVESTEP_D6E79D38,1061,1037,24,0,20,4,16
raw,M_FSHANDLER_FILESTEP_A93D50C2,523,512,11,0,10,1,16
raw,M_FSWORKER_WORKER_2BB473B0,1666,1612,54,12,36,6,38
raw,M_FSWORKER_FINISH_EC2E5E2B,452,442,10,0,10,0,12
raw,M_FSMOUNT_DISPATCH_FD59F08F,460,456,4,0,4,0,24
raw,M_FSMOUNT_SELECTSTEP_8E807607,1468,1355,113,76,34,3,28
raw,M_FSMOUNT_COMMANDSTEP_B1883B1A,803,767,36,16,18,2,22
raw,M_FSMOUNT_REMOVESTEP_BBB2975B,902,883,19,4,12,3,12
raw,M_FSMOUNT_DESTROYSTEP_4CF540E7,381,369,12,4,8,0,16
raw,M_FSMUX_CONTROL_16FCB25F,369,359,10,4,6,0,16
raw,M_FSMUX_TAKE_F08F7501,550,535,15,0,14,1,12
raw,M_FSBOOT_BEGINSERVICE_BC5D2672,877,858,19,8,10,1,20
raw,M_FSBOOT_ENSURE_06ED6F00,1002,949,53,12,38,3,16
raw,M_FSBOOT_STOP_AD5246E2,1717,1664,53,4,46,3,30
raw,M_DOSCALLS_ARGUMENTS_D4B63738,383,381,2,0,2,0,12
raw,M_DOSCALLS_NAMEARGUMENTS_4FEB00BB,407,393,14,8,4,2,12
raw,M_DOSCALLS_ACQUIRE_C423433E,2247,2175,72,24,44,4,46
raw,M_DOSCALLS_CONFIGURED_B6EDEF76,610,594,16,0,14,2,20
raw,M_DOSCALLS_DESTINATION_E6EBC832,906,872,34,4,28,2,12
raw,M_DOSCALLS_OPEN_390423B6,1386,1335,51,12,38,1,22
raw,M_DOSCALLS_LOCK_DE185F87,734,710,24,4,20,0,20
raw,M_DOSCALLS_BADOBJECT_51D88018,219,209,10,0,10,0,6
raw,M_DOSCALLS_OBJECT_E89E37D3,510,491,19,0,18,1,16
raw,M_DOSCALLS_FILE_E8D1DABC,760,741,19,4,14,1,16
raw,M_DOSCALLS_READ_BEE8BE36,2239,2155,84,40,40,4,42
raw,M_DOSCALLS_WRITE_8E98A1A7,2402,2295,107,52,50,5,32
raw,M_DOSCALLS_SEEK_17FC33E6,1685,1610,75,36,36,3,34
raw,M_DOSCALLS_CLOSE_97169B3A,1346,1302,44,16,26,2,34
raw,M_DOSCALLS_UNLOCK_2871018C,898,854,44,20,24,0,34
raw,M_DOSCALLS_INFORMATION_13F25DEC,921,891,30,12,18,0,34
raw,M_DOSCALLS_SELECTED_604EA3D9,393,381,12,4,8,0,14
raw,M_DOSCALLS_SELECTIONREADY_28C831A1,316,308,8,0,8,0,12
raw,M_DOSCALLS_LIVESELECTION_2BE04852,615,587,28,8,18,2,12
raw,M_DOSCALLS_SELECT_1EDDE386,777,759,18,0,16,2,18
raw,M_DOSCALLS_DIRECTORY_C8028D6B,924,896,28,12,16,0,18
raw,M_DOSCALLS_CURRENTDIR_1AA7335E,1054,1023,31,8,22,1,24
raw,M_DOSCALLS_NAMEFROMLOCK_92457C4A,1906,1776,130,76,52,2,32
raw,M_DOSCALLS_ISINTERACTIVE_18CACEEA,642,622,20,4,16,0,14
raw,M_DOS_OPEN_87DAE823,187,183,4,0,4,0,12
raw,M_DOS_READ_BCD2228F,205,201,4,0,4,0,16
raw,M_DOS_WRITE_BE4FDE64,205,201,4,0,4,0,16
raw,M_DOS_SEEK_DE9F46FB,203,199,4,0,4,0,16
raw,M_DOS_CLOSE_4C224801,167,163,4,0,4,0,8
raw,M_DOS_IOERR_E649FF90,133,129,4,0,4,0,6
raw,M_DOS_RELEASECONTEXT_9DB9F883,133,129,4,0,4,0,6
raw,M_DOS_LOCK_4DEC517E,187,183,4,0,4,0,12
raw,M_DOS_UNLOCK_74209499,126,122,4,0,4,0,8
raw,M_DOS_EXAMINE_1F15C1B0,225,221,4,0,4,0,16
raw,M_DOS_EXNEXT_623C7B53,225,221,4,0,4,0,16
raw,M_DOS_INPUT_41B1DDE9,151,147,4,0,4,0,8
raw,M_DOS_OUTPUT_DF7018DC,151,147,4,0,4,0,8
raw,M_DOS_SELECTINPUT_FF0F4771,189,185,4,0,4,0,8
raw,M_DOS_SELECTOUTPUT_3A928904,189,185,4,0,4,0,8
raw,M_DOS_ISINTERACTIVE_FD05AE49,167,163,4,0,4,0,8
raw,M_DOS_CURRENTDIR_764577CB,183,179,4,0,4,0,8
raw,M_DOS_NAMEFROMLOCK_8794AD67,205,201,4,0,4,0,16
raw,M_TASKINSPECT_SNAPSHOT_72A67CF0,1671,1626,45,16,22,7,32
raw,M_DEVICEINSPECT_SNAPSHOT_EBB6295F,1027,1000,27,4,22,1,18
raw,M_FSINSPECT_SNAPSHOT_873CF8A6,1624,1583,41,4,26,11,26
raw,M_SHELLAPP_SHELLLINE_DC60634C,150,148,2,0,2,0,12
raw,M_SHELLAPP_SHELLDRAWBUFFER_B9163ABE,168,160,8,4,4,0,12
raw,M_SHELLAPP_SHELLSCRATCH_1695768C,168,160,8,4,4,0,12
raw,M_SHELLAPP_SHELLTRANSFER_C9C879BF,168,160,8,4,4,0,12
raw,M_SHELLAPP_SHELLFAIL_9D17A97C,340,326,14,8,6,0,10
raw,M_SHELLAPP_SHELLLENGTH_56CE75A6,179,171,8,0,8,0,12
raw,M_SHELLAPP_SHELLEQUAL_EF077ADE,498,482,16,4,10,2,14
raw,M_SHELLAPP_SHELLWRITE_F4A8AD7D,868,832,36,12,22,2,26
raw,M_SHELLAPP_SHELLBYTE_1EE28596,318,306,12,4,8,0,16
raw,M_SHELLAPP_SHELLTEXT_7D109071,211,205,6,0,6,0,16
raw,M_SHELLAPP_SHELLPASCAL_09C83940,243,239,4,0,4,0,12
raw,M_SHELLAPP_SHELLNUMBER_7C65BFBB,1328,1225,103,64,34,5,30
raw,M_SHELLAPP_SHELLDIAGNOSTIC_F84A4C35,530,517,13,4,8,1,12
raw,M_SHELLAPP_SHELLREDRAW_2EDE4915,1695,1673,22,0,16,6,34
raw,M_SHELLAPP_SHELLCLEAR_52BB640F,245,241,4,0,4,0,12
raw,M_SHELLAPP_SHELLPARSE_A4976CAB,5712,5519,193,4,166,23,30
raw,M_SHELLAPP_SHELLCHANGE_E2B81D98,1595,1546,49,8,38,3,24
raw,M_SHELLAPP_SHELLRELEASELOCK_7049A622,810,788,22,0,20,2,14
raw,M_SHELLAPP_SHELLDIR_EB67AED9,2851,2688,163,80,74,9,32
raw,M_SHELLAPP_SHELLCONVERT_8185A927,540,513,27,0,24,3,16
raw,M_SHELLAPP_SHELLCLOSECOMMANDINPUT_5DFC114D,449,433,16,4,10,2,10
raw,M_SHELLAPP_SHELLTYPE_D64CE23C,2555,2382,173,88,78,7,34
raw,M_SHELLAPP_SHELLMEM_399A3E7B,2241,2183,58,0,58,0,12
raw,M_SHELLAPP_SHELLTASKSTATE_6E5D5B16,404,387,17,0,16,1,12
raw,M_SHELLAPP_SHELLTASKS_1B8DD8E2,2228,2181,47,0,44,3,24
raw,M_SHELLAPP_SHELLDEVICES_E5FACF4D,1860,1808,52,0,46,6,22
raw,M_SHELLAPP_SHELLMOUNTS_13BE84C6,2042,1991,51,0,48,3,26
raw,M_SHELLAPP_SHELLUNREDIRECT_630E066D,2113,2050,63,16,38,9,14
raw,M_SHELLAPP_SHELLREDIRECT_BB31A89E,2392,2324,68,16,44,8,26
raw,M_SHELLAPP_SHELLDISPATCH_02D6964A,3433,3321,112,8,80,24,20
raw,M_SHELLAPP_SHELLCOMMAND_01DF848F,765,743,22,0,22,0,12
raw,M_SHELLAPP_SHELLFEED_19C6DEC4,2575,2507,68,0,52,16,16
raw,M_SHELLAPP_SHELLREADSTEP_5848FDA6,1559,1478,81,44,34,3,28
raw,M_SHELLAPP_SHELLOPEN_DC32811A,1581,1530,51,16,32,3,16
raw,M_SHELLAPP_SHELLINITIALPROMPT_9A2AE0BA,299,293,6,0,6,0,12
raw,M_SHELLAPP_SHELLSTART_D37857EA,363,345,18,4,14,0,4
raw,M_SHELLAPP_SHELLFINISH_77CE18A3,3531,3437,94,16,68,10,26
raw,M_SHELLAPP_SHELLBOOTSIO_1538A419,1156,1114,42,12,28,2,30
raw,M_SHELLAPP_SHELLBOOTSTART_6A4872BE,2989,2915,74,12,58,4,14
raw,M_SHELLAPP_MAIN_168A375D,292,278,14,0,14,0,6
opt,M_EXECMEMORY_VALIDBANK_E9E0A79B,69,65,4,0,4,0,2
opt,M_EXECMEMORY_VALIDOWNER_462B929A,90,82,8,0,8,0,2
opt,M_EXECMEMORY_ADOPT_494D3B99,906,872,34,0,30,4,8
opt,M_EXECMEMORY_QUERY_D2E34F9F,490,482,8,0,8,0,14
opt,M_EXECMEMORY_RESERVEEXACT_88D3D2C8,831,813,18,0,18,0,10
opt,M_EXECMEMORY_ACQUIRE_EAA019EB,566,555,11,0,8,3,10
opt,M_EXECMEMORY_RELEASE_A6E307FC,946,926,20,0,20,0,10
opt,M_EXECMEMORY_INIT_F4EA07E3,98,94,4,0,4,0,4
opt,M_EXECLISTS_NEWLIST_B3502541,245,243,2,0,2,0,12
opt,M_EXECLISTS_NEWMINLIST_A2695943,126,122,4,0,4,0,8
opt,M_EXECLISTS_ISLISTEMPTY_6EEB0796,204,192,12,8,4,0,12
opt,M_EXECLISTS_ISMINLISTEMPTY_6D517164,156,152,4,0,4,0,8
opt,M_EXECLISTS_ADDHEAD_3AE3E6E4,287,285,2,0,2,0,16
opt,M_EXECLISTS_ADDTAIL_A1C0F364,306,304,2,0,2,0,16
opt,M_EXECLISTS_INSERT_468B11BA,674,648,26,12,14,0,16
opt,M_EXECLISTS_REMOVE_2E26C2C1,111,109,2,0,2,0,0
opt,M_EXECLISTS_REMHEAD_F8063CE7,281,271,10,4,6,0,12
opt,M_EXECLISTS_REMTAIL_292EAA27,281,271,10,4,6,0,12
opt,M_EXECLISTS_ENQUEUE_763E1E61,512,503,9,0,6,3,20
opt,M_EXECLISTS_FINDNAME_2659CDBB,627,618,9,0,4,5,28
opt,M_HEAPCORE_ROUNDED_9D79FA03,371,319,52,36,16,0,10
opt,M_HEAPCORE_BOUNDS_2387CB05,1378,1181,197,136,60,1,24
opt,M_HEAPCORE_CHUNKADDRESS_A551D41B,656,562,94,64,30,0,20
opt,M_HEAPCORE_NEXTADDRESS_E32592FF,572,478,94,64,28,2,20
opt,M_HEAPCORE_CHUNKEND_0E0C27CE,945,883,62,36,26,0,28
opt,M_HEAPCORE_VALIDATE_B397AD34,579,567,12,0,10,2,26
opt,M_HEAPCORE_LINK_9B47F952,157,147,10,4,6,0,8
opt,M_HEAPCORE_WRITECHUNK_D768FC26,128,126,2,0,2,0,8
opt,M_HEAPCORE_SPLIT_B6117102,989,978,11,0,10,1,32
opt,M_HEAPCORE_CANDIDATE_07CF3557,473,428,45,32,12,1,20
opt,M_HEAPCORE_RESERVE_2192E9C0,1479,1293,186,132,50,4,32
opt,M_HEAPCORE_ALLOCATE_E39F1AF5,177,173,4,0,4,0,12
opt,M_HEAPCORE_LARGEST_AA9886E8,2072,1846,226,160,62,4,38
opt,M_HEAPCORE_INSERTFREE_129E41BB,1246,1221,25,12,8,5,24
opt,M_HEAPCORE_RETURNRANGE_11C95A83,1932,1660,272,192,76,4,28
opt,M_HEAPCORE_DEALLOCATE_60F97CF2,762,697,65,40,24,1,28
opt,M_HEAPPOLICY_GETSTATE_9B9EAF7C,85,83,2,0,2,0,4
opt,M_HEAPPOLICY_HEADER_A992FDFC,209,193,16,12,4,0,8
opt,M_HEAPPOLICY_SHUTDOWN_9E341637,491,479,12,0,10,2,14
opt,M_HEAPPOLICY_RUNS_07A33D25,301,287,14,0,12,2,18
opt,M_HEAPPOLICY_REGION_F42DC07D,1074,992,82,72,10,0,18
opt,M_HEAPPOLICY_START_1455FA91,1366,1304,62,0,54,8,28
opt,M_HEAPPOLICY_INIT_69D6AA0D,399,387,12,0,12,0,14
opt,M_HEAPPOLICY_FLAGSVALID_4BF22F96,458,442,16,4,12,0,20
opt,M_HEAPPOLICY_DESCRIPTOR_8971C45E,727,608,119,88,30,1,20
opt,M_HEAPPOLICY_VALIDATEREGIONS_C3A52ACE,1114,1074,40,0,38,2,36
opt,M_HEAPPOLICY_MATCHES_ACC95206,277,267,10,4,6,0,14
opt,M_HEAPPOLICY_RESERVE_42F2499D,1242,1160,82,44,34,4,34
opt,M_HEAPPOLICY_LOCATE_7B91FF59,889,796,93,64,26,3,30
opt,M_HEAPPOLICY_FREE_3EA2E1EF,948,862,86,48,38,0,30
opt,M_HEAPPOLICY_AVAIL_22774B2C,1849,1770,79,40,32,7,36
opt,M_HEAPPOLICY_MEMORYTYPE_D394B206,271,261,10,4,6,0,12
opt,M_HEAPPOLICY_VECTORBYTES_E6541B8F,407,353,54,36,18,0,16
opt,M_HEAPPOLICY_RESERVEVECTOR_C09ED6F4,308,296,12,4,8,0,18
opt,M_HEAPPOLICY_FREEVECTOR_698EC5DE,1582,1412,170,108,62,0,34
opt,M_TASKPOLICY_RECORDFOR_833E2B66,207,191,16,12,4,0,8
opt,M_TASKPOLICY_SAVEDWORD_D1C8E663,99,97,2,0,2,0,8
opt,M_TASKPOLICY_RESULT_DA2077E3,94,92,2,0,2,0,8
opt,M_TASKPOLICY_POINTERRESULT_E8D88610,298,280,18,12,6,0,12
opt,M_TASKPOLICY_ARGUMENTPOINTER_A19325C6,381,361,20,12,8,0,12
opt,M_TASKPOLICY_FLAGS_56B3B4FF,118,116,2,0,2,0,8
opt,M_TASKPOLICY_PROTECTED_FCDCE808,270,248,22,12,10,0,8
opt,M_TASKPOLICY_LOOKUP_41F6D1E4,765,679,86,52,34,0,16
opt,M_TASKPOLICY_WRITABLE_0565D862,871,747,124,84,36,4,24
opt,M_TASKPOLICY_AVAILABLERECORD_80983EA0,723,645,78,48,26,4,26
opt,M_TASKPOLICY_EMPTYMEMORY_C893BDB0,475,443,32,24,8,0,16
opt,M_TASKPOLICY_VALIDENTRY_58BA8A58,265,251,14,4,8,2,12
opt,M_TASKPOLICY_STACKSLOT_2A322EEA,1053,964,89,56,28,5,16
opt,M_TASKPOLICY_PREPARESTACK_1A1C583B,669,646,23,12,10,1,20
opt,M_TASKPOLICY_PREPAREDOMAIN_45DA3401,970,943,27,12,14,1,16
opt,M_TASKPOLICY_PREPAREFRAME_D5FF2FA0,553,543,10,0,10,0,22
opt,M_TASKPOLICY_SETSTATE_52D88FAF,167,163,4,0,4,0,12
opt,M_TASKPOLICY_READY_679992F5,364,356,8,0,8,0,16
opt,M_TASKPOLICY_INITSIGNALS_5C831CB9,518,514,4,0,4,0,12
opt,M_TASKPOLICY_ADMIT_CF1671AB,883,873,10,0,10,0,16
opt,M_TASKPOLICY_INIT_57A5FAC8,2429,2389,40,0,38,2,26
opt,M_TASKPOLICY_TIMEDCOUNT_C3B59E74,84,82,2,0,2,0,2
opt,M_TASKPOLICY_ADJUSTTIMED_DDC1BE1E,167,161,6,0,6,0,2
opt,M_TASKPOLICY_WAKE_9E9C7518,417,405,12,0,8,4,16
opt,M_TASKPOLICY_SELECT_1A709B3E,778,744,34,8,26,0,14
opt,M_TASKPOLICY_SWITCH_98522C9E,567,543,24,4,20,0,8
opt,M_TASKPOLICY_EMPTYSIGNALS_EA2224E4,429,377,52,40,12,0,10
opt,M_TASKPOLICY_ADD_A5E7C92B,1999,1936,63,0,62,1,36
opt,M_TASKPOLICY_REMOVETASK_35F29A21,1996,1926,70,12,56,2,18
opt,M_TASKPOLICY_SAMENAME_968CD62D,389,377,12,4,6,2,14
opt,M_TASKPOLICY_FIND_0D9A09D7,630,612,18,4,10,4,16
opt,M_TASKPOLICY_PRIORITY_7FE7EE8A,533,503,30,16,14,0,14
opt,M_TASKPOLICY_EXCLUSION_DFE541A6,448,436,12,0,12,0,16
opt,M_TASKPOLICY_SLEEPTASK_6A909BCC,922,896,26,0,26,0,16
opt,M_TASKPOLICY_MASKRESULT_220A6FAB,310,280,30,24,6,0,12
opt,M_TASKPOLICY_SIGNALBIT_7E52F9EF,204,176,28,24,4,0,10
opt,M_TASKPOLICY_ALLOCATEBIT_A349E154,746,719,27,4,20,3,20
opt,M_TASKPOLICY_MASKS_49833CE1,1269,1239,30,4,24,2,34
opt,M_TASKPOLICY_COMPLETEWAIT_31FB45E4,309,295,14,4,10,0,14
opt,M_TASKPOLICY_WAITTASK_AD94C4A2,553,537,16,0,16,0,22
opt,M_TASKPOLICY_POSTSIGNAL_10773240,354,344,10,0,10,0,12
opt,M_TASKPOLICY_SIGNALTASK_806F80F5,594,570,24,8,16,0,22
opt,M_TASKPOLICY_CANCELWAKE_8ADC984A,149,143,6,0,6,0,4
opt,M_TASKPOLICY_DRAINONE_68E56764,529,503,26,8,18,0,12
opt,M_TASKPOLICY_DRAINWAKES_15F017CB,368,355,13,0,12,1,4
opt,M_TASKPOLICY_BOUNDPRODUCER_6D7B4E54,602,564,38,12,24,2,8
opt,M_TASKPOLICY_PRODUCERCONTROL_52F9499B,1368,1322,46,8,36,2,22
opt,M_TASKPOLICY_MEMORYSERVICE_7FAD083C,207,181,26,16,10,0,4
opt,M_TASKPOLICY_MEMORYPACKET_B36B55BB,395,371,24,4,20,0,16
opt,M_TASKPOLICY_MEMORYCALL_E7816C43,1610,1570,40,0,34,6,32
opt,M_TASKPOLICY_PORTSERVICE_8D598BCC,131,117,14,8,6,0,4
opt,M_TASKPOLICY_INITPORTS_2CB7E92A,180,176,4,0,4,0,8
opt,M_TASKPOLICY_PORTSTORAGE_D3468DA2,290,242,48,36,12,0,10
opt,M_TASKPOLICY_VALIDPORT_7710F985,290,278,12,0,12,0,4
opt,M_TASKPOLICY_VALIDMESSAGE_C0DE7739,366,314,52,36,16,0,10
opt,M_TASKPOLICY_SENDMESSAGE_7332557D,894,868,26,4,20,2,20
opt,M_TASKPOLICY_PORTHEAD_A12A0751,754,728,26,0,26,0,16
opt,M_TASKPOLICY_PORTDELETE_CF47DFE6,829,801,28,4,24,0,22
opt,M_TASKPOLICY_REGISTRYCALL_6B5FFB7F,1163,1131,32,4,26,2,18
opt,M_TASKPOLICY_QUEUECALL_62B0545B,1180,1150,30,4,24,2,24
opt,M_TASKPOLICY_PORTCALL_70989793,1028,1001,27,0,24,3,24
opt,M_TASKPOLICY_IOSERVICE_1E6CF653,131,117,14,8,6,0,4
opt,M_TASKPOLICY_INITIONAMES_D8642B1E,1285,1283,2,0,2,0,8
opt,M_TASKPOLICY_INITIO_35D5D1E4,598,592,6,0,6,0,14
opt,M_TASKPOLICY_IOEXTENT_9818C08A,469,421,48,32,16,0,18
opt,M_TASKPOLICY_IOERROR_9413450C,208,202,6,0,6,0,14
opt,M_TASKPOLICY_IONAME_8B922013,206,196,10,4,6,0,8
opt,M_TASKPOLICY_IOBOUND_33A4879E,248,236,12,0,12,0,4
opt,M_TASKPOLICY_IOOPEN_15F8E966,812,792,20,0,20,0,14
opt,M_TASKPOLICY_IOOPENTEST_C4ABA6E6,197,193,4,0,4,0,12
opt,M_TASKPOLICY_IOCOMPLETE_88BA0BF3,409,402,7,0,6,1,20
opt,M_TASKPOLICY_IOWAITOWNER_63A51E9E,434,406,28,16,12,0,16
opt,M_TASKPOLICY_IOCOLLECT_D169FE6C,718,700,18,0,16,2,12
opt,M_TASKPOLICY_IOENQUEUE_EC975914,1346,1274,72,44,24,4,20
opt,M_TASKPOLICY_IOBEGIN_A0C610B5,1129,1092,37,4,32,1,14
opt,M_TASKPOLICY_IOTESTBEGIN_2E780855,677,650,27,4,20,3,14
opt,M_TASKPOLICY_IOABORT_1EC95CFC,1040,1006,34,8,26,0,18
opt,M_TASKPOLICY_IOWORKERCONTROL_3D43EE5B,774,748,26,4,20,2,10
opt,M_TASKPOLICY_IOCLAIM_E59988BA,507,493,14,4,10,0,16
opt,M_TASKPOLICY_IOTEST_D46D842E,34,32,2,0,2,0,0
opt,M_TASKPOLICY_IOTESTFINISH_35E02F77,637,626,11,0,10,1,20
opt,M_TASKPOLICY_IOCALL_78031962,1557,1513,44,0,40,4,28
opt,M_TASKPOLICY_IOREQUESTCALL_7ACD78BD,478,459,19,0,18,1,14
opt,M_TASKPOLICY_IOSETTLEDCALL_042AE5B9,1228,1188,40,8,30,2,18
opt,M_TASKPOLICY_INITSIOSTATE_10B63F2C,633,627,6,0,6,0,14
opt,M_TASKPOLICY_SIOBOUND_346E47DB,955,839,116,80,36,0,22
opt,M_TASKPOLICY_SIOOPEN_38E97F75,1435,1319,116,80,30,6,22
opt,M_TASKPOLICY_SIOCLOSE_4815C4E5,164,162,2,0,2,0,12
opt,M_TASKPOLICY_SIOENQUEUE_F49C65E1,732,718,14,0,12,2,24
opt,M_TASKPOLICY_SIOABORT_410D8B25,419,407,12,4,8,0,18
opt,M_TASKPOLICY_SIOPREPAREWORKER_A27B8738,750,742,8,0,8,0,20
opt,M_TASKPOLICY_SIOPREPAREBUS_A2AD2C52,487,483,4,0,4,0,12
opt,M_TASKPOLICY_SIOADMIT_DC2C0CF4,729,703,26,4,20,2,20
opt,M_TASKPOLICY_SIOTAKE_23947030,631,615,16,4,12,0,12
opt,M_TASKPOLICY_SIOFINISH_B1C2A78C,718,700,18,4,14,0,24
opt,M_TASKPOLICY_SIOSTOP_31FA5BA1,707,685,22,0,20,2,8
opt,M_TASKPOLICY_SIOWORKERCONTROL_ABEF18A6,1223,1183,40,4,34,2,14
opt,M_TASKPOLICY_SIOPAUSE_4B7D62A1,428,418,10,0,10,0,10
opt,M_TASKPOLICY_SIOCONTROL_0EC256A4,1098,1073,25,0,24,1,20
opt,M_TASKPOLICY_SIOWORKERBOUND_9EFBF9DD,283,259,24,16,8,0,12
opt,M_TASKPOLICY_SIORESIDENTCOUNT_72BFE78E,224,210,14,8,6,0,12
opt,M_TASKPOLICY_SIOREMOVED_B08060ED,819,794,25,8,12,5,12
opt,M_TASKPOLICY_DOSSLOTFOR_362EB215,226,210,16,12,4,0,8
opt,M_TASKPOLICY_DOSRESET_224DFB33,318,314,4,0,4,0,12
opt,M_TASKPOLICY_DOSCANREMOVE_DB41E74E,460,428,32,20,12,0,16
opt,M_TASKPOLICY_DOSCURRENT_4399DFDB,375,365,10,0,10,0,16
opt,M_TASKPOLICY_DOSINIT_97B41A44,1053,991,62,48,14,0,24
opt,M_TASKPOLICY_DOSWORKERBOUND_DB9BCF66,299,275,24,16,8,0,16
opt,M_TASKPOLICY_DOSRESIDENTCOUNT_ABEF6AC1,210,196,14,8,6,0,12
opt,M_TASKPOLICY_DOSREMOVED_D36757B2,829,800,29,8,20,1,20
opt,M_TASKPOLICY_DOSPREPARE_61B1CC0D,720,712,8,0,8,0,20
opt,M_TASKPOLICY_DOSADMIT_DEA63DC3,932,898,34,8,24,2,24
opt,M_TASKPOLICY_DOSCONTROL_C7F82CE3,925,907,18,0,16,2,22
opt,M_TASKPOLICY_CONSOLEINIT_02CC0011,296,284,12,0,12,0,10
opt,M_TASKPOLICY_CONSOLESERVICE_C7B70ED2,131,117,14,8,6,0,4
opt,M_TASKPOLICY_CONSOLEPRODUCERBOUND_02AD29D1,222,204,18,12,6,0,12
opt,M_TASKPOLICY_CONSOLEFORGETBINDING_5044609F,183,181,2,0,2,0,8
opt,M_TASKPOLICY_CONSOLEPACKETVALID_068AA429,295,279,16,4,12,0,14
opt,M_TASKPOLICY_CONSOLEUNBIND_D1E0D209,513,497,16,0,16,0,12
opt,M_TASKPOLICY_CONSOLEPRODUCERCONTROL_28DEB132,260,252,8,0,8,0,10
opt,M_TASKPOLICY_CONSOLEBINDCONTROL_DC86D25B,1541,1493,48,4,44,0,22
opt,M_TASKPOLICY_CONSOLESTATE_630D302C,85,83,2,0,2,0,4
opt,M_TASKPOLICY_CONSOLEINSTANCE_9C722438,85,83,2,0,2,0,4
opt,M_TASKPOLICY_CONSOLENAMES_B9E6EA95,672,670,2,0,2,0,12
opt,M_TASKPOLICY_CONSOLENAME_0C46F590,170,166,4,0,4,0,8
opt,M_TASKPOLICY_CONSOLEDEVICE_34497CA3,149,137,12,8,4,0,8
opt,M_TASKPOLICY_CONSOLEBOUND_8755F553,411,383,28,16,12,0,16
opt,M_TASKPOLICY_CONSOLEOPEN_4090447D,1018,990,28,8,14,6,22
opt,M_TASKPOLICY_CONSOLEIDLE_D6547573,517,499,18,0,18,0,8
opt,M_TASKPOLICY_CONSOLECLOSE_04E65EB3,643,631,12,0,12,0,14
opt,M_TASKPOLICY_CONSOLEIMMEDIATE_DAE617FC,872,800,72,40,30,2,14
opt,M_TASKPOLICY_CONSOLEENQUEUE_BE188809,1520,1486,34,4,26,4,30
opt,M_TASKPOLICY_CONSOLEWAKE_FE0543B3,211,205,6,0,6,0,8
opt,M_TASKPOLICY_CONSOLEABORT_CCCE9F0D,1153,1121,32,12,16,4,20
opt,M_TASKPOLICY_CONSOLEPREPARE_8098E872,801,793,8,0,8,0,20
opt,M_TASKPOLICY_CONSOLEADMIT_A01C3E0C,1624,1573,51,16,32,3,30
opt,M_TASKPOLICY_CONSOLETAKEARRIVAL_2A1E971F,881,860,21,4,16,1,16
opt,M_TASKPOLICY_CONSOLETAKEWRITE_96FEA12D,450,442,8,0,8,0,12
opt,M_TASKPOLICY_CONSOLEFINISH_F43924B4,1187,1137,50,12,34,4,20
opt,M_TASKPOLICY_CONSOLERUNNABLE_8934D92E,894,856,38,0,34,4,16
opt,M_TASKPOLICY_CONSOLESTOP_DAEB4759,563,546,17,0,16,1,8
opt,M_TASKPOLICY_CONSOLEWORKERCONTROL_3CA89D3E,1392,1349,43,0,40,3,26
opt,M_TASKPOLICY_CONSOLECHECKEXTENT_830BDAF3,307,301,6,0,6,0,16
opt,M_TASKPOLICY_CONSOLECONTROL_F218511C,1082,1056,26,0,24,2,26
opt,M_TASKPOLICY_CONSOLEWORKERBOUND_96318375,347,321,26,16,10,0,16
opt,M_TASKPOLICY_CONSOLERESIDENTCOUNT_6078C646,258,242,16,8,8,0,12
opt,M_TASKPOLICY_CONSOLECANREMOVE_6BA935F9,1012,966,46,16,30,0,24
opt,M_TASKPOLICY_CONSOLEREMOVED_E0E10625,1005,972,33,8,22,3,18
opt,M_TASKPOLICY_REQUESTVALID_195CAC51,2740,2608,132,8,114,10,6
opt,M_TASKPOLICY_ROUTE_3006B749,2298,2220,78,0,74,4,12
opt,M_TASKPOLICY_FINISHDISPATCH_46CD5A79,368,348,20,0,20,0,12
opt,M_TASKPOLICY_DISPATCH_2D7B283C,1953,1902,51,0,46,5,22
opt,M_CONSOLECORE_EXTENT_83D9960B,1106,849,257,192,64,1,28
opt,M_CONSOLECORE_INIT_F63331F9,732,702,30,0,30,0,16
opt,M_CONSOLECORE_DIRTY_4A63B073,169,163,6,0,6,0,10
opt,M_CONSOLECORE_EDITQUANTUM_E6CDEC54,757,741,16,0,12,4,20
opt,M_CONSOLECORE_NEWLINE_97A73E23,308,302,6,0,6,0,12
opt,M_CONSOLECORE_CHARACTER_94A5011A,1206,1170,36,0,28,8,16
opt,M_CONSOLECORE_FEED_287D49E7,426,412,14,0,12,2,16
opt,M_CONSOLEINPUT_INIT_5076ECFA,214,212,2,0,2,0,8
opt,M_CONSOLEINPUT_LOSE_42C88EE3,142,140,2,0,2,0,4
opt,M_CONSOLEINPUT_CLEAR_3DEF4D2B,221,217,4,0,4,0,4
opt,M_CONSOLEINPUT_DECODE_A428056C,1392,1288,104,60,44,0,22
opt,M_CONSOLEINPUT_DELIVER_8B43A137,598,582,16,0,16,0,16
opt,M_CONSOLEINPUT_PUMP_600356CC,360,336,24,8,14,2,12
opt,M_CONSOLEINPUT_READ_9E7D5EC6,591,578,13,0,10,3,22
opt,M_CONSOLEDISPLAY_GLYPH_DCC4F92E,189,185,4,0,4,0,10
opt,M_CONSOLEDISPLAY_LISTVALID_C50FC922,1114,1049,65,24,38,3,12
opt,M_CONSOLEDISPLAY_VALIDATE_33E36106,488,444,44,0,44,0,8
opt,M_CONSOLEDISPLAY_GEOMETRY_B00D0334,486,458,28,0,28,0,10
opt,M_CONSOLEDISPLAY_COPYSCREEN_6781A699,284,276,8,0,4,4,16
opt,M_CONSOLEDISPLAY_CLAIM_0FF5CDD8,1284,1226,58,28,30,0,16
opt,M_CONSOLEDISPLAY_RELEASE_C2AC22C5,411,405,6,0,6,0,12
opt,M_CONSOLEDISPLAY_POSITION_5668E3AD,199,169,30,24,6,0,8
opt,M_CONSOLEDISPLAY_CURSOR_3EC7579C,842,826,16,0,16,0,18
opt,M_CONSOLEDISPLAY_CELLS_58FB51DD,883,864,19,0,14,5,28
opt,M_CONSOLEDISPLAY_QUANTUM_5F98A18D,643,625,18,0,16,2,14
opt,M_CONSOLEDRIVER_GETSERVICE_BEE5E55D,85,83,2,0,2,0,4
opt,M_CONSOLEDRIVER_GETINSTANCE_7919D405,85,83,2,0,2,0,4
opt,M_CONSOLEDRIVER_MAPPED_DAA6A481,908,803,105,72,30,3,24
opt,M_CONSOLEDRIVER_VALIDATE_72D30322,1047,954,93,60,30,3,14
opt,M_CONSOLEDRIVER_FINISHWRITE_E8555190,203,197,6,0,6,0,8
opt,M_CONSOLEDRIVER_WRITEQUANTUM_AEE13626,1464,1384,80,44,34,2,28
opt,M_CONSOLEDRIVER_READQUANTUM_10EBF725,1057,984,73,36,36,1,22
opt,M_CONSOLEDRIVER_ARRIVAL_EC6B7DA9,392,376,16,4,12,0,12
opt,M_CONSOLEDRIVER_INITIALIZE_D6CB2592,1788,1724,64,12,50,2,26
opt,M_CONSOLEDRIVER_FREESTORAGE_02676B4B,785,772,13,0,10,3,12
opt,M_CONSOLEDRIVER_WORKER_589B3ABC,1631,1576,55,4,48,3,16
opt,M_CONSOLEDRIVER_START_3E6AAC44,403,377,26,12,12,2,8
opt,M_CONSOLEDRIVER_STOP_093D3500,306,289,17,4,12,1,6
opt,M_PORTCORE_CREATEMSGPORT_A47550A3,920,901,19,4,14,1,12
opt,M_PORTCORE_DELETEMSGPORT_9136F7C6,315,301,14,4,10,0,8
opt,M_SIODRIVER_SIOMAPPED_D1D9A9D6,908,803,105,72,30,3,24
opt,M_SIODRIVER_PAYLOADLENGTH_9F5C9B06,508,446,62,36,26,0,8
opt,M_SIODRIVER_SIOVALIDATE_7D355271,1488,1321,167,96,70,1,16
opt,M_SIODRIVER_DEADLINETICKS_83CDA5CA,724,628,96,72,22,2,32
opt,M_SIODRIVER_PREPARE_D10BF723,1121,1109,12,0,10,2,20
opt,M_SIODRIVER_HARDWAREINIT_3568BDA6,886,852,34,0,32,2,6
opt,M_SIODRIVER_RUNREQUEST_4500BA50,1523,1479,44,0,42,2,12
opt,M_SIODRIVER_WORKER_374ADF8C,1286,1233,53,8,42,3,12
opt,M_SIODRIVER_UNAVAILABLE_B7013E26,145,141,4,0,4,0,6
opt,M_SIODRIVER_MATCHES_AEE1C237,321,309,12,4,6,2,12
opt,M_SIODRIVER_START_4928F5B4,457,412,45,24,20,1,8
opt,M_SIODRIVER_STOP_B26AF28A,283,272,11,0,10,1,6
opt,M_IOCORE_OPENDEVICE_A2787528,330,320,10,0,10,0,20
opt,M_IOCORE_CREATEIOREQUEST_DE10015D,769,668,101,68,32,1,16
opt,M_IOCORE_DELETEIOREQUEST_93A87E78,278,266,12,4,8,0,16
opt,M_IOCORE_WAITIO_8CA35F61,550,514,36,24,10,2,14
opt,M_IOCORE_DOIO_173DC4A1,299,291,8,0,8,0,16
opt,M_DOSCLIENT_IOERR_BF9E8A97,159,155,4,0,4,0,8
opt,M_DOSCLIENT_SETERROR_F2B11A26,131,127,4,0,4,0,8
opt,M_DOSCLIENT_NEWCLIENT_41735729,1212,1193,19,8,10,1,16
opt,M_DOSCLIENT_ENSURE_1859B044,736,721,15,0,14,1,18
opt,M_DOSCLIENT_CLEARSELECTIONS_93A1D5D6,259,245,14,8,6,0,8
opt,M_DOSCLIENT_RELEASECONTEXT_90CB2A06,1695,1645,50,4,42,4,18
opt,M_DOSCLIENT_CHECKREPLY_4530772C,677,655,22,0,22,0,12
opt,M_DOSCLIENT_CALL_35DB3B22,1511,1463,48,12,36,0,24
opt,M_DOSOBJECTS_FIND_2E898C70,458,441,17,8,6,3,16
opt,M_DOSOBJECTS_LINK_9FA00D0F,393,387,6,0,6,0,16
opt,M_DOSOBJECTS_UNLINK_C978FCF4,786,761,25,8,14,3,22
opt,M_BLOCKWIRE_TRANSFER_0A2F17CC,132,128,4,0,4,0,8
opt,M_BLOCKIO_GEOMETRY_4529DFEE,453,369,84,40,42,2,6
opt,M_BLOCKIO_SECTORBYTES_B8369631,715,564,151,104,46,1,12
opt,M_BLOCKIO_MAPPED_A9EEA713,948,836,112,76,34,2,24
opt,M_BLOCKIO_CREATE_DF5BA086,1144,1118,26,4,20,2,16
opt,M_BLOCKIO_DESTROY_0CC5CBD8,603,581,22,4,18,0,8
opt,M_BLOCKIO_DEVICENAME_55BC3EC3,661,659,2,0,2,0,4
opt,M_BLOCKIO_OPENVOLUME_36B90798,1090,1065,25,8,16,1,22
opt,M_BLOCKIO_ATTACH_A1159825,1300,1271,29,8,20,1,20
opt,M_BLOCKIO_DETACH_FC4FFB83,750,722,28,4,24,0,12
opt,M_BLOCKIO_INVALIDATE_E4DCC90F,104,102,2,0,2,0,4
opt,M_BLOCKIO_CACHED_7ABF0DB0,670,641,29,0,26,3,12
opt,M_BLOCKIO_PUBLISH_42B93901,360,358,2,0,2,0,12
opt,M_BLOCKIO_PREPARE_810BFFA1,647,619,28,24,4,0,12
opt,M_BLOCKIO_COMPLETE_80F6A54F,745,732,13,0,12,1,16
opt,M_BLOCKIO_CHECK_A5B41A2A,929,903,26,4,20,2,16
opt,M_BLOCKIO_BEGINFETCH_6B9D7F07,715,705,10,0,10,0,28
opt,M_BLOCKIO_FINISHFETCH_D55D2AA5,544,530,14,4,10,0,24
opt,M_BLOCKIO_FETCH_124BDACE,544,528,16,4,12,0,24
opt,M_BLOCKIO_READSECTOR_D918C668,1233,1167,66,32,30,4,26
opt,M_MYDOSNAMES_LEGAL_C9AD70C6,198,184,14,0,14,0,2
opt,M_MYDOSNAMES_FOLD_297622C6,159,153,6,0,6,0,2
opt,M_MYDOSNAMES_STORED_9F1E578A,644,621,23,0,18,5,8
opt,M_MYDOSNAMES_MATCH_52630F12,571,557,14,0,12,2,10
opt,M_MYDOSNAMES_COMPONENT_FF2F5328,1446,1399,47,0,38,9,14
opt,M_FSNAMES_STREAM_12DD2A4A,2432,2376,56,0,42,14,4
opt,M_FSNAMES_MAPPED_324F42A3,802,631,171,128,42,1,20
opt,M_FSNAMES_PATH_CFBF830F,1236,1085,151,84,58,9,34
opt,M_FSNAMES_ALIAS_A2F2B006,481,461,20,4,14,2,8
opt,M_FSNAMES_SAMEALIAS_76260CCC,471,459,12,0,10,2,8
opt,M_FSNAMES_VALIDALIAS_36EB4E14,476,453,23,8,12,3,10
opt,M_DOSSTREAMS_VALIDMODE_6A43AE29,225,193,32,24,8,0,8
opt,M_DOSSTREAMS_VALIDBUFFER_D67D80FE,505,447,58,36,22,0,12
opt,M_DOSSTREAMS_OPENNIL_7EDE8F17,690,676,14,4,10,0,18
opt,M_DOSSTREAMS_TRANSFERNIL_E7EA5C2C,444,434,10,0,10,0,8
opt,M_DOSSTREAMS_CLOSENIL_3520E24B,590,576,14,0,14,0,16
opt,M_DOSRAW_GETREGISTRY_976423CC,85,83,2,0,2,0,4
opt,M_DOSRAW_LIVE_14427091,602,567,35,16,18,1,18
opt,M_DOSRAW_INITIALIZE_D871F7B7,1440,1436,4,0,4,0,12
opt,M_DOSRAW_ROLLBACK_4A7594F5,215,209,6,0,6,0,4
opt,M_DOSRAW_ACQUIRE_CC49A145,2489,2420,69,12,52,5,26
opt,M_DOSRAW_OPEN_5F7F2547,1091,1065,26,8,16,2,18
opt,M_DOSRAW_VALIDEXTENT_84EF7CCB,601,551,50,28,20,2,20
opt,M_DOSRAW_RELEASEOPERATION_C2E80557,490,475,15,0,14,1,12
opt,M_DOSRAW_PREPARE_F51F1B68,2225,2171,54,12,36,6,18
opt,M_DOSRAW_COMPLETE_0FD428DA,1340,1255,85,44,40,1,30
opt,M_DOSRAW_CLOSEDEVICE_DECAF50F,186,182,4,0,4,0,8
opt,M_DOSRAW_CLOSE_4F38859D,2093,2040,53,0,50,3,24
opt,M_FSREGISTRY_GETREGISTRY_3C838C00,165,161,4,0,4,0,8
opt,M_FSREGISTRY_SERVICE_31663004,171,167,4,0,4,0,8
opt,M_FSREGISTRY_RETAIN_218C5FAC,277,269,8,0,8,0,12
opt,M_FSREGISTRY_RETAINBASE_94E5BA0B,522,508,14,0,12,2,18
opt,M_FSREGISTRY_RELEASE_E0E99364,193,187,6,0,6,0,10
opt,M_FSREGISTRY_LOOKUP_AD8B60C1,1049,1023,26,0,20,6,26
opt,M_FSREGISTRY_FINDOBJECT_780CC443,257,251,6,0,6,0,12
opt,M_FSREGISTRY_FROMHEADER_DCD07C60,490,472,18,8,10,0,16
opt,M_FSREGISTRY_STAMP_BE264D84,331,321,10,4,6,0,16
opt,M_DOSWIRE_ISPOINTER_E1AC855F,234,196,38,32,6,0,10
opt,M_FSLOCKS_TRAILER_B3BA463B,136,134,2,0,2,0,8
opt,M_FSLOCKS_TEXT_C72F70F3,136,134,2,0,2,0,8
opt,M_FSLOCKS_ALLOCATION_5B5A6C20,303,297,6,0,6,0,8
opt,M_FSLOCKS_ROOT_D04E0C54,642,638,4,0,2,2,16
opt,M_FSLOCKS_ADD_DEA4C903,478,474,4,0,4,0,12
opt,M_FSLOCKS_APPEND_3EC68462,1549,1517,32,0,26,6,14
opt,M_FSLOCKS_ALLOCATE_39B5BEE3,1083,1052,31,12,16,3,26
opt,M_FSPACKET_REPLY_F0943484,781,777,4,0,4,0,12
opt,M_FSPACKET_ERROR_61E70414,367,356,11,4,6,1,14
opt,M_FSPACKET_IDENTITY_6B3677B2,1629,1596,33,0,30,3,16
opt,M_FSPACKET_PUBLISHOPENSTEP_55EACFB5,947,935,12,4,6,2,18
opt,M_FSPACKET_CLOSESTEP_61A48B9C,788,772,16,0,16,0,18
opt,M_FSPORTS_CREATE_D9675AD2,573,559,14,4,10,0,12
opt,M_FSPORTS_DELETE_FC342961,166,160,6,0,6,0,8
opt,M_MYDOS_READPHYSICAL_AF05229A,641,635,6,0,6,0,24
opt,M_MYDOS_DATASECTOR_95277D3B,817,602,215,160,54,1,12
opt,M_MYDOS_VALIDDIRECTORY_1CF8F62E,733,638,95,64,30,1,18
opt,M_MYDOS_EXTENT_5BCD29B5,1540,1335,205,164,40,1,22
opt,M_MYDOS_HEADER_A95A323A,1102,1019,83,56,26,1,26
opt,M_MYDOS_BEGINMOUNT_AA58F6DF,489,445,44,32,12,0,8
opt,M_MYDOS_MOUNTBUFFERED_114678B9,404,398,6,0,6,0,16
opt,M_MYDOS_MOUNT_2B42A118,374,358,16,4,12,0,8
opt,M_MYDOS_COPYENTRY_C5D8D89C,284,280,4,0,2,2,16
opt,M_MYDOS_DECODE_69B6DF25,936,904,32,24,6,2,12
opt,M_MYDOS_LIVE_1E4E1377,681,661,20,0,18,2,14
opt,M_MYDOS_BUFFEREDENTRY_DC465C80,807,783,24,12,12,0,26
opt,M_MYDOS_BEGINENTRY_95F170F4,722,697,25,12,12,1,12
opt,M_MYDOS_GETENTRY_7D00AFBD,445,429,16,4,12,0,14
opt,M_MYDOS_SELECTMATCH_8984C9A2,803,791,12,0,8,4,14
opt,M_MYDOS_CHOOSE_61B23C5E,511,497,14,0,14,0,12
opt,M_MYDOS_STARTDIRECTORY_E432AEF2,132,130,2,0,2,0,8
opt,M_MYDOS_DESCEND_C497F8DD,1212,1117,95,64,28,3,26
opt,M_MYDOS_ROOTENTRY_E3F00029,386,382,4,0,2,2,10
opt,M_MYDOS_STARTRESOLVE_24B3B079,1052,1030,22,4,16,2,12
opt,M_MYDOS_RESOLVECOMPONENT_8F2130C4,222,214,8,0,8,0,4
opt,M_MYDOS_BEGINRESOLVE_3F47247C,300,292,8,0,8,0,10
opt,M_MYDOS_RESOLVESTEP_4ADA26D9,991,945,46,12,30,4,12
opt,M_MYDOS_RESOLVE_25FA7BCB,549,528,21,4,14,3,12
opt,M_FSINIT_CONFIG_A7C873FA,2800,2723,77,32,40,5,22
opt,M_FSINIT_WORKSPACE_ED5E2107,544,526,18,8,10,0,12
opt,M_FSINIT_ARRIVAL_302FF83F,629,583,46,32,14,0,12
opt,M_FSINIT_ALLOCATEMOUNT_EF481898,1433,1401,32,16,14,2,26
opt,M_FSINIT_ALLOCATEBLOCK_5C0916F0,972,950,22,12,10,0,18
opt,M_FSINIT_PUBLISH_12D6516B,573,563,10,0,8,2,14
opt,M_FSINIT_FIRST_60F42DBA,289,283,6,0,6,0,12
opt,M_FSINIT_ADAPTERSTEP_4F860EAF,275,265,10,4,6,0,12
opt,M_FSINIT_WORKSPACESTEP_AC19D935,313,301,12,0,12,0,12
opt,M_FSINIT_MOUNTSTEP_D16E7745,360,352,8,0,8,0,12
opt,M_FSINIT_BLOCKSTEP_FC8F9559,312,304,8,0,8,0,12
opt,M_FSINIT_OPENEDSTEP_3B4623A1,763,753,10,0,8,2,16
opt,M_FSINIT_MOUNTEDSTEP_D00F6B02,1225,1204,21,0,18,3,16
opt,M_FSINIT_FAILED_4FB7E0CF,153,145,8,4,4,0,8
opt,M_FSINIT_ROLLBACKSTEP_8166A722,628,622,6,0,6,0,16
opt,M_FSINIT_DESTROYMOUNT_00D5D10B,1315,1276,39,4,32,3,12
opt,M_FSINIT_CLEANUP_26675F9E,1131,1104,27,0,24,3,14
opt,M_FSRELATIVE_VALIDATE_0372B7FC,2295,2175,120,64,50,6,28
opt,M_FSRELATIVE_SEED_FD9BA1BB,1200,1180,20,0,16,4,20
opt,M_FSRELATIVE_TRIM_C4B2DBD8,607,596,11,0,8,3,12
opt,M_FSRELATIVE_ROOT_94E4441A,488,479,9,0,8,1,12
opt,M_FSRELATIVE_BEGIN_CB9D8F8D,3512,3437,75,12,54,9,30
opt,M_FSRELATIVE_PARENTRESULT_7CE6B959,2335,2278,57,12,36,9,16
opt,M_FSINFO_ENUMERATIONSTATE_A9C412AA,136,134,2,0,2,0,8
opt,M_FSINFO_CLEAR_E168B3AB,163,157,6,0,6,0,12
opt,M_FSINFO_NAME_B42C963D,1692,1672,20,0,10,10,14
opt,M_FSINFO_FILL_CDFFBE8F,572,565,7,0,6,1,12
opt,M_FSINFO_SAVE_B1E7031F,428,424,4,0,4,0,16
opt,M_MYDOSFILE_RESTART_75C66A72,358,356,2,0,2,0,8
opt,M_MYDOSFILE_OPEN_0FD3469F,1506,1475,31,0,28,3,14
opt,M_MYDOSFILE_SECTORALLOWED_E72DFCC7,739,644,95,64,28,3,14
opt,M_MYDOSFILE_VISIT_2F7F40D0,962,879,83,64,18,1,12
opt,M_MYDOSFILE_TRAILER_58DD2DFC,875,840,35,24,10,1,24
opt,M_MYDOSFILE_LINK_86A70D17,791,702,89,64,24,1,16
opt,M_MYDOSFILE_VALIDATE_CCD11D35,1127,1055,72,32,36,4,12
opt,M_MYDOSFILE_FAIL_8A60C23B,320,318,2,0,2,0,12
opt,M_MYDOSFILE_FINISH_E4A712C2,463,459,4,0,2,2,16
opt,M_MYDOSFILE_ADVANCE_71346BED,266,264,2,0,2,0,16
opt,M_MYDOSFILE_BEGIN_902FB340,346,344,2,0,2,0,12
opt,M_MYDOSFILE_BEGINREAD_56DCAA56,1805,1686,119,72,46,1,14
opt,M_MYDOSFILE_TARGET_3D0FAE04,1652,1465,187,132,52,3,16
opt,M_MYDOSFILE_BEGINSEEK_007E9A86,1051,1023,28,8,18,2,12
opt,M_MYDOSFILE_LOCATE_F172D4F1,1039,986,53,32,20,1,22
opt,M_MYDOSFILE_COPY_B45932A2,592,584,8,0,6,2,22
opt,M_MYDOSFILE_CONSUME_CDF927EF,1107,1046,61,36,24,1,20
opt,M_MYDOSFILE_CONTINUEOPERATION_DDF4199B,1038,1018,20,0,16,4,14
opt,M_MYDOSFILE_RUN_01B89F42,562,545,17,4,10,3,14
opt,M_FSDIRECTORY_LOCKCURSORSTEP_29BACC3E,788,778,10,0,8,2,18
opt,M_FSDIRECTORY_SELECTSTEP_815DA095,1155,1127,28,8,20,0,20
opt,M_FSDIRECTORY_INFOSTEP_3CC6E53D,741,727,14,0,14,0,16
opt,M_FSDIRECTORY_RESTORESTEP_8AADA789,1109,1090,19,4,12,3,18
opt,M_FSDIRECTORY_STATESTEP_73ED4FBC,926,904,22,0,20,2,18
opt,M_FSDIRECTORY_END_806A2136,315,309,6,0,6,0,12
opt,M_FSDIRECTORY_ENTRYSTEP_D4EA4ABB,622,611,11,0,10,1,16
opt,M_FSDIRECTORY_ENTRYRESULTSTEP_4C458A60,867,851,16,0,14,2,16
opt,M_FSDIRECTORY_SIZESTEP_0C182F8A,1016,998,18,4,10,4,16
opt,M_FSDIRECTORY_SIZESTARTSTEP_F40FBDAE,271,267,4,0,4,0,16
opt,M_FSDIRECTORY_SIZECONTINUESTEP_1EAFA525,916,902,14,0,12,2,16
opt,M_FSDIRECTORY_CLEARSTEP_2A4A8FB8,218,214,4,0,4,0,12
opt,M_FSDIRECTORY_NAMESTEP_97C5C3EC,353,349,4,0,4,0,20
opt,M_FSDIRECTORY_FILLSTEP_E0581636,347,343,4,0,4,0,20
opt,M_FSDIRECTORY_PUBLISHSTEP_CC8DC0F6,401,395,6,0,6,0,16
opt,M_FSIO_BEGIN_68AD59C5,686,680,6,0,6,0,18
opt,M_FSIO_COMPLETE_3A967BA3,733,722,11,0,10,1,24
opt,M_FSIO_OFFLINE_B7567A31,443,432,11,0,8,3,14
opt,M_FSHANDLER_OPENRESULTSTEP_0C25E5DB,1309,1273,36,12,22,2,16
opt,M_FSHANDLER_CURSORSTEP_0CA2CA5E,740,729,11,0,10,1,16
opt,M_FSHANDLER_OPENSTEP_A7675710,1035,1016,19,0,18,1,18
opt,M_FSHANDLER_LOCKSTEP_E0A0D2D5,596,584,12,0,12,0,16
opt,M_FSHANDLER_RESOLVESTARTSTEP_40B69900,232,228,4,0,4,0,12
opt,M_FSHANDLER_RESOLVEREADYSTEP_BDBFDED1,270,266,4,0,4,0,16
opt,M_FSHANDLER_OPERATIONRESULT_4184CBFA,719,712,7,0,6,1,12
opt,M_FSHANDLER_FILESELECTSTEP_BED2DD8A,1292,1264,28,8,20,0,20
opt,M_FSHANDLER_ARGUMENTSSTEP_DD745A90,987,974,13,4,8,1,16
opt,M_FSHANDLER_READSTEP_5B9B1990,291,285,6,0,6,0,12
opt,M_FSHANDLER_SEEKSTEP_90261C60,291,285,6,0,6,0,12
opt,M_FSHANDLER_DISPATCHSTEP_D149BF3A,806,788,18,8,10,0,20
opt,M_FSHANDLER_MEDIASTEP_8DCF2858,848,834,14,0,10,4,20
opt,M_FSHANDLER_ACTIONSTEP_7D527A4E,734,674,60,32,28,0,16
opt,M_FSHANDLER_TAKESTEP_E4E18A11,731,717,14,0,10,4,22
opt,M_FSHANDLER_COMPONENTSTEP_389CA8B9,398,391,7,0,6,1,16
opt,M_FSHANDLER_RESOLVESTEP_D6E79D38,1025,1001,24,0,20,4,16
opt,M_FSHANDLER_FILESTEP_A93D50C2,515,504,11,0,10,1,16
opt,M_FSWORKER_WORKER_2BB473B0,1478,1424,54,12,36,6,28
opt,M_FSWORKER_FINISH_EC2E5E2B,436,426,10,0,10,0,12
opt,M_FSMOUNT_DISPATCH_FD59F08F,476,472,4,0,4,0,12
opt,M_FSMOUNT_SELECTSTEP_8E807607,1335,1232,103,68,34,1,24
opt,M_FSMOUNT_COMMANDSTEP_B1883B1A,707,682,25,8,16,1,20
opt,M_FSMOUNT_REMOVESTEP_BBB2975B,855,834,21,4,16,1,12
opt,M_FSMOUNT_DESTROYSTEP_4CF540E7,326,320,6,0,6,0,12
opt,M_FSMUX_CONTROL_16FCB25F,361,351,10,4,6,0,16
opt,M_FSMUX_TAKE_F08F7501,542,527,15,0,14,1,12
opt,M_FSBOOT_BEGINSERVICE_BC5D2672,775,756,19,8,10,1,16
opt,M_FSBOOT_ENSURE_06ED6F00,879,825,54,12,40,2,10
opt,M_FSBOOT_STOP_AD5246E2,1512,1459,53,4,46,3,28
opt,M_DOSCALLS_ARGUMENTS_D4B63738,395,393,2,0,2,0,12
opt,M_DOSCALLS_NAMEARGUMENTS_4FEB00BB,381,373,8,4,2,2,12
opt,M_DOSCALLS_ACQUIRE_C423433E,2120,2048,72,24,44,4,46
opt,M_DOSCALLS_CONFIGURED_B6EDEF76,570,554,16,0,14,2,20
opt,M_DOSCALLS_DESTINATION_E6EBC832,847,813,34,4,28,2,12
opt,M_DOSCALLS_OPEN_390423B6,1272,1233,39,4,34,1,18
opt,M_DOSCALLS_LOCK_DE185F87,658,640,18,0,18,0,16
opt,M_DOSCALLS_BADOBJECT_51D88018,191,181,10,0,10,0,2
opt,M_DOSCALLS_OBJECT_E89E37D3,502,483,19,0,18,1,16
opt,M_DOSCALLS_FILE_E8D1DABC,738,719,19,4,14,1,16
opt,M_DOSCALLS_READ_BEE8BE36,1913,1852,61,24,34,3,42
opt,M_DOSCALLS_WRITE_8E98A1A7,1924,1851,73,28,42,3,32
opt,M_DOSCALLS_SEEK_17FC33E6,1302,1261,41,12,28,1,30
opt,M_DOSCALLS_CLOSE_97169B3A,1296,1258,38,12,24,2,30
opt,M_DOSCALLS_UNLOCK_2871018C,842,798,44,20,24,0,24
opt,M_DOSCALLS_INFORMATION_13F25DEC,897,867,30,12,18,0,34
opt,M_DOSCALLS_SELECTED_604EA3D9,369,357,12,4,8,0,12
opt,M_DOSCALLS_SELECTIONREADY_28C831A1,324,316,8,0,8,0,12
opt,M_DOSCALLS_LIVESELECTION_2BE04852,619,591,28,8,18,2,12
opt,M_DOSCALLS_SELECT_1EDDE386,763,745,18,0,16,2,18
opt,M_DOSCALLS_DIRECTORY_C8028D6B,916,888,28,12,16,0,18
opt,M_DOSCALLS_CURRENTDIR_1AA7335E,1026,995,31,8,22,1,24
opt,M_DOSCALLS_NAMEFROMLOCK_92457C4A,1766,1642,124,72,50,2,28
opt,M_DOSCALLS_ISINTERACTIVE_18CACEEA,559,545,14,0,14,0,12
opt,M_DOS_OPEN_87DAE823,187,183,4,0,4,0,12
opt,M_DOS_READ_BCD2228F,205,201,4,0,4,0,16
opt,M_DOS_WRITE_BE4FDE64,205,201,4,0,4,0,16
opt,M_DOS_SEEK_DE9F46FB,203,199,4,0,4,0,16
opt,M_DOS_CLOSE_4C224801,167,163,4,0,4,0,8
opt,M_DOS_IOERR_E649FF90,133,129,4,0,4,0,6
opt,M_DOS_RELEASECONTEXT_9DB9F883,133,129,4,0,4,0,6
opt,M_DOS_LOCK_4DEC517E,187,183,4,0,4,0,12
opt,M_DOS_UNLOCK_74209499,126,122,4,0,4,0,8
opt,M_DOS_EXAMINE_1F15C1B0,215,211,4,0,4,0,12
opt,M_DOS_EXNEXT_623C7B53,215,211,4,0,4,0,12
opt,M_DOS_INPUT_41B1DDE9,151,147,4,0,4,0,8
opt,M_DOS_OUTPUT_DF7018DC,151,147,4,0,4,0,8
opt,M_DOS_SELECTINPUT_FF0F4771,189,185,4,0,4,0,8
opt,M_DOS_SELECTOUTPUT_3A928904,189,185,4,0,4,0,8
opt,M_DOS_ISINTERACTIVE_FD05AE49,167,163,4,0,4,0,8
opt,M_DOS_CURRENTDIR_764577CB,183,179,4,0,4,0,8
opt,M_DOS_NAMEFROMLOCK_8794AD67,205,201,4,0,4,0,16
opt,M_TASKINSPECT_SNAPSHOT_72A67CF0,1558,1513,45,16,22,7,26
opt,M_DEVICEINSPECT_SNAPSHOT_EBB6295F,962,936,26,4,22,0,18
opt,M_FSINSPECT_SNAPSHOT_873CF8A6,1561,1520,41,4,26,11,26
opt,M_SHELLAPP_SHELLLINE_DC60634C,140,138,2,0,2,0,8
opt,M_SHELLAPP_SHELLDRAWBUFFER_B9163ABE,140,138,2,0,2,0,8
opt,M_SHELLAPP_SHELLSCRATCH_1695768C,140,138,2,0,2,0,8
opt,M_SHELLAPP_SHELLTRANSFER_C9C879BF,140,138,2,0,2,0,8
opt,M_SHELLAPP_SHELLFAIL_9D17A97C,312,298,14,8,6,0,8
opt,M_SHELLAPP_SHELLLENGTH_56CE75A6,147,139,8,0,8,0,8
opt,M_SHELLAPP_SHELLEQUAL_EF077ADE,481,465,16,4,10,2,10
opt,M_SHELLAPP_SHELLWRITE_F4A8AD7D,782,745,37,12,24,1,26
opt,M_SHELLAPP_SHELLBYTE_1EE28596,271,265,6,0,6,0,12
opt,M_SHELLAPP_SHELLTEXT_7D109071,203,197,6,0,6,0,12
opt,M_SHELLAPP_SHELLPASCAL_09C83940,243,239,4,0,4,0,12
opt,M_SHELLAPP_SHELLNUMBER_7C65BFBB,1428,1325,103,64,34,5,32
opt,M_SHELLAPP_SHELLDIAGNOSTIC_F84A4C35,516,503,13,4,8,1,12
opt,M_SHELLAPP_SHELLREDRAW_2EDE4915,1399,1376,23,0,18,5,20
opt,M_SHELLAPP_SHELLCLEAR_52BB640F,248,244,4,0,4,0,8
opt,M_SHELLAPP_SHELLPARSE_A4976CAB,5331,5141,190,4,166,20,26
opt,M_SHELLAPP_SHELLCHANGE_E2B81D98,1433,1390,43,4,36,3,20
opt,M_SHELLAPP_SHELLRELEASELOCK_7049A622,734,712,22,0,20,2,8
opt,M_SHELLAPP_SHELLDIR_EB67AED9,2569,2411,158,76,74,8,20
opt,M_SHELLAPP_SHELLCONVERT_8185A927,483,456,27,0,24,3,14
opt,M_SHELLAPP_SHELLCLOSECOMMANDINPUT_5DFC114D,415,399,16,4,10,2,8
opt,M_SHELLAPP_SHELLTYPE_D64CE23C,2207,2052,155,76,72,7,30
opt,M_SHELLAPP_SHELLMEM_399A3E7B,2185,2127,58,0,58,0,12
opt,M_SHELLAPP_SHELLTASKSTATE_6E5D5B16,404,387,17,0,16,1,12
opt,M_SHELLAPP_SHELLTASKS_1B8DD8E2,2081,2034,47,0,44,3,18
opt,M_SHELLAPP_SHELLDEVICES_E5FACF4D,1689,1637,52,0,46,6,22
opt,M_SHELLAPP_SHELLMOUNTS_13BE84C6,1906,1855,51,0,48,3,18
opt,M_SHELLAPP_SHELLUNREDIRECT_630E066D,1961,1898,63,16,38,9,10
opt,M_SHELLAPP_SHELLREDIRECT_BB31A89E,2208,2152,56,8,40,8,20
opt,M_SHELLAPP_SHELLDISPATCH_02D6964A,3331,3225,106,4,78,24,16
opt,M_SHELLAPP_SHELLCOMMAND_01DF848F,721,699,22,0,22,0,8
opt,M_SHELLAPP_SHELLFEED_19C6DEC4,2555,2487,68,0,52,16,16
opt,M_SHELLAPP_SHELLREADSTEP_5848FDA6,1474,1399,75,40,32,3,24
opt,M_SHELLAPP_SHELLOPEN_DC32811A,1343,1304,39,8,28,3,12
opt,M_SHELLAPP_SHELLINITIALPROMPT_9A2AE0BA,267,261,6,0,6,0,8
opt,M_SHELLAPP_SHELLSTART_D37857EA,363,345,18,4,14,0,4
opt,M_SHELLAPP_SHELLFINISH_77CE18A3,3251,3163,88,12,66,10,16
opt,M_SHELLAPP_SHELLBOOTSIO_1538A419,1014,971,43,12,30,1,22
opt,M_SHELLAPP_SHELLBOOTSTART_6A4872BE,2893,2820,73,12,58,3,12
opt,M_SHELLAPP_MAIN_168A375D,292,278,14,0,14,0,6
