# source	action	type	offset	bytes
statemate_bitlist	bitlist	BYTE	0	64
statemate_tm_entered_EINSCHALTSTROM_MESSEN_BLOCK_ERKENNUNG_CTRLch_BLOCK_ERKENNUNG_CTRL__N_copy	tmMeasure	LONGCARD	64	4
statemate_tm_entered_WIEDERHOLSPERRE_FH_TUERMODUL_CTRLexited_BEREIT_FH_TUERMODUL_CTRL	tmReady	LONGCARD	68	4
statemate_tm_entered_WIEDERHOLSPERRE_FH_TUERMODUL_CTRL	tmRepeat	LONGCARD	72	4
statemate_sc_FH_TUERMODUL_CTRL_2375_2	sc_DoorCtl_2375_2	LONGCARD	76	4
statemate_sc_FH_TUERMODUL_CTRL_2352_1	sc_DoorCtl_2352_1	LONGCARD	80	4
statemate_sc_FH_TUERMODUL_CTRL_2329_1	sc_DoorCtl_2329_1	LONGCARD	84	4
statemate_FH_TUERMODUL_CTRL__N	DoorCtl_N	INT	88	2
statemate_FH_TUERMODUL_CTRL__N_old	DoorCtl_N_old	INT	90	2
statemate_sc_FH_TUERMODUL_CTRL_1781_10	sc_DoorCtl_1781_10	LONGCARD	92	4
statemate_sc_FH_TUERMODUL_CTRL_1739_10	sc_DoorCtl_1739_10	LONGCARD	96	4
statemate_FH_TUERMODUL__POSITION	Door_POSITION	INT	100	2
statemate_FH_TUERMODUL__I_EIN	Door_I_EIN	INT	102	2
statemate_FH_TUERMODUL__I_EIN_old	Door_I_EIN_old	INT	104	2
statemate_FH_DU__MFH	Unit_MFH	INT	106	2
statemate_FH_DU__MFH_copy	Unit_MFH_copy	INT	108	2
statemate_FH_DU__POSITION	Unit_POSITION	INT	110	2
statemate_FH_DU__I_EIN	Unit_I_EIN	INT	112	2
statemate_FH_DU__I_EIN_old	Unit_I_EIN_old	INT	114	2
statemate_BLOCK_ERKENNUNG_CTRL__I_EIN_MAX	Block_I_EIN_MAX	INT	116	2
statemate_BLOCK_ERKENNUNG_CTRL__N	Block_N	INT	118	2
statemate_BLOCK_ERKENNUNG_CTRL__N_old	Block_N_old	INT	120	2
statemate_FH_TUERMODUL_CTRL__INREVERS2	DoorCtl_INREVERS2	BYTE	122	1
statemate_FH_TUERMODUL_CTRL__INREVERS2_copy	DoorCtl_INREVERS2_copy	BYTE	123	1
statemate_FH_TUERMODUL_CTRL__INREVERS1	DoorCtl_INREVERS1	BYTE	124	1
statemate_FH_TUERMODUL_CTRL__INREVERS1_copy	DoorCtl_INREVERS1_copy	BYTE	125	1
statemate_FH_TUERMODUL__SFHZ_ZENTRAL	Door_SFHZ_ZENTRAL	BYTE	126	1
statemate_FH_TUERMODUL__SFHZ_ZENTRAL_old	Door_SFHZ_ZENTRAL_old	BYTE	127	1
statemate_FH_TUERMODUL__SFHZ_MEC	Door_SFHZ_MEC	BYTE	128	1
statemate_FH_TUERMODUL__SFHZ_MEC_old	Door_SFHZ_MEC_old	BYTE	129	1
statemate_FH_TUERMODUL__SFHA_ZENTRAL	Door_SFHA_ZENTRAL	BYTE	130	1
statemate_FH_TUERMODUL__SFHA_ZENTRAL_old	Door_SFHA_ZENTRAL_old	BYTE	131	1
statemate_FH_TUERMODUL__SFHA_MEC	Door_SFHA_MEC	BYTE	132	1
statemate_FH_TUERMODUL__SFHA_MEC_old	Door_SFHA_MEC_old	BYTE	133	1
statemate_FH_TUERMODUL__KL_50	Door_KL_50	BYTE	134	1
statemate_FH_TUERMODUL__BLOCK	Door_BLOCK	BYTE	135	1
statemate_FH_TUERMODUL__BLOCK_copy	Door_BLOCK_copy	BYTE	136	1
statemate_FH_TUERMODUL__BLOCK_old	Door_BLOCK_old	BYTE	137	1
statemate_FH_TUERMODUL__FT	Door_FT	BYTE	138	1
statemate_FH_TUERMODUL__SFHZ	Door_SFHZ	BYTE	139	1
statemate_FH_TUERMODUL__SFHZ_copy	Door_SFHZ_copy	BYTE	140	1
statemate_FH_TUERMODUL__SFHZ_old	Door_SFHZ_old	BYTE	141	1
statemate_FH_TUERMODUL__SFHA	Door_SFHA	BYTE	142	1
statemate_FH_TUERMODUL__SFHA_copy	Door_SFHA_copy	BYTE	143	1
statemate_FH_TUERMODUL__SFHA_old	Door_SFHA_old	BYTE	144	1
statemate_FH_TUERMODUL__MFHZ	Door_MFHZ	BYTE	145	1
statemate_FH_TUERMODUL__MFHZ_copy	Door_MFHZ_copy	BYTE	146	1
statemate_FH_TUERMODUL__MFHZ_old	Door_MFHZ_old	BYTE	147	1
statemate_FH_TUERMODUL__MFHA	Door_MFHA	BYTE	148	1
statemate_FH_TUERMODUL__MFHA_copy	Door_MFHA_copy	BYTE	149	1
statemate_FH_TUERMODUL__MFHA_old	Door_MFHA_old	BYTE	150	1
statemate_FH_TUERMODUL__EKS_LEISTE_AKTIV	Door_EKS_LEISTE_AKTIV	BYTE	151	1
statemate_FH_TUERMODUL__EKS_LEISTE_AKTIV_old	Door_EKS_LEISTE_AKTIV_old	BYTE	152	1
statemate_FH_DU__KL_50	Unit_KL_50	BYTE	153	1
statemate_FH_DU__S_FH_FTZU	Unit_S_FH_FTZU	BYTE	154	1
statemate_FH_DU__S_FH_FTAUF	Unit_S_FH_FTAUF	BYTE	155	1
statemate_FH_DU__FT	Unit_FT	BYTE	156	1
statemate_FH_DU__EKS_LEISTE_AKTIV	Unit_EKS_LEISTE_AKTIV	BYTE	157	1
statemate_FH_DU__EKS_LEISTE_AKTIV_old	Unit_EKS_LEISTE_AKTIV_old	BYTE	158	1
statemate_FH_DU__S_FH_TMBFAUFCAN	Unit_S_FH_TMBFAUFCAN	BYTE	159	1
statemate_FH_DU__S_FH_TMBFAUFCAN_old	Unit_S_FH_TMBFAUFCAN_old	BYTE	160	1
statemate_FH_DU__S_FH_TMBFZUCAN	Unit_S_FH_TMBFZUCAN	BYTE	161	1
statemate_FH_DU__S_FH_TMBFZUCAN_old	Unit_S_FH_TMBFZUCAN_old	BYTE	162	1
statemate_FH_DU__S_FH_TMBFZUDISC	Unit_S_FH_TMBFZUDISC	BYTE	163	1
statemate_FH_DU__S_FH_TMBFZUDISC_old	Unit_S_FH_TMBFZUDISC_old	BYTE	164	1
statemate_FH_DU__S_FH_TMBFAUFDISC	Unit_S_FH_TMBFAUFDISC	BYTE	165	1
statemate_FH_DU__S_FH_TMBFAUFDISC_old	Unit_S_FH_TMBFAUFDISC_old	BYTE	166	1
statemate_FH_DU__S_FH_ZUDISC	Unit_S_FH_ZUDISC	BYTE	167	1
statemate_FH_DU__S_FH_AUFDISC	Unit_S_FH_AUFDISC	BYTE	168	1
statemate_FH_DU__DOOR_ID	Unit_DOOR_ID	BYTE	169	1
statemate_FH_DU__BLOCK	Unit_BLOCK	BYTE	170	1
statemate_FH_DU__BLOCK_copy	Unit_BLOCK_copy	BYTE	171	1
statemate_FH_DU__BLOCK_old	Unit_BLOCK_old	BYTE	172	1
statemate_FH_DU__MFHZ	Unit_MFHZ	BYTE	173	1
statemate_FH_DU__MFHZ_copy	Unit_MFHZ_copy	BYTE	174	1
statemate_FH_DU__MFHZ_old	Unit_MFHZ_old	BYTE	175	1
statemate_FH_DU__MFHA	Unit_MFHA	BYTE	176	1
statemate_FH_DU__MFHA_copy	Unit_MFHA_copy	BYTE	177	1
statemate_FH_DU__MFHA_old	Unit_MFHA_old	BYTE	178	1
statemate_time	time	LONGCARD	179	4
statemate_stable	stable	BYTE	183	1
statemate_step	microstep	BYTE	184	1
statemate_NICHT_INITIALISIERT_NICHT_INITIALISIERT_next_state	UninitState	BYTE	185	1
statemate_ZENTRAL_KINDERSICHERUNG_CTRL_next_state	ZENTRAL_ChildState	BYTE	186	1
statemate_MEC_KINDERSICHERUNG_CTRL_next_state	MEC_ChildState	BYTE	187	1
statemate_KINDERSICHERUNG_CTRL_KINDERSICHERUNG_CTRL_next_state	ChildState	BYTE	188	1
statemate_B_FH_TUERMODUL_CTRL_next_state	B_DoorCtlState	BYTE	189	1
statemate_A_FH_TUERMODUL_CTRL_next_state	A_DoorCtlState	BYTE	190	1
statemate_WIEDERHOLSPERRE_FH_TUERMODUL_CTRL_next_state	Repeat_DoorCtlState	BYTE	191	1
statemate_INITIALISIERT_FH_TUERMODUL_CTRL_next_state	Init_DoorCtlState	BYTE	192	1
statemate_TIPP_SCHLIESSEN_FH_TUERMODUL_CTRL_next_state	TapClose_DoorCtlState	BYTE	193	1
statemate_MANUELL_SCHLIESSEN_FH_TUERMODUL_CTRL_next_state	ManualClose_DoorCtlState	BYTE	194	1
statemate_OEFFNEN_FH_TUERMODUL_CTRL_next_state	Open_DoorCtlState	BYTE	195	1
statemate_SCHLIESSEN_FH_TUERMODUL_CTRL_next_state	Close_DoorCtlState	BYTE	196	1
statemate_FH_STEUERUNG_DUMMY_FH_STEUERUNG_DUMMY_next_state	MotorState	BYTE	197	1
statemate_EINKLEMMSCHUTZ_CTRL_EINKLEMMSCHUTZ_CTRL_next_state	PinchState	BYTE	198	1
statemate_BEWEGUNG_BLOCK_ERKENNUNG_CTRL_next_state	Motion_BlockState	BYTE	199	1
statemate_BLOCK_ERKENNUNG_CTRL_BLOCK_ERKENNUNG_CTRL_next_state	BlockState	BYTE	200	1
