mode,routine,before,after,saved,constant_returns,frame
raw,M_HEAPPOLICY_FLAGSVALID_4BF22F96,1221,1145,76,4,24
raw,M_TASKPOLICY_WRITABLE_0565D862,1034,977,57,3,32
raw,M_TASKPOLICY_AVAILABLERECORD_80983EA0,844,787,57,3,28
raw,M_TASKPOLICY_VALIDENTRY_58BA8A58,350,312,38,2,22
raw,M_TASKPOLICY_SAMENAME_968CD62D,466,409,57,3,18
raw,M_TASKPOLICY_ALLOCATEBIT_A349E154,1165,1127,38,2,28
raw,M_TASKPOLICY_COMPLETEWAIT_31FB45E4,514,457,57,3,16
raw,M_TASKPOLICY_POSTSIGNAL_10773240,438,400,38,2,22
raw,M_TASKPOLICY_DRAINONE_68E56764,631,555,76,4,14
raw,M_TASKPOLICY_DRAINWAKES_15F017CB,377,358,19,1,4
raw,M_TASKPOLICY_BOUNDPRODUCER_6D7B4E54,645,626,19,1,12
raw,M_TASKPOLICY_MEMORYPACKET_B36B55BB,456,437,19,1,16
raw,M_TASKPOLICY_PORTSTORAGE_D3468DA2,337,318,19,1,14
raw,M_TASKPOLICY_VALIDPORT_7710F985,366,290,76,4,4
raw,M_TASKPOLICY_VALIDMESSAGE_C0DE7739,437,418,19,1,14
raw,M_TASKPOLICY_INITIO_35D5D1E4,992,954,38,2,16
raw,M_TASKPOLICY_IOEXTENT_9818C08A,531,493,38,2,20
raw,M_TASKPOLICY_IONAME_8B922013,225,206,19,1,8
raw,M_TASKPOLICY_IOBOUND_33A4879E,836,760,76,4,16
raw,M_TASKPOLICY_IOWAITOWNER_63A51E9E,461,442,19,1,16
raw,M_TASKPOLICY_SIOBOUND_346E47DB,1517,1460,57,3,26
raw,M_TASKPOLICY_SIOADMIT_DC2C0CF4,945,869,76,4,30
raw,M_TASKPOLICY_SIORESIDENTCOUNT_72BFE78E,316,297,19,1,14
raw,M_TASKPOLICY_DOSCANREMOVE_DB41E74E,494,475,19,1,16
raw,M_TASKPOLICY_DOSRESIDENTCOUNT_ABEF6AC1,265,246,19,1,14
raw,M_TASKPOLICY_CONSOLEPACKETVALID_068AA429,342,323,19,1,14
raw,M_TASKPOLICY_CONSOLEIDLE_D6547573,555,517,38,2,8
raw,M_TASKPOLICY_CONSOLEIMMEDIATE_DAE617FC,1485,1447,38,2,18
raw,M_TASKPOLICY_CONSOLEADMIT_A01C3E0C,1773,1716,57,3,32
raw,M_TASKPOLICY_CONSOLERUNNABLE_8934D92E,1008,913,95,5,16
raw,M_TASKPOLICY_CONSOLERESIDENTCOUNT_6078C646,308,289,19,1,14
raw,M_TASKPOLICY_CONSOLECANREMOVE_6BA935F9,1199,1123,76,4,28
raw,M_TASKPOLICY_REQUESTVALID_195CAC51,3300,3053,247,13,8
raw,M_CONSOLECORE_EXTENT_83D9960B,1234,1158,76,4,32
raw,M_CONSOLECORE_INIT_F63331F9,911,835,76,4,22
raw,M_CONSOLEDISPLAY_GLYPH_DCC4F92E,220,201,19,1,12
raw,M_CONSOLEDISPLAY_LISTVALID_C50FC922,1365,1232,133,7,14
raw,M_CONSOLEDISPLAY_VALIDATE_33E36106,572,496,76,4,8
raw,M_CONSOLEDISPLAY_GEOMETRY_B00D0334,606,530,76,4,10
raw,M_CONSOLEDISPLAY_CLAIM_0FF5CDD8,1385,1309,76,4,16
raw,M_CONSOLEDRIVER_MAPPED_DAA6A481,1094,999,95,5,30
raw,M_CONSOLEDRIVER_VALIDATE_72D30322,1743,1705,38,2,18
raw,M_CONSOLEDRIVER_INITIALIZE_D6CB2592,2202,2050,152,8,28
raw,M_CONSOLEDRIVER_START_3E6AAC44,946,927,19,1,18
raw,M_CONSOLEDRIVER_STOP_093D3500,648,610,38,2,18
raw,M_SIODRIVER_SIOMAPPED_D1D9A9D6,1094,999,95,5,30
raw,M_SIODRIVER_PAYLOADLENGTH_9F5C9B06,902,788,114,6,10
raw,M_SIODRIVER_SIOVALIDATE_7D355271,2309,2233,76,4,16
raw,M_SIODRIVER_HARDWAREINIT_3568BDA6,1000,943,57,3,12
raw,M_SIODRIVER_MATCHES_AEE1C237,455,398,57,3,14
raw,M_SIODRIVER_START_4928F5B4,1106,1087,19,1,16
raw,M_DOSOBJECTS_UNLINK_C978FCF4,838,800,38,2,22
raw,M_BLOCKIO_GEOMETRY_4529DFEE,905,810,95,5,10
raw,M_BLOCKIO_MAPPED_A9EEA713,1267,1153,114,6,30
raw,M_BLOCKIO_DESTROY_0CC5CBD8,723,666,57,3,8
raw,M_BLOCKIO_DETACH_FC4FFB83,837,780,57,3,12
raw,M_BLOCKIO_CACHED_7ABF0DB0,1069,993,76,4,12
raw,M_BLOCKIO_BEGINFETCH_6B9D7F07,823,766,57,3,28
raw,M_MYDOSNAMES_LEGAL_C9AD70C6,274,198,76,4,2
raw,M_MYDOSNAMES_STORED_9F1E578A,713,656,57,3,8
raw,M_MYDOSNAMES_MATCH_52630F12,652,595,57,3,8
raw,M_MYDOSNAMES_COMPONENT_FF2F5328,1533,1438,95,5,16
raw,M_FSNAMES_STREAM_12DD2A4A,2533,2438,95,5,6
raw,M_FSNAMES_MAPPED_324F42A3,899,880,19,1,24
raw,M_FSNAMES_ALIAS_A2F2B006,527,508,19,1,12
raw,M_FSNAMES_SAMEALIAS_76260CCC,548,491,57,3,8
raw,M_FSNAMES_VALIDALIAS_36EB4E14,534,496,38,2,10
raw,M_DOSSTREAMS_VALIDBUFFER_D67D80FE,763,687,76,4,12
raw,M_DOSRAW_LIVE_14427091,848,810,38,2,18
raw,M_DOSRAW_VALIDEXTENT_84EF7CCB,819,762,57,3,20
raw,M_FSREGISTRY_STAMP_BE264D84,496,458,38,2,16
raw,M_FSLOCKS_ADD_DEA4C903,521,483,38,2,12
raw,M_FSLOCKS_APPEND_3EC68462,1678,1564,114,6,14
raw,M_FSPACKET_ERROR_61E70414,622,603,19,1,16
raw,M_FSPACKET_PUBLISHOPENSTEP_55EACFB5,1149,1130,19,1,22
raw,M_FSPACKET_CLOSESTEP_61A48B9C,872,853,19,1,18
raw,M_MYDOS_DATASECTOR_95277D3B,930,873,57,3,12
raw,M_MYDOS_VALIDDIRECTORY_1CF8F62E,818,761,57,3,20
raw,M_MYDOS_EXTENT_5BCD29B5,1911,1835,76,4,28
raw,M_MYDOS_HEADER_A95A323A,1192,1135,57,3,26
raw,M_MYDOS_BEGINMOUNT_AA58F6DF,552,514,38,2,10
raw,M_MYDOS_MOUNTBUFFERED_114678B9,440,402,38,2,16
raw,M_MYDOS_MOUNT_2B42A118,434,396,38,2,12
raw,M_MYDOS_LIVE_1E4E1377,758,682,76,4,14
raw,M_MYDOS_BUFFEREDENTRY_DC465C80,845,807,38,2,26
raw,M_MYDOS_BEGINENTRY_95F170F4,807,731,76,4,12
raw,M_MYDOS_GETENTRY_7D00AFBD,487,468,19,1,14
raw,M_MYDOS_CHOOSE_61B23C5E,564,507,57,3,12
raw,M_MYDOS_DESCEND_C497F8DD,1354,1278,76,4,32
raw,M_MYDOS_STARTRESOLVE_24B3B079,1173,1078,95,5,12
raw,M_MYDOS_RESOLVECOMPONENT_8F2130C4,260,222,38,2,4
raw,M_MYDOS_RESOLVESTEP_4ADA26D9,1137,1023,114,6,14
raw,M_MYDOS_RESOLVE_25FA7BCB,579,560,19,1,14
raw,M_FSINIT_CONFIG_A7C873FA,3192,3059,133,7,24
raw,M_FSINIT_WORKSPACE_ED5E2107,775,718,57,3,16
raw,M_FSINIT_ARRIVAL_302FF83F,739,720,19,1,20
raw,M_FSINIT_ALLOCATEMOUNT_EF481898,1845,1807,38,2,32
raw,M_FSINIT_ALLOCATEBLOCK_5C0916F0,1093,1074,19,1,20
raw,M_FSINIT_FIRST_60F42DBA,333,295,38,2,12
raw,M_FSINIT_ADAPTERSTEP_4F860EAF,328,290,38,2,12
raw,M_FSINIT_WORKSPACESTEP_AC19D935,359,321,38,2,12
raw,M_FSINIT_MOUNTSTEP_D16E7745,385,366,19,1,12
raw,M_FSINIT_BLOCKSTEP_FC8F9559,339,320,19,1,12
raw,M_FSINIT_OPENEDSTEP_3B4623A1,806,787,19,1,16
raw,M_FSINIT_MOUNTEDSTEP_D00F6B02,1318,1280,38,2,16
raw,M_FSINIT_FAILED_4FB7E0CF,191,153,38,2,8
raw,M_FSRELATIVE_ROOT_94E4441A,531,512,19,1,12
raw,M_FSRELATIVE_BEGIN_CB9D8F8D,4194,4156,38,2,34
raw,M_FSRELATIVE_PARENTRESULT_7CE6B959,2697,2659,38,2,20
raw,M_MYDOSFILE_OPEN_0FD3469F,1654,1578,76,4,18
raw,M_MYDOSFILE_SECTORALLOWED_E72DFCC7,884,827,57,3,28
raw,M_MYDOSFILE_VISIT_2F7F40D0,1266,1190,76,4,16
raw,M_MYDOSFILE_TRAILER_58DD2DFC,948,891,57,3,28
raw,M_MYDOSFILE_LINK_86A70D17,1006,930,76,4,18
raw,M_MYDOSFILE_VALIDATE_CCD11D35,1234,1158,76,4,16
raw,M_MYDOSFILE_FAIL_8A60C23B,382,363,19,1,12
raw,M_MYDOSFILE_FINISH_E4A712C2,498,479,19,1,16
raw,M_MYDOSFILE_BEGINREAD_56DCAA56,2154,2135,19,1,18
raw,M_MYDOSFILE_TARGET_3D0FAE04,1895,1876,19,1,18
raw,M_MYDOSFILE_BEGINSEEK_007E9A86,1512,1493,19,1,12
raw,M_MYDOSFILE_LOCATE_F172D4F1,1110,1072,38,2,22
raw,M_MYDOSFILE_CONSUME_CDF927EF,1274,1255,19,1,20
raw,M_MYDOSFILE_CONTINUEOPERATION_DDF4199B,1104,1085,19,1,14
raw,M_FSDIRECTORY_LOCKCURSORSTEP_29BACC3E,887,868,19,1,16
raw,M_FSDIRECTORY_SELECTSTEP_815DA095,1383,1364,19,1,20
raw,M_FSDIRECTORY_INFOSTEP_3CC6E53D,862,843,19,1,16
raw,M_FSDIRECTORY_RESTORESTEP_8AADA789,1401,1363,38,2,16
raw,M_FSDIRECTORY_STATESTEP_73ED4FBC,1234,1215,19,1,18
raw,M_FSDIRECTORY_ENTRYSTEP_D4EA4ABB,669,650,19,1,16
raw,M_FSDIRECTORY_ENTRYRESULTSTEP_4C458A60,949,911,38,2,16
raw,M_FSDIRECTORY_SIZESTEP_0C182F8A,1204,1166,38,2,16
raw,M_FSDIRECTORY_SIZESTARTSTEP_F40FBDAE,317,279,38,2,16
raw,M_FSDIRECTORY_SIZECONTINUESTEP_1EAFA525,1005,967,38,2,16
raw,M_FSDIRECTORY_CLEARSTEP_2A4A8FB8,245,226,19,1,12
raw,M_FSDIRECTORY_NAMESTEP_97C5C3EC,380,361,19,1,20
raw,M_FSDIRECTORY_FILLSTEP_E0581636,382,363,19,1,20
raw,M_FSDIRECTORY_PUBLISHSTEP_CC8DC0F6,467,448,19,1,16
raw,M_FSIO_COMPLETE_3A967BA3,907,869,38,2,24
raw,M_FSHANDLER_OPENRESULTSTEP_0C25E5DB,1666,1647,19,1,16
raw,M_FSHANDLER_CURSORSTEP_0CA2CA5E,798,779,19,1,16
raw,M_FSHANDLER_OPENSTEP_A7675710,1148,1129,19,1,18
raw,M_FSHANDLER_LOCKSTEP_E0A0D2D5,789,770,19,1,16
raw,M_FSHANDLER_RESOLVEREADYSTEP_BDBFDED1,289,270,19,1,16
raw,M_FSHANDLER_OPERATIONRESULT_4184CBFA,881,843,38,2,12
raw,M_FSHANDLER_FILESELECTSTEP_BED2DD8A,1565,1527,38,2,20
raw,M_FSHANDLER_ARGUMENTSSTEP_DD745A90,1148,1129,19,1,16
raw,M_FSHANDLER_DISPATCHSTEP_D149BF3A,1090,1071,19,1,20
raw,M_FSHANDLER_MEDIASTEP_8DCF2858,1163,1144,19,1,20
raw,M_FSHANDLER_ACTIONSTEP_7D527A4E,1798,1722,76,4,18
raw,M_FSHANDLER_TAKESTEP_E4E18A11,916,878,38,2,22
raw,M_FSHANDLER_COMPONENTSTEP_389CA8B9,441,422,19,1,16
raw,M_FSHANDLER_RESOLVESTEP_D6E79D38,1142,1085,57,3,16
raw,M_FSMOUNT_DISPATCH_FD59F08F,479,460,19,1,24
raw,M_FSMOUNT_SELECTSTEP_8E807607,1621,1583,38,2,28
raw,M_FSMOUNT_COMMANDSTEP_B1883B1A,1064,1026,38,2,22
raw,M_FSMOUNT_REMOVESTEP_BBB2975B,937,918,19,1,12
raw,M_FSMOUNT_DESTROYSTEP_4CF540E7,400,381,19,1,16
raw,M_FSMUX_CONTROL_16FCB25F,414,376,38,2,16
raw,M_FSMUX_TAKE_F08F7501,607,550,57,3,12
raw,M_FSBOOT_BEGINSERVICE_BC5D2672,972,915,57,3,20
raw,M_FSBOOT_ENSURE_06ED6F00,1039,1020,19,1,16
raw,M_FSBOOT_STOP_AD5246E2,1819,1743,76,4,30
raw,M_DOSCALLS_CONFIGURED_B6EDEF76,678,621,57,3,20
raw,M_DOSCALLS_DESTINATION_E6EBC832,1066,952,114,6,12
raw,M_DOSCALLS_SELECTIONREADY_28C831A1,373,316,57,3,12
raw,M_DOSCALLS_LIVESELECTION_2BE04852,705,629,76,4,12
raw,M_SHELLAPP_SHELLEQUAL_EF077ADE,517,498,19,1,14
raw,M_SHELLAPP_SHELLPARSE_A4976CAB,5944,5735,209,11,30
raw,M_SHELLAPP_SHELLREDIRECT_BB31A89E,2927,2813,114,6,26
raw,M_SHELLAPP_SHELLOPEN_DC32811A,2054,1959,95,5,16
raw,M_SHELLAPP_SHELLSTART_D37857EA,382,363,19,1,4
raw,M_SHELLAPP_SHELLBOOTSIO_1538A419,1325,1249,76,4,30
raw,M_SHELLAPP_SHELLBOOTSTART_6A4872BE,3482,3406,76,4,14
opt,M_HEAPPOLICY_FLAGSVALID_4BF22F96,938,862,76,4,20
opt,M_TASKPOLICY_WRITABLE_0565D862,928,871,57,3,24
opt,M_TASKPOLICY_AVAILABLERECORD_80983EA0,787,730,57,3,26
opt,M_TASKPOLICY_VALIDENTRY_58BA8A58,303,265,38,2,12
opt,M_TASKPOLICY_SAMENAME_968CD62D,446,389,57,3,14
opt,M_TASKPOLICY_ALLOCATEBIT_A349E154,1042,1004,38,2,20
opt,M_TASKPOLICY_COMPLETEWAIT_31FB45E4,494,437,57,3,14
opt,M_TASKPOLICY_POSTSIGNAL_10773240,422,384,38,2,12
opt,M_TASKPOLICY_DRAINONE_68E56764,638,543,95,5,12
opt,M_TASKPOLICY_DRAINWAKES_15F017CB,387,368,19,1,4
opt,M_TASKPOLICY_BOUNDPRODUCER_6D7B4E54,621,602,19,1,8
opt,M_TASKPOLICY_MEMORYPACKET_B36B55BB,428,409,19,1,16
opt,M_TASKPOLICY_PORTSTORAGE_D3468DA2,309,290,19,1,10
opt,M_TASKPOLICY_VALIDPORT_7710F985,366,290,76,4,4
opt,M_TASKPOLICY_VALIDMESSAGE_C0DE7739,385,366,19,1,10
opt,M_TASKPOLICY_INITIO_35D5D1E4,617,598,19,1,14
opt,M_TASKPOLICY_IOEXTENT_9818C08A,507,469,38,2,18
opt,M_TASKPOLICY_IONAME_8B922013,225,206,19,1,8
opt,M_TASKPOLICY_IOBOUND_33A4879E,286,248,38,2,4
opt,M_TASKPOLICY_IOWAITOWNER_63A51E9E,453,434,19,1,16
opt,M_TASKPOLICY_SIOBOUND_346E47DB,1116,1059,57,3,22
opt,M_TASKPOLICY_SIOADMIT_DC2C0CF4,819,743,76,4,20
opt,M_TASKPOLICY_SIORESIDENTCOUNT_72BFE78E,243,224,19,1,12
opt,M_TASKPOLICY_DOSCANREMOVE_DB41E74E,486,467,19,1,16
opt,M_TASKPOLICY_DOSRESIDENTCOUNT_ABEF6AC1,229,210,19,1,12
opt,M_TASKPOLICY_CONSOLEPACKETVALID_068AA429,328,309,19,1,14
opt,M_TASKPOLICY_CONSOLEIDLE_D6547573,555,517,38,2,8
opt,M_TASKPOLICY_CONSOLEIMMEDIATE_DAE617FC,1355,1184,171,9,14
opt,M_TASKPOLICY_CONSOLEADMIT_A01C3E0C,1709,1652,57,3,30
opt,M_TASKPOLICY_CONSOLERUNNABLE_8934D92E,1008,894,114,6,16
opt,M_TASKPOLICY_CONSOLERESIDENTCOUNT_6078C646,284,265,19,1,12
opt,M_TASKPOLICY_CONSOLECANREMOVE_6BA935F9,1102,1026,76,4,24
opt,M_TASKPOLICY_REQUESTVALID_195CAC51,3192,2926,266,14,6
opt,M_CONSOLECORE_EXTENT_83D9960B,1182,1106,76,4,28
opt,M_CONSOLECORE_INIT_F63331F9,820,744,76,4,16
opt,M_CONSOLEDISPLAY_GLYPH_DCC4F92E,208,189,19,1,10
opt,M_CONSOLEDISPLAY_LISTVALID_C50FC922,1247,1114,133,7,12
opt,M_CONSOLEDISPLAY_VALIDATE_33E36106,572,496,76,4,8
opt,M_CONSOLEDISPLAY_GEOMETRY_B00D0334,562,486,76,4,10
opt,M_CONSOLEDISPLAY_CLAIM_0FF5CDD8,1360,1284,76,4,16
opt,M_CONSOLEDRIVER_MAPPED_DAA6A481,1014,919,95,5,24
opt,M_CONSOLEDRIVER_VALIDATE_72D30322,1635,1483,152,8,14
opt,M_CONSOLEDRIVER_INITIALIZE_D6CB2592,2022,1870,152,8,26
opt,M_CONSOLEDRIVER_START_3E6AAC44,834,815,19,1,8
opt,M_CONSOLEDRIVER_STOP_093D3500,592,554,38,2,6
opt,M_SIODRIVER_SIOMAPPED_D1D9A9D6,1014,919,95,5,24
opt,M_SIODRIVER_PAYLOADLENGTH_9F5C9B06,826,712,114,6,8
opt,M_SIODRIVER_SIOVALIDATE_7D355271,2067,1820,247,13,16
opt,M_SIODRIVER_HARDWAREINIT_3568BDA6,975,899,76,4,6
opt,M_SIODRIVER_MATCHES_AEE1C237,378,321,57,3,12
opt,M_SIODRIVER_START_4928F5B4,982,963,19,1,8
opt,M_DOSOBJECTS_UNLINK_C978FCF4,827,789,38,2,22
opt,M_BLOCKIO_GEOMETRY_4529DFEE,752,657,95,5,6
opt,M_BLOCKIO_MAPPED_A9EEA713,1175,1061,114,6,24
opt,M_BLOCKIO_DESTROY_0CC5CBD8,672,615,57,3,8
opt,M_BLOCKIO_DETACH_FC4FFB83,813,756,57,3,12
opt,M_BLOCKIO_CACHED_7ABF0DB0,1058,982,76,4,12
opt,M_BLOCKIO_BEGINFETCH_6B9D7F07,799,742,57,3,28
opt,M_MYDOSNAMES_LEGAL_C9AD70C6,274,198,76,4,2
opt,M_MYDOSNAMES_STORED_9F1E578A,701,644,57,3,8
opt,M_MYDOSNAMES_MATCH_52630F12,628,571,57,3,10
opt,M_MYDOSNAMES_COMPONENT_FF2F5328,1560,1446,114,6,14
opt,M_FSNAMES_STREAM_12DD2A4A,2565,2432,133,7,4
opt,M_FSNAMES_MAPPED_324F42A3,829,810,19,1,20
opt,M_FSNAMES_ALIAS_A2F2B006,500,481,19,1,8
opt,M_FSNAMES_SAMEALIAS_76260CCC,528,471,57,3,8
opt,M_FSNAMES_VALIDALIAS_36EB4E14,518,480,38,2,10
opt,M_DOSSTREAMS_VALIDBUFFER_D67D80FE,707,631,76,4,12
opt,M_DOSRAW_LIVE_14427091,821,783,38,2,18
opt,M_DOSRAW_VALIDEXTENT_84EF7CCB,810,734,76,4,20
opt,M_FSREGISTRY_STAMP_BE264D84,472,434,38,2,16
opt,M_FSLOCKS_ADD_DEA4C903,516,478,38,2,12
opt,M_FSLOCKS_APPEND_3EC68462,1701,1549,152,8,14
opt,M_FSPACKET_ERROR_61E70414,598,579,19,1,14
opt,M_FSPACKET_PUBLISHOPENSTEP_55EACFB5,1066,1047,19,1,18
opt,M_FSPACKET_CLOSESTEP_61A48B9C,825,806,19,1,18
opt,M_MYDOS_DATASECTOR_95277D3B,874,817,57,3,12
opt,M_MYDOS_VALIDDIRECTORY_1CF8F62E,806,749,57,3,18
opt,M_MYDOS_EXTENT_5BCD29B5,1718,1642,76,4,22
opt,M_MYDOS_HEADER_A95A323A,1159,1102,57,3,26
opt,M_MYDOS_BEGINMOUNT_AA58F6DF,527,489,38,2,8
opt,M_MYDOS_MOUNTBUFFERED_114678B9,442,404,38,2,16
opt,M_MYDOS_MOUNT_2B42A118,422,384,38,2,8
opt,M_MYDOS_LIVE_1E4E1377,780,685,95,5,14
opt,M_MYDOS_BUFFEREDENTRY_DC465C80,845,807,38,2,26
opt,M_MYDOS_BEGINENTRY_95F170F4,802,726,76,4,12
opt,M_MYDOS_GETENTRY_7D00AFBD,475,456,19,1,14
opt,M_MYDOS_CHOOSE_61B23C5E,568,511,57,3,12
opt,M_MYDOS_DESCEND_C497F8DD,1288,1212,76,4,26
opt,M_MYDOS_STARTRESOLVE_24B3B079,1147,1052,95,5,12
opt,M_MYDOS_RESOLVECOMPONENT_8F2130C4,260,222,38,2,4
opt,M_MYDOS_RESOLVESTEP_4ADA26D9,1105,991,114,6,12
opt,M_MYDOS_RESOLVE_25FA7BCB,579,560,19,1,12
opt,M_FSINIT_CONFIG_A7C873FA,2962,2829,133,7,22
opt,M_FSINIT_WORKSPACE_ED5E2107,639,582,57,3,12
opt,M_FSINIT_ARRIVAL_302FF83F,662,643,19,1,12
opt,M_FSINIT_ALLOCATEMOUNT_EF481898,1612,1574,38,2,26
opt,M_FSINIT_ALLOCATEBLOCK_5C0916F0,1017,998,19,1,18
opt,M_FSINIT_FIRST_60F42DBA,327,289,38,2,12
opt,M_FSINIT_ADAPTERSTEP_4F860EAF,320,282,38,2,12
opt,M_FSINIT_WORKSPACESTEP_AC19D935,351,313,38,2,12
opt,M_FSINIT_MOUNTSTEP_D16E7745,379,360,19,1,12
opt,M_FSINIT_BLOCKSTEP_FC8F9559,331,312,19,1,12
opt,M_FSINIT_OPENEDSTEP_3B4623A1,782,763,19,1,16
opt,M_FSINIT_MOUNTEDSTEP_D00F6B02,1282,1225,57,3,16
opt,M_FSINIT_FAILED_4FB7E0CF,191,153,38,2,8
opt,M_FSRELATIVE_ROOT_94E4441A,515,496,19,1,12
opt,M_FSRELATIVE_BEGIN_CB9D8F8D,3933,3895,38,2,30
opt,M_FSRELATIVE_PARENTRESULT_7CE6B959,2409,2371,38,2,16
opt,M_MYDOSFILE_OPEN_0FD3469F,1586,1510,76,4,14
opt,M_MYDOSFILE_SECTORALLOWED_E72DFCC7,804,747,57,3,14
opt,M_MYDOSFILE_VISIT_2F7F40D0,1251,1156,95,5,12
opt,M_MYDOSFILE_TRAILER_58DD2DFC,932,875,57,3,24
opt,M_MYDOSFILE_LINK_86A70D17,986,891,95,5,16
opt,M_MYDOSFILE_VALIDATE_CCD11D35,1211,1135,76,4,12
opt,M_MYDOSFILE_FAIL_8A60C23B,339,320,19,1,12
opt,M_MYDOSFILE_FINISH_E4A712C2,482,463,19,1,16
opt,M_MYDOSFILE_BEGINREAD_56DCAA56,2077,2039,38,2,14
opt,M_MYDOSFILE_TARGET_3D0FAE04,1795,1776,19,1,16
opt,M_MYDOSFILE_BEGINSEEK_007E9A86,1410,1391,19,1,12
opt,M_MYDOSFILE_LOCATE_F172D4F1,1083,1045,38,2,22
opt,M_MYDOSFILE_CONSUME_CDF927EF,1236,1217,19,1,20
opt,M_MYDOSFILE_CONTINUEOPERATION_DDF4199B,1073,1054,19,1,14
opt,M_FSDIRECTORY_LOCKCURSORSTEP_29BACC3E,807,788,19,1,18
opt,M_FSDIRECTORY_SELECTSTEP_815DA095,1326,1288,38,2,20
opt,M_FSDIRECTORY_INFOSTEP_3CC6E53D,786,767,19,1,16
opt,M_FSDIRECTORY_RESTORESTEP_8AADA789,1253,1215,38,2,18
opt,M_FSDIRECTORY_STATESTEP_73ED4FBC,1170,1151,19,1,18
opt,M_FSDIRECTORY_ENTRYSTEP_D4EA4ABB,649,630,19,1,16
opt,M_FSDIRECTORY_ENTRYRESULTSTEP_4C458A60,921,883,38,2,16
opt,M_FSDIRECTORY_SIZESTEP_0C182F8A,1170,1132,38,2,16
opt,M_FSDIRECTORY_SIZESTARTSTEP_F40FBDAE,309,271,38,2,16
opt,M_FSDIRECTORY_SIZECONTINUESTEP_1EAFA525,970,932,38,2,16
opt,M_FSDIRECTORY_CLEARSTEP_2A4A8FB8,237,218,19,1,12
opt,M_FSDIRECTORY_NAMESTEP_97C5C3EC,372,353,19,1,20
opt,M_FSDIRECTORY_FILLSTEP_E0581636,374,355,19,1,20
opt,M_FSDIRECTORY_PUBLISHSTEP_CC8DC0F6,420,401,19,1,16
opt,M_FSIO_COMPLETE_3A967BA3,932,875,57,3,24
opt,M_FSHANDLER_OPENRESULTSTEP_0C25E5DB,1587,1549,38,2,16
opt,M_FSHANDLER_CURSORSTEP_0CA2CA5E,782,763,19,1,16
opt,M_FSHANDLER_OPENSTEP_A7675710,1088,1069,19,1,18
opt,M_FSHANDLER_LOCKSTEP_E0A0D2D5,735,716,19,1,16
opt,M_FSHANDLER_RESOLVEREADYSTEP_BDBFDED1,308,270,38,2,16
opt,M_FSHANDLER_OPERATIONRESULT_4184CBFA,869,831,38,2,12
opt,M_FSHANDLER_FILESELECTSTEP_BED2DD8A,1463,1425,38,2,20
opt,M_FSHANDLER_ARGUMENTSSTEP_DD745A90,1139,1101,38,2,16
opt,M_FSHANDLER_DISPATCHSTEP_D149BF3A,1025,1006,19,1,20
opt,M_FSHANDLER_MEDIASTEP_8DCF2858,1095,1076,19,1,20
opt,M_FSHANDLER_ACTIONSTEP_7D527A4E,1616,1540,76,4,16
opt,M_FSHANDLER_TAKESTEP_E4E18A11,776,738,38,2,22
opt,M_FSHANDLER_COMPONENTSTEP_389CA8B9,425,406,19,1,16
opt,M_FSHANDLER_RESOLVESTEP_D6E79D38,1106,1049,57,3,16
opt,M_FSMOUNT_DISPATCH_FD59F08F,495,476,19,1,12
opt,M_FSMOUNT_SELECTSTEP_8E807607,1486,1448,38,2,24
opt,M_FSMOUNT_COMMANDSTEP_B1883B1A,964,926,38,2,20
opt,M_FSMOUNT_REMOVESTEP_BBB2975B,886,867,19,1,12
opt,M_FSMOUNT_DESTROYSTEP_4CF540E7,345,326,19,1,12
opt,M_FSMUX_CONTROL_16FCB25F,406,368,38,2,16
opt,M_FSMUX_TAKE_F08F7501,599,542,57,3,12
opt,M_FSBOOT_BEGINSERVICE_BC5D2672,864,807,57,3,16
opt,M_FSBOOT_ENSURE_06ED6F00,915,896,19,1,10
opt,M_FSBOOT_STOP_AD5246E2,1613,1537,76,4,28
opt,M_DOSCALLS_CONFIGURED_B6EDEF76,638,581,57,3,20
opt,M_DOSCALLS_DESTINATION_E6EBC832,1001,887,114,6,12
opt,M_DOSCALLS_SELECTIONREADY_28C831A1,400,324,76,4,12
opt,M_DOSCALLS_LIVESELECTION_2BE04852,728,633,95,5,12
opt,M_SHELLAPP_SHELLEQUAL_EF077ADE,500,481,19,1,10
opt,M_SHELLAPP_SHELLPARSE_A4976CAB,5559,5350,209,11,26
opt,M_SHELLAPP_SHELLREDIRECT_BB31A89E,2766,2633,133,7,20
opt,M_SHELLAPP_SHELLOPEN_DC32811A,1820,1725,95,5,12
opt,M_SHELLAPP_SHELLSTART_D37857EA,382,363,19,1,4
opt,M_SHELLAPP_SHELLBOOTSIO_1538A419,1167,1091,76,4,22
opt,M_SHELLAPP_SHELLBOOTSTART_6A4872BE,3418,3342,76,4,12
