routine,block,operation,kind,before_bytes,after_bytes,saved_bytes
M_EXECMEMORY_ADOPT_494D3B99,22,0,Store/2/External,14,7,7
M_EXECMEMORY_RELEASE_A6E307FC,14,2,Store/2/LongIndexed,63,59,4
M_EXECLISTS_NEWLIST_B3502541,0,5,Store/3/LongIndirect,31,23,8
M_HEAPCORE_RESERVE_2192E9C0,7,0,Store/3/AutomaticFrame,14,9,5
M_HEAPCORE_RETURNRANGE_11C95A83,5,0,Store/3/AutomaticFrame,14,9,5
M_HEAPPOLICY_SHUTDOWN_9E341637,3,1,Store/2/LongIndirect,24,16,8
M_HEAPPOLICY_REGION_F42DC07D,0,3,Store/3/LongIndirect,28,20,8
M_HEAPPOLICY_REGION_F42DC07D,0,5,Store/3/LongIndirect,31,23,8
M_HEAPPOLICY_REGION_F42DC07D,0,11,Store/3/LongIndirect,31,23,8
M_HEAPPOLICY_REGION_F42DC07D,0,13,Store/2/LongIndirect,24,16,8
M_HEAPPOLICY_REGION_F42DC07D,0,41,Store/3/LongIndirect,28,20,8
M_HEAPPOLICY_START_1455FA91,12,0,Store/2/AutomaticFrame,10,5,5
M_HEAPPOLICY_START_1455FA91,17,0,Store/2/AutomaticFrame,10,5,5
M_HEAPPOLICY_FLAGSVALID_4BF22F96,0,0,Store/4/AutomaticFrame,18,10,8
M_HEAPPOLICY_FLAGSVALID_4BF22F96,1,0,Store/4/AutomaticFrame,18,10,8
M_TASKPOLICY_PREPARESTACK_1A1C583B,2,1,Store/2/LongIndexed,54,50,4
M_TASKPOLICY_PREPAREDOMAIN_45DA3401,2,0,Store/2/LongIndexed,54,50,4
M_TASKPOLICY_PREPAREDOMAIN_45DA3401,6,0,Store/2/LongIndexed,54,50,4
M_TASKPOLICY_PREPAREFRAME_D5FF2FA0,4,1,Store/3/LongIndirect,28,22,6
M_TASKPOLICY_PREPAREFRAME_D5FF2FA0,5,1,Store/3/LongIndirect,28,22,6
M_TASKPOLICY_PREPAREFRAME_D5FF2FA0,6,4,Store/3/LongIndirect,28,22,6
M_TASKPOLICY_INITSIGNALS_5C831CB9,0,8,Store/3/LongIndirect,31,23,8
M_TASKPOLICY_INITSIGNALS_5C831CB9,0,10,Store/3/LongIndirect,31,23,8
M_TASKPOLICY_INITSIGNALS_5C831CB9,0,12,Store/4/LongIndirect,38,24,14
M_TASKPOLICY_INITSIGNALS_5C831CB9,0,14,Store/4/LongIndirect,38,21,17
M_TASKPOLICY_INITSIGNALS_5C831CB9,0,16,Store/4/LongIndirect,38,21,17
M_TASKPOLICY_INITSIGNALS_5C831CB9,0,18,Store/4/LongIndirect,38,21,17
M_TASKPOLICY_ADMIT_CF1671AB,0,0,Store/3/AutomaticFrame,14,11,3
M_TASKPOLICY_ADMIT_CF1671AB,0,13,Store/2/LongIndirect,24,16,8
M_TASKPOLICY_ADMIT_CF1671AB,0,17,Store/2/LongIndirect,24,16,8
M_TASKPOLICY_INIT_57A5FAC8,4,0,Store/3/AutomaticFrame,14,11,3
M_TASKPOLICY_INIT_57A5FAC8,4,1,Store/3/AutomaticFrame,12,12,0
M_TASKPOLICY_INIT_57A5FAC8,4,2,Store/3/AutomaticFrame,12,12,0
M_TASKPOLICY_INIT_57A5FAC8,4,7,Store/2/LongIndirect,24,16,8
M_TASKPOLICY_INIT_57A5FAC8,4,9,Store/2/LongIndirect,24,16,8
M_TASKPOLICY_INIT_57A5FAC8,6,2,Store/3/LongIndirect,30,22,8
M_TASKPOLICY_INIT_57A5FAC8,6,4,Store/2/LongIndirect,26,18,8
M_TASKPOLICY_INIT_57A5FAC8,6,9,Store/3/LongIndirect,33,25,8
M_TASKPOLICY_INIT_57A5FAC8,6,10,Store/2/LongIndirect,26,18,8
M_TASKPOLICY_REMOVETASK_35F29A21,0,0,Store/3/AutomaticFrame,14,11,3
M_TASKPOLICY_REMOVETASK_35F29A21,16,5,Store/3/LongIndirect,31,23,8
M_TASKPOLICY_REMOVETASK_35F29A21,16,7,Store/4/LongIndirect,38,21,17
M_TASKPOLICY_REMOVETASK_35F29A21,16,13,Store/3/LongIndirect,28,20,8
M_TASKPOLICY_REMOVETASK_35F29A21,16,17,Store/2/LongIndirect,24,16,8
M_TASKPOLICY_REMOVETASK_35F29A21,16,21,Store/2/LongIndirect,24,16,8
M_TASKPOLICY_REMOVETASK_35F29A21,16,23,Store/3/LongIndirect,31,23,8
M_TASKPOLICY_PRODUCERCONTROL_52F9499B,0,0,Store/3/AutomaticFrame,14,11,3
M_TASKPOLICY_PRODUCERCONTROL_52F9499B,4,2,Store/3/LongIndirect,28,20,8
M_TASKPOLICY_PRODUCERCONTROL_52F9499B,4,4,Store/3/LongIndirect,31,23,8
M_TASKPOLICY_PRODUCERCONTROL_52F9499B,4,6,Store/4/LongIndirect,38,21,17
M_TASKPOLICY_MEMORYPACKET_B36B55BB,0,3,Store/2/AutomaticFrame,10,5,5
M_TASKPOLICY_MEMORYPACKET_B36B55BB,1,0,Store/2/AutomaticFrame,10,5,5
M_TASKPOLICY_MEMORYPACKET_B36B55BB,4,0,Store/2/AutomaticFrame,10,5,5
M_TASKPOLICY_SENDMESSAGE_7332557D,2,0,Store/3/AutomaticFrame,14,9,5
M_TASKPOLICY_SENDMESSAGE_7332557D,2,1,Store/4/AutomaticFrame,16,9,7
M_TASKPOLICY_PORTHEAD_A12A0751,8,0,Store/3/AutomaticFrame,14,9,5
M_TASKPOLICY_PORTCALL_70989793,0,3,Store/2/AutomaticFrame,10,5,5
M_TASKPOLICY_PORTCALL_70989793,1,0,Store/2/AutomaticFrame,10,5,5
M_TASKPOLICY_INITIONAMES_D8642B1E,0,2,Store/2/LongIndexed,58,54,4
M_TASKPOLICY_INITIONAMES_D8642B1E,0,4,Store/2/LongIndexed,58,54,4
M_TASKPOLICY_INITIONAMES_D8642B1E,0,6,Store/2/LongIndexed,58,54,4
M_TASKPOLICY_INITIONAMES_D8642B1E,0,8,Store/2/LongIndexed,58,54,4
M_TASKPOLICY_INITIONAMES_D8642B1E,0,10,Store/2/LongIndexed,58,54,4
M_TASKPOLICY_INITIONAMES_D8642B1E,0,12,Store/2/LongIndexed,58,54,4
M_TASKPOLICY_INITIONAMES_D8642B1E,0,14,Store/2/LongIndexed,58,54,4
M_TASKPOLICY_INITIONAMES_D8642B1E,0,16,Store/2/LongIndexed,58,54,4
M_TASKPOLICY_INITIONAMES_D8642B1E,0,18,Store/2/LongIndexed,58,54,4
M_TASKPOLICY_INITIONAMES_D8642B1E,0,20,Store/2/LongIndexed,58,54,4
M_TASKPOLICY_INITIONAMES_D8642B1E,0,22,Store/2/LongIndexed,58,54,4
M_TASKPOLICY_INITIONAMES_D8642B1E,0,24,Store/2/LongIndexed,58,54,4
M_TASKPOLICY_INITIONAMES_D8642B1E,0,26,Store/2/LongIndexed,58,54,4
M_TASKPOLICY_INITIONAMES_D8642B1E,0,28,Store/2/LongIndexed,58,54,4
M_TASKPOLICY_INITIONAMES_D8642B1E,0,30,Store/2/LongIndexed,58,54,4
M_TASKPOLICY_INITIONAMES_D8642B1E,0,32,Store/2/LongIndexed,58,54,4
M_TASKPOLICY_INITIO_35D5D1E4,4,2,Store/2/LongIndirect,21,13,8
M_TASKPOLICY_INITIO_35D5D1E4,4,7,Store/2/LongIndirect,21,13,8
M_TASKPOLICY_INITIO_35D5D1E4,4,19,Store/3/LongIndirect,31,23,8
M_TASKPOLICY_INITIO_35D5D1E4,4,25,Store/3/LongIndirect,31,23,8
M_TASKPOLICY_INITIO_35D5D1E4,4,27,Store/4/LongIndirect,38,21,17
M_TASKPOLICY_IOOPEN_15F8E966,2,1,Store/3/LongIndirect,31,23,8
M_TASKPOLICY_IOOPEN_15F8E966,2,3,Store/3/LongIndirect,31,23,8
M_TASKPOLICY_IOTESTBEGIN_2E780855,5,2,Store/4/LongIndirect,38,21,17
M_TASKPOLICY_IOWORKERCONTROL_3D43EE5B,5,4,Store/4/LongIndirect,38,24,14
M_TASKPOLICY_IOWORKERCONTROL_3D43EE5B,11,1,Store/3/LongIndirect,31,23,8
M_TASKPOLICY_IOWORKERCONTROL_3D43EE5B,11,3,Store/4/LongIndirect,38,21,17
M_TASKPOLICY_IOTESTFINISH_35E02F77,4,4,Store/4/LongIndirect,38,24,14
M_TASKPOLICY_IOTESTFINISH_35E02F77,5,1,Store/3/LongIndirect,31,23,8
M_TASKPOLICY_IOCALL_78031962,0,3,Store/2/AutomaticFrame,10,5,5
M_TASKPOLICY_IOCALL_78031962,1,0,Store/2/AutomaticFrame,10,5,5
M_TASKPOLICY_IOCALL_78031962,3,0,Store/2/AutomaticFrame,10,5,5
M_TASKPOLICY_IOCALL_78031962,5,0,Store/2/AutomaticFrame,10,5,5
M_TASKPOLICY_IOSETTLEDCALL_042AE5B9,10,7,Store/3/LongIndirect,31,23,8
M_TASKPOLICY_IOSETTLEDCALL_042AE5B9,10,9,Store/3/LongIndirect,31,23,8
M_TASKPOLICY_IOSETTLEDCALL_042AE5B9,17,0,Store/3/AutomaticFrame,14,9,5
M_TASKPOLICY_INITSIOSTATE_10B63F2C,3,2,Store/2/LongIndexed,58,54,4
M_TASKPOLICY_INITSIOSTATE_10B63F2C,3,4,Store/2/LongIndexed,58,54,4
M_TASKPOLICY_INITSIOSTATE_10B63F2C,3,6,Store/2/LongIndexed,58,54,4
M_TASKPOLICY_INITSIOSTATE_10B63F2C,3,8,Store/2/LongIndexed,58,54,4
M_TASKPOLICY_INITSIOSTATE_10B63F2C,3,10,Store/2/LongIndexed,58,54,4
M_TASKPOLICY_INITSIOSTATE_10B63F2C,3,12,Store/2/LongIndexed,58,54,4
M_TASKPOLICY_SIOPREPAREBUS_A2AD2C52,0,9,Store/3/LongIndirect,31,23,8
M_TASKPOLICY_SIOADMIT_DC2C0CF4,4,0,Store/3/AutomaticFrame,14,9,5
M_TASKPOLICY_SIOADMIT_DC2C0CF4,9,0,Store/3/AutomaticFrame,14,9,5
M_TASKPOLICY_SIOFINISH_B1C2A78C,2,3,Store/3/AutomaticFrame,14,11,3
M_TASKPOLICY_SIOFINISH_B1C2A78C,5,1,Store/3/LongIndirect,31,23,8
M_TASKPOLICY_SIOFINISH_B1C2A78C,6,3,Store/4/LongIndirect,38,21,17
M_TASKPOLICY_SIOREMOVED_B08060ED,1,1,Store/3/LongIndirect,31,23,8
M_TASKPOLICY_DOSRESET_224DFB33,0,3,Store/3/LongIndirect,28,20,8
M_TASKPOLICY_DOSRESET_224DFB33,0,8,Store/4/LongIndirect,38,21,17
M_TASKPOLICY_DOSRESET_224DFB33,0,12,Store/3/LongIndirect,31,23,8
M_TASKPOLICY_DOSINIT_97B41A44,6,23,Store/3/LongIndirect,31,25,6
M_TASKPOLICY_DOSREMOVED_D36757B2,1,1,Store/3/LongIndirect,31,23,8
M_TASKPOLICY_DOSADMIT_DEA63DC3,4,0,Store/3/AutomaticFrame,14,9,5
M_TASKPOLICY_DOSADMIT_DEA63DC3,9,0,Store/3/AutomaticFrame,14,9,5
M_TASKPOLICY_CONSOLEFORGETBINDING_5044609F,0,2,Store/3/LongIndirect,28,20,8
M_TASKPOLICY_CONSOLEFORGETBINDING_5044609F,0,4,Store/3/LongIndirect,31,23,8
M_TASKPOLICY_CONSOLEFORGETBINDING_5044609F,0,6,Store/4/LongIndirect,38,21,17
M_TASKPOLICY_CONSOLENAMES_B9E6EA95,0,2,Store/2/LongIndexed,58,54,4
M_TASKPOLICY_CONSOLENAMES_B9E6EA95,0,4,Store/2/LongIndexed,58,54,4
M_TASKPOLICY_CONSOLENAMES_B9E6EA95,0,6,Store/2/LongIndexed,58,54,4
M_TASKPOLICY_CONSOLENAMES_B9E6EA95,0,8,Store/2/LongIndexed,58,54,4
M_TASKPOLICY_CONSOLENAMES_B9E6EA95,0,10,Store/2/LongIndexed,58,54,4
M_TASKPOLICY_CONSOLENAMES_B9E6EA95,0,12,Store/2/LongIndexed,58,54,4
M_TASKPOLICY_CONSOLENAMES_B9E6EA95,0,14,Store/2/LongIndexed,58,54,4
M_TASKPOLICY_CONSOLEOPEN_4090447D,10,4,Store/2/LongIndirect,24,16,8
M_TASKPOLICY_CONSOLEOPEN_4090447D,10,6,Store/2/LongIndirect,24,16,8
M_TASKPOLICY_CONSOLEOPEN_4090447D,10,8,Store/2/LongIndirect,24,16,8
M_TASKPOLICY_CONSOLEOPEN_4090447D,10,16,Store/2/LongIndirect,24,16,8
M_TASKPOLICY_CONSOLECLOSE_04E65EB3,2,3,Store/2/LongIndirect,24,16,8
M_TASKPOLICY_CONSOLECLOSE_04E65EB3,2,5,Store/2/LongIndirect,24,16,8
M_TASKPOLICY_CONSOLECLOSE_04E65EB3,2,7,Store/2/LongIndirect,24,16,8
M_TASKPOLICY_CONSOLECLOSE_04E65EB3,2,9,Store/2/LongIndirect,24,16,8
M_TASKPOLICY_CONSOLECLOSE_04E65EB3,2,18,Store/3/LongIndirect,31,23,8
M_TASKPOLICY_CONSOLECLOSE_04E65EB3,2,20,Store/3/LongIndirect,31,23,8
M_TASKPOLICY_CONSOLEIMMEDIATE_DAE617FC,2,1,Store/4/LongIndirect,38,21,17
M_TASKPOLICY_CONSOLEABORT_CCCE9F0D,8,1,Store/3/LongIndirect,31,23,8
M_TASKPOLICY_CONSOLEADMIT_A01C3E0C,5,0,Store/3/AutomaticFrame,14,9,5
M_TASKPOLICY_CONSOLEADMIT_A01C3E0C,10,0,Store/3/AutomaticFrame,14,9,5
M_TASKPOLICY_CONSOLEADMIT_A01C3E0C,12,13,Store/2/LongIndirect,24,16,8
M_TASKPOLICY_CONSOLEFINISH_F43924B4,11,1,Store/3/LongIndirect,31,23,8
M_TASKPOLICY_CONSOLEFINISH_F43924B4,19,1,Store/3/LongIndirect,31,23,8
M_TASKPOLICY_CONSOLEFINISH_F43924B4,24,1,Store/3/LongIndirect,31,23,8
M_TASKPOLICY_CONSOLEREMOVED_E0E10625,1,1,Store/3/LongIndirect,31,23,8
M_TASKPOLICY_DISPATCH_2D7B283C,2,0,Store/3/AutomaticFrame,14,11,3
M_CONSOLECORE_INIT_F63331F9,13,12,Store/2/LongIndirect,24,16,8
M_CONSOLECORE_INIT_F63331F9,13,14,Store/2/LongIndirect,24,16,8
M_CONSOLECORE_INIT_F63331F9,13,16,Store/2/LongIndirect,24,16,8
M_CONSOLECORE_INIT_F63331F9,13,18,Store/2/LongIndirect,24,16,8
M_CONSOLECORE_INIT_F63331F9,13,22,Store/2/LongIndirect,24,16,8
M_CONSOLECORE_NEWLINE_97A73E23,0,1,Store/2/LongIndirect,24,16,8
M_CONSOLECORE_NEWLINE_97A73E23,2,3,Store/2/LongIndirect,24,16,8
M_CONSOLECORE_CHARACTER_94A5011A,20,1,Store/2/LongIndirect,24,16,8
M_CONSOLECORE_CHARACTER_94A5011A,20,3,Store/2/LongIndirect,24,16,8
M_CONSOLECORE_CHARACTER_94A5011A,20,5,Store/2/LongIndirect,24,16,8
M_CONSOLECORE_CHARACTER_94A5011A,20,7,Store/2/LongIndirect,24,16,8
M_CONSOLECORE_CHARACTER_94A5011A,22,1,Store/2/LongIndirect,24,16,8
M_CONSOLECORE_FEED_287D49E7,3,0,Store/2/AutomaticFrame,10,5,5
M_CONSOLEWINDOWS_RETIRED_09D5DC06,0,1,Store/3/LongIndirect,31,23,8
M_CONSOLEWINDOWS_RETIRED_09D5DC06,0,2,Store/3/LongIndirect,33,25,8
M_CONSOLEWINDOWS_RETIRED_09D5DC06,0,3,Store/3/LongIndirect,33,25,8
M_CONSOLEWINDOWS_RETIRED_09D5DC06,0,4,Store/4/LongIndirect,40,23,17
M_CONSOLEWINDOWS_RETIRED_09D5DC06,0,5,Store/4/LongIndirect,40,21,19
M_CONSOLEWINDOWS_RETIRED_09D5DC06,0,6,Store/3/LongIndirect,33,23,10
M_CONSOLEFOREGROUND_RECLAIM_59B58C70,16,2,Store/4/LongIndexed,92,79,13
M_CONSOLEFOREGROUND_RECLAIM_59B58C70,16,5,Store/3/LongIndexed,88,84,4
M_CONSOLEFOREGROUND_UNREGISTER_54DD2BA5,2,1,Store/4/LongIndirect,38,21,17
M_CONSOLEFOREGROUND_UNREGISTER_54DD2BA5,2,3,Store/4/LongIndirect,38,21,17
M_CONSOLEFOREGROUND_END_65D34F46,3,1,Store/3/LongIndirect,31,23,8
M_CONSOLEFOREGROUND_END_65D34F46,10,1,Store/3/LongIndexed,88,84,4
M_CONSOLEINPUT_INIT_5076ECFA,0,3,Store/2/LongIndirect,26,18,8
M_CONSOLEINPUT_INIT_5076ECFA,0,4,Store/2/LongIndirect,26,16,10
M_CONSOLEINPUT_INIT_5076ECFA,0,5,Store/2/LongIndirect,26,16,10
M_CONSOLEINPUT_LOSE_42C88EE3,0,2,Store/2/LongIndirect,26,18,8
M_CONSOLEINPUT_LOSE_42C88EE3,0,3,Store/2/LongIndirect,26,16,10
M_CONSOLEINPUT_LOSE_42C88EE3,0,4,Store/2/LongIndirect,26,16,10
M_CONSOLEINPUT_CLEAR_3DEF4D2B,2,3,Store/2/LongIndirect,24,16,8
M_CONSOLEINPUT_CLEAR_3DEF4D2B,2,5,Store/2/LongIndirect,24,16,8
M_CONSOLEINPUT_CLEAR_3DEF4D2B,2,7,Store/2/LongIndirect,24,16,8
M_CONSOLEINPUT_READ_9E7D5EC6,5,0,Store/2/AutomaticFrame,10,5,5
M_CONSOLEDISPLAY_CLAIM_0FF5CDD8,6,15,Store/2/LongIndirect,24,16,8
M_CONSOLEDISPLAY_CLAIM_0FF5CDD8,6,17,Store/2/LongIndirect,24,16,8
M_CONSOLEDISPLAY_CLAIM_0FF5CDD8,6,19,Store/2/LongIndirect,24,16,8
M_CONSOLEDISPLAY_CLAIM_0FF5CDD8,6,21,Store/2/LongIndirect,24,16,8
M_CONSOLEDISPLAY_CLAIM_0FF5CDD8,8,20,Store/2/LongIndirect,24,16,8
M_CONSOLEDISPLAY_CLAIM_0FF5CDD8,8,22,Store/2/LongIndirect,24,16,8
M_CONSOLEDISPLAY_CLAIM_0FF5CDD8,8,30,Store/2/LongIndirect,24,16,8
M_CONSOLEDISPLAY_RELEASE_C2AC22C5,2,18,Store/2/LongIndirect,24,16,8
M_CONSOLEDISPLAY_CELLS_58FB51DD,24,4,Store/2/LongIndirect,24,16,8
M_CONSOLEDRIVER_WRITEQUANTUM_AEE13626,16,6,Store/2/AutomaticFrame,10,5,5
M_CONSOLEDRIVER_READQUANTUM_10EBF725,11,0,Store/2/AutomaticFrame,10,5,5
M_CONSOLEDRIVER_INITIALIZE_D6CB2592,0,5,Store/4/LongIndirect,35,18,17
M_CONSOLEDRIVER_INITIALIZE_D6CB2592,0,7,Store/3/LongIndirect,31,23,8
M_CONSOLEDRIVER_FREESTORAGE_02676B4B,1,4,Store/3/LongIndirect,31,23,8
M_CONSOLEDRIVER_FREESTORAGE_02676B4B,1,6,Store/3/LongIndirect,31,23,8
M_CONSOLEDRIVER_FREESTORAGE_02676B4B,3,4,Store/3/LongIndirect,28,20,8
M_CONSOLEDRIVER_FREESTORAGE_02676B4B,5,4,Store/3/LongIndirect,31,23,8
M_CONSOLEDRIVER_WORKER_589B3ABC,1,1,Store/2/LongIndirect,24,16,8
M_PORTCORE_CREATEMSGPORT_A47550A3,4,3,Store/3/LongIndirect,31,23,8
M_SIODRIVER_SIOVALIDATE_7D355271,2,3,Store/4/LongIndirect,38,21,17
M_SIODRIVER_DEADLINETICKS_83CDA5CA,1,0,Store/4/AutomaticFrame,18,10,8
M_SIODRIVER_DEADLINETICKS_83CDA5CA,3,0,Store/4/AutomaticFrame,18,10,8
M_SIODRIVER_PREPARE_D10BF723,0,0,Store/3/AutomaticFrame,14,11,3
M_SIODRIVER_RUNREQUEST_4500BA50,0,0,Store/3/AutomaticFrame,14,11,3
M_SIODRIVER_RUNREQUEST_4500BA50,1,3,Store/4/LongIndirect,38,21,17
M_SIODRIVER_RUNREQUEST_4500BA50,8,0,Store/3/LongIndirect,35,31,4
M_SIODRIVER_RUNREQUEST_4500BA50,8,1,Store/3/LongIndirect,33,29,4
M_SIODRIVER_RUNREQUEST_4500BA50,8,5,Store/4/LongIndirect,38,21,17
M_FSOPERATION_PREPARE_EA34E162,11,26,Store/3/LongIndirect,31,23,8
M_FSOPERATION_UNLINK_B5280A26,0,3,Store/3/AutomaticFrame,14,9,5
M_FSOPERATION_UNLINK_B5280A26,10,0,Store/3/LongIndirect,31,23,8
M_FSOPERATION_COLLECT_397028AF,3,3,Store/3/LongIndirect,31,23,8
M_FSOPERATION_COLLECT_397028AF,3,5,Store/3/LongIndirect,31,23,8
M_FSOPERATION_COLLECT_397028AF,3,7,Store/3/LongIndirect,31,23,8
M_FSOPERATION_COLLECT_397028AF,3,11,Store/4/LongIndirect,38,21,17
M_FSOPERATION_PUMP_B18C8A95,7,2,Store/3/LongIndirect,33,25,8
M_FSOPERATION_PUMP_B18C8A95,8,4,Store/4/LongIndirect,38,21,17
M_FSOPERATION_PUMP_B18C8A95,8,5,Store/4/LongIndirect,40,24,16
M_FSOPERATION_PUMP_B18C8A95,10,0,Store/4/LongIndirect,38,21,17
M_DOSCLIENT_NEWCLIENT_41735729,1,1,Store/4/LongIndirect,38,24,14
M_DOSCLIENT_NEWCLIENT_41735729,3,4,Store/4/LongIndirect,38,24,14
M_DOSCLIENT_NEWCLIENT_41735729,4,8,Store/2/LongIndirect,24,16,8
M_DOSCLIENT_ENSURE_1859B044,1,1,Store/4/LongIndirect,38,24,14
M_DOSCLIENT_ENSURE_1859B044,7,1,Store/4/LongIndirect,38,24,14
M_DOSCLIENT_CLEARSELECTIONS_93A1D5D6,1,1,Store/3/LongIndirect,31,23,8
M_DOSCLIENT_CLEARSELECTIONS_93A1D5D6,3,1,Store/3/LongIndirect,31,23,8
M_DOSCLIENT_RELEASECONTEXT_90CB2A06,1,1,Store/4/LongIndirect,38,24,14
M_DOSCLIENT_RELEASECONTEXT_90CB2A06,7,1,Store/4/LongIndirect,38,24,14
M_DOSCLIENT_RELEASECONTEXT_90CB2A06,17,1,Store/4/LongIndirect,38,24,14
M_DOSCLIENT_RELEASECONTEXT_90CB2A06,21,7,Store/3/LongIndirect,28,20,8
M_DOSCLIENT_CALL_35DB3B22,1,1,Store/4/LongIndirect,38,24,14
M_DOSCLIENT_CALL_35DB3B22,7,1,Store/4/LongIndirect,38,24,14
M_DOSCLIENT_CALL_35DB3B22,8,6,Store/4/LongIndirect,38,21,17
M_DOSCLIENT_CALL_35DB3B22,8,8,Store/4/LongIndirect,38,21,17
M_DOSOBJECTS_UNLINK_C978FCF4,0,0,Store/3/AutomaticFrame,14,9,5
M_DOSOBJECTS_UNLINK_C978FCF4,11,5,Store/3/LongIndirect,28,20,8
M_DOSOBJECTS_UNLINK_C978FCF4,11,7,Store/3/LongIndirect,31,23,8
M_BLOCKIO_OPENVOLUME_36B90798,1,1,Store/4/LongIndirect,38,24,14
M_BLOCKIO_OPENVOLUME_36B90798,3,9,Store/3/LongIndirect,28,20,8
M_BLOCKIO_ATTACH_A1159825,0,1,Store/4/LongIndirect,38,21,17
M_BLOCKIO_ATTACH_A1159825,1,1,Store/4/LongIndirect,38,24,14
M_BLOCKIO_ATTACH_A1159825,4,1,Store/4/LongIndirect,38,24,14
M_BLOCKIO_ATTACH_A1159825,6,1,Store/4/LongIndirect,38,24,14
M_BLOCKIO_DETACH_FC4FFB83,7,1,Store/2/LongIndirect,24,16,8
M_BLOCKIO_DETACH_FC4FFB83,7,3,Store/3/LongIndirect,31,23,8
M_BLOCKIO_INVALIDATE_E4DCC90F,0,1,Store/2/LongIndirect,24,16,8
M_BLOCKIO_INVALIDATE_E4DCC90F,0,2,Store/3/LongIndirect,33,23,10
M_BLOCKIO_PREPARE_810BFFA1,0,1,Store/2/LongIndirect,24,16,8
M_BLOCKIO_PREPARE_810BFFA1,0,5,Store/4/LongIndirect,38,21,17
M_BLOCKIO_PREPARE_810BFFA1,0,14,Store/4/LongIndirect,38,21,17
M_BLOCKIO_PREPARE_810BFFA1,0,34,Store/4/LongIndirect,38,21,17
M_BLOCKIO_COMPLETE_80F6A54F,0,3,Store/3/LongIndirect,31,23,8
M_BLOCKIO_COMPLETE_80F6A54F,0,5,Store/3/LongIndirect,31,23,8
M_BLOCKIO_COMPLETE_80F6A54F,0,7,Store/3/LongIndirect,31,23,8
M_BLOCKIO_CHECK_A5B41A2A,0,1,Store/4/LongIndirect,38,21,17
M_BLOCKIO_CHECK_A5B41A2A,1,1,Store/4/LongIndirect,38,24,14
M_BLOCKIO_CHECK_A5B41A2A,3,3,Store/4/LongIndirect,38,24,14
M_BLOCKIO_CHECK_A5B41A2A,5,3,Store/4/LongIndirect,38,24,14
M_BLOCKIO_READSECTOR_D918C668,1,3,Store/4/LongIndirect,38,24,14
M_BLOCKIO_READSECTOR_D918C668,4,3,Store/4/LongIndirect,38,24,14
M_MYDOSNAMES_COMPONENT_FF2F5328,11,1,Store/4/LongIndirect,38,24,14
M_MYDOSNAMES_COMPONENT_FF2F5328,15,1,Store/4/LongIndirect,38,24,14
M_MYDOSNAMES_COMPONENT_FF2F5328,20,1,Store/4/LongIndirect,38,24,14
M_MYDOSNAMES_COMPONENT_FF2F5328,27,1,Store/4/LongIndirect,38,24,14
M_FSNAMES_PATH_CFBF830F,0,0,Store/2/AutomaticFrame,10,5,5
M_DOSSTREAMS_OPENNIL_7EDE8F17,1,1,Store/4/LongIndirect,38,24,14
M_DOSSTREAMS_OPENNIL_7EDE8F17,2,9,Store/4/LongIndirect,38,21,17
M_DOSRAW_UNIT_B2527969,0,1,Store/4/LongIndirect,35,18,17
M_DOSRAW_INITIALIZE_D871F7B7,0,13,Store/2/LongIndirect,24,16,8
M_DOSRAW_INITIALIZE_D871F7B7,0,15,Store/2/LongIndirect,24,16,8
M_DOSRAW_ROLLBACK_4A7594F5,0,2,Store/3/LongIndirect,31,23,8
M_DOSRAW_RELEASEOPERATION_C2E80557,6,1,Store/3/LongIndirect,31,23,8
M_DOSRAW_PREPARE_F51F1B68,14,16,Store/4/LongIndirect,38,21,17
M_DOSRAW_PREPARE_F51F1B68,14,18,Store/4/LongIndirect,38,21,17
M_DOSRAW_PREPARE_F51F1B68,17,1,Store/2/LongIndirect,24,16,8
M_DOSRAW_PREPARE_F51F1B68,18,1,Store/2/LongIndirect,24,16,8
M_DOSRAW_FINISH_BB47E14C,2,1,Store/3/LongIndirect,31,23,8
M_DOSRAW_FINISH_BB47E14C,2,3,Store/3/LongIndirect,31,23,8
M_DOSRAW_FINISH_BB47E14C,2,5,Store/3/LongIndirect,31,23,8
M_DOSRAW_FINISH_BB47E14C,2,7,Store/4/LongIndirect,38,21,17
M_DOSRAW_FINISH_BB47E14C,2,9,Store/4/LongIndirect,38,21,17
M_DOSRAW_FINISH_BB47E14C,2,11,Store/4/LongIndirect,38,21,17
M_DOSRAW_COMPLETE_0FD428DA,3,0,Store/4/AutomaticFrame,18,10,8
M_DOSRAW_COMPLETE_0FD428DA,5,0,Store/4/AutomaticFrame,18,10,8
M_DOSRAW_COMPLETE_0FD428DA,7,0,Store/4/AutomaticFrame,18,10,8
M_DOSRAW_COMPLETE_0FD428DA,11,0,Store/4/AutomaticFrame,18,10,8
M_DOSRAW_CLOSESIZED_2208AD92,13,5,Store/4/AutomaticFrame,18,7,11
M_DOSRAW_CLOSESIZED_2208AD92,14,5,Store/3/LongIndirect,31,23,8
M_COOKEDLINE_INIT_553F5E46,0,1,Store/2/LongIndirect,21,13,8
M_COOKEDLINE_INIT_553F5E46,0,3,Store/2/LongIndirect,26,18,8
M_COOKEDLINE_INIT_553F5E46,0,4,Store/2/LongIndirect,26,16,10
M_COOKEDLINE_INIT_553F5E46,0,5,Store/4/LongIndirect,40,21,19
M_COOKEDLINE_DESTROY_77CB15F8,4,1,Store/2/LongIndirect,21,16,5
M_COOKEDLINE_LOSE_A2B86A77,0,1,Store/2/LongIndirect,24,16,8
M_COOKEDLINE_LOSE_A2B86A77,0,2,Store/2/LongIndirect,26,16,10
M_COOKEDLINE_FEED_E5727982,9,1,Store/2/LongIndirect,24,16,8
M_COOKEDLINE_FEED_E5727982,9,3,Store/2/LongIndirect,24,16,8
M_COOKEDLINE_FEED_E5727982,9,5,Store/4/LongIndirect,38,24,14
M_COOKEDLINE_DRAIN_A743CD2C,11,5,Store/2/LongIndirect,24,16,8
M_COOKEDLINE_DRAIN_A743CD2C,11,7,Store/2/LongIndirect,24,16,8
M_COOKEDLINE_DRAIN_A743CD2C,16,1,Store/2/LongIndirect,24,16,8
M_COOKEDLINE_DRAIN_A743CD2C,16,3,Store/2/LongIndirect,24,16,8
M_DOSCOOKED_WIRE_7D812E8B,0,10,Store/4/LongIndirect,38,21,17
M_DOSCOOKED_WIRE_7D812E8B,0,12,Store/4/LongIndirect,38,21,17
M_DOSCOOKED_WIRE_7D812E8B,1,1,Store/2/LongIndirect,24,16,8
M_DOSCOOKED_WIRE_7D812E8B,2,1,Store/2/LongIndirect,24,16,8
M_DOSCOOKED_WIRE_7D812E8B,3,0,Store/3/AutomaticFrame,14,9,5
M_DOSCOOKED_WIRE_7D812E8B,6,0,Store/4/AutomaticFrame,18,10,8
M_DOSCOOKED_WIRE_7D812E8B,8,0,Store/4/AutomaticFrame,18,10,8
M_DOSCOOKED_WIRE_7D812E8B,12,0,Store/4/AutomaticFrame,18,10,8
M_DOSCOOKED_CANCELLINE_F449849C,2,1,Store/2/LongIndirect,24,16,8
M_DOSCOOKED_CANCELLINE_F449849C,2,3,Store/2/LongIndirect,24,16,8
M_DOSCOOKED_CANCELLINE_F449849C,2,9,Store/4/LongIndirect,38,21,17
M_DOSCOOKED_CANCELLINE_F449849C,2,15,Store/2/LongIndirect,24,16,8
M_DOSCOOKED_CANCELLINE_F449849C,2,17,Store/3/LongIndirect,31,23,8
M_DOSCOOKED_CANCELLINE_F449849C,2,19,Store/4/LongIndirect,38,21,17
M_DOSCOOKED_CANCELLINE_F449849C,2,21,Store/4/LongIndirect,38,21,17
M_DOSCOOKED_CANCELLINE_F449849C,2,23,Store/4/LongIndirect,38,21,17
M_DOSCOOKED_READ_AAA4E8F8,6,0,Store/2/AutomaticFrame,10,5,5
M_DOSCOOKED_READ_AAA4E8F8,10,0,Store/4/AutomaticFrame,18,7,11
M_DOSCOOKED_READ_AAA4E8F8,15,4,Store/4/LongIndirect,38,21,17
M_DOSBREAK_END_B7800793,4,4,Store/3/LongIndirect,31,23,8
M_FSREGISTRY_RETAINBASE_94E5BA0B,0,2,Store/4/AutomaticFrame,18,10,8
M_FSREGISTRY_RETAINBASE_94E5BA0B,4,0,Store/4/AutomaticFrame,18,10,8
M_FSREGISTRY_RETAINBASE_94E5BA0B,5,4,Store/4/AutomaticFrame,18,7,11
M_FSLOCKS_ADD_DEA4C903,1,2,Store/4/LongIndirect,40,26,14
M_FSLOCKS_ALLOCATE_39B5BEE3,0,0,Store/3/AutomaticFrame,14,11,3
M_FSPACKET_REPLY_F0943484,0,12,Store/3/LongIndirect,31,23,8
M_FSPACKET_REPLY_F0943484,0,14,Store/3/LongIndirect,31,23,8
M_FSPACKET_REPLY_F0943484,0,21,Store/3/LongIndirect,31,23,8
M_FSPACKET_REPLY_F0943484,0,23,Store/3/LongIndirect,31,23,8
M_FSPACKET_REPLY_F0943484,0,25,Store/3/LongIndirect,31,23,8
M_FSPACKET_REPLY_F0943484,0,28,Store/3/LongIndirect,33,25,8
M_FSPACKET_REPLY_F0943484,0,34,Store/3/LongIndirect,33,25,8
M_FSPACKET_REPLY_F0943484,0,37,Store/3/LongIndirect,33,25,8
M_FSPACKET_REPLY_F0943484,0,39,Store/3/LongIndirect,31,23,8
M_FSPACKET_REPLY_F0943484,0,42,Store/3/LongIndirect,30,22,8
M_FSPACKET_PUBLISHOPENSTEP_55EACFB5,2,10,Store/4/LongIndirect,40,23,17
M_FSPACKET_CLOSESTEP_61A48B9C,2,11,Store/4/LongIndirect,40,23,17
M_MYDOS_READPHYSICAL_AF05229A,1,1,Store/4/LongIndirect,38,24,14
M_MYDOS_EXTENT_5BCD29B5,3,0,Store/4/AutomaticFrame,18,10,8
M_MYDOS_BEGINMOUNT_AA58F6DF,0,1,Store/4/LongIndirect,38,21,17
M_MYDOS_BEGINMOUNT_AA58F6DF,0,3,Store/4/LongIndirect,38,21,17
M_MYDOS_BEGINMOUNT_AA58F6DF,0,8,Store/2/LongIndirect,24,16,8
M_MYDOS_BEGINMOUNT_AA58F6DF,1,1,Store/4/LongIndirect,38,24,14
M_MYDOS_MOUNTBUFFERED_114678B9,1,1,Store/4/LongIndirect,38,24,14
M_MYDOS_LIVE_1E4E1377,4,1,Store/4/LongIndirect,38,24,14
M_MYDOS_LIVE_1E4E1377,5,1,Store/4/LongIndirect,38,24,14
M_MYDOS_LIVE_1E4E1377,9,1,Store/4/LongIndirect,38,24,14
M_MYDOS_BEGINENTRY_95F170F4,0,1,Store/4/LongIndirect,38,21,17
M_MYDOS_BEGINENTRY_95F170F4,0,3,Store/4/LongIndirect,38,21,17
M_MYDOS_BEGINENTRY_95F170F4,1,1,Store/4/LongIndirect,38,24,14
M_MYDOS_BEGINENTRY_95F170F4,7,1,Store/4/LongIndirect,38,24,14
M_MYDOS_CHOOSE_61B23C5E,1,1,Store/4/LongIndirect,38,24,14
M_MYDOS_CHOOSE_61B23C5E,5,1,Store/4/LongIndirect,38,24,14
M_MYDOS_DESCEND_C497F8DD,1,1,Store/4/LongIndirect,38,24,14
M_MYDOS_DESCEND_C497F8DD,3,1,Store/4/LongIndirect,38,24,14
M_MYDOS_DESCEND_C497F8DD,10,1,Store/4/LongIndirect,38,24,14
M_MYDOS_ROOTENTRY_E3F00029,0,5,Store/2/LongIndirect,24,16,8
M_MYDOS_ROOTENTRY_E3F00029,0,7,Store/2/LongIndirect,24,16,8
M_MYDOS_ROOTENTRY_E3F00029,0,9,Store/2/LongIndirect,24,16,8
M_MYDOS_STARTRESOLVE_24B3B079,0,1,Store/4/LongIndirect,38,21,17
M_MYDOS_STARTRESOLVE_24B3B079,0,3,Store/4/LongIndirect,38,21,17
M_MYDOS_STARTRESOLVE_24B3B079,0,8,Store/2/LongIndirect,24,16,8
M_MYDOS_STARTRESOLVE_24B3B079,0,10,Store/2/LongIndirect,24,16,8
M_MYDOS_STARTRESOLVE_24B3B079,0,15,Store/2/LongIndexed,60,56,4
M_MYDOS_STARTRESOLVE_24B3B079,0,17,Store/2/LongIndirect,24,16,8
M_MYDOS_STARTRESOLVE_24B3B079,1,1,Store/4/LongIndirect,38,24,14
M_MYDOS_STARTRESOLVE_24B3B079,3,1,Store/4/LongIndirect,38,24,14
M_MYDOS_STARTRESOLVE_24B3B079,10,1,Store/4/LongIndirect,38,24,14
M_FSINIT_CONFIG_A7C873FA,1,1,Store/4/LongIndirect,38,24,14
M_FSINIT_CONFIG_A7C873FA,7,1,Store/4/LongIndirect,38,24,14
M_FSINIT_CONFIG_A7C873FA,9,1,Store/4/LongIndirect,38,24,14
M_FSINIT_CONFIG_A7C873FA,11,1,Store/4/LongIndirect,38,24,14
M_FSINIT_CONFIG_A7C873FA,13,1,Store/4/LongIndirect,38,24,14
M_FSINIT_CONFIG_A7C873FA,18,1,Store/4/LongIndirect,38,24,14
M_FSINIT_ARRIVAL_302FF83F,4,3,Store/3/LongIndirect,31,23,8
M_FSINIT_ALLOCATEMOUNT_EF481898,1,1,Store/4/LongIndirect,38,24,14
M_FSINIT_PUBLISH_12D6516B,3,1,Store/4/LongIndirect,38,21,17
M_FSINIT_FIRST_60F42DBA,0,3,Store/4/LongIndirect,38,24,14
M_FSINIT_MOUNTSTEP_D16E7745,0,3,Store/4/LongIndirect,38,24,14
M_FSINIT_MOUNTEDSTEP_D00F6B02,5,7,Store/4/LongIndirect,40,23,17
M_FSINIT_ROLLBACKSTEP_8166A722,0,12,Store/3/LongIndexed,86,82,4
M_FSINFO_FILL_CDFFBE8F,0,1,Store/4/LongIndirect,38,24,14
M_FSINFO_FILL_CDFFBE8F,1,1,Store/4/LongIndirect,38,24,14
M_FSINFO_FILL_CDFFBE8F,1,3,Store/4/LongIndirect,38,21,17
M_FSINFO_FILL_CDFFBE8F,3,1,Store/4/LongIndirect,38,24,14
M_FSINFO_FILL_CDFFBE8F,5,1,Store/4/LongIndirect,38,24,14
M_FSINFO_SAVE_B1E7031F,0,3,Store/4/LongIndirect,35,21,14
M_MYDOSFILE_RESTART_75C66A72,0,4,Store/2/LongIndirect,24,16,8
M_MYDOSFILE_RESTART_75C66A72,0,5,Store/2/LongIndirect,26,16,10
M_MYDOSFILE_RESTART_75C66A72,0,6,Store/2/LongIndirect,26,16,10
M_MYDOSFILE_RESTART_75C66A72,0,7,Store/4/LongIndirect,40,21,19
M_MYDOSFILE_RESTART_75C66A72,0,8,Store/2/LongIndirect,26,16,10
M_MYDOSFILE_RESTART_75C66A72,0,9,Store/4/LongIndirect,40,24,16
M_MYDOSFILE_RESTART_75C66A72,0,10,Store/4/LongIndirect,40,21,19
M_MYDOSFILE_RESTART_75C66A72,0,11,Store/4/LongIndirect,40,21,19
M_MYDOSFILE_OPEN_0FD3469F,0,1,Store/4/LongIndirect,38,21,17
M_MYDOSFILE_OPEN_0FD3469F,0,3,Store/4/LongIndirect,38,21,17
M_MYDOSFILE_OPEN_0FD3469F,1,1,Store/4/LongIndirect,38,24,14
M_MYDOSFILE_OPEN_0FD3469F,5,1,Store/4/LongIndirect,38,24,14
M_MYDOSFILE_OPEN_0FD3469F,10,1,Store/4/LongIndirect,38,21,17
M_MYDOSFILE_OPEN_0FD3469F,10,3,Store/4/LongIndirect,38,21,17
M_MYDOSFILE_OPEN_0FD3469F,16,1,Store/4/LongIndirect,38,24,14
M_MYDOSFILE_VISIT_2F7F40D0,7,8,Store/4/LongIndirect,38,21,17
M_MYDOSFILE_VALIDATE_CCD11D35,3,1,Store/4/LongIndirect,38,24,14
M_MYDOSFILE_VALIDATE_CCD11D35,11,1,Store/4/LongIndirect,38,24,14
M_MYDOSFILE_FAIL_8A60C23B,0,13,Store/4/LongIndirect,38,21,17
M_MYDOSFILE_CANCEL_40161F05,0,2,Store/4/LongIndirect,40,26,14
M_MYDOSFILE_CANCEL_40161F05,0,12,Store/4/LongIndirect,38,21,17
M_MYDOSFILE_ADVANCE_71346BED,0,10,Store/2/LongIndirect,24,16,8
M_MYDOSFILE_BEGIN_902FB340,0,2,Store/4/LongIndirect,40,23,17
M_MYDOSFILE_BEGIN_902FB340,0,4,Store/4/LongIndirect,40,23,17
M_MYDOSFILE_BEGIN_902FB340,0,8,Store/4/LongIndirect,38,21,17
M_MYDOSFILE_BEGIN_902FB340,0,9,Store/4/LongIndirect,40,21,19
M_FSDIRECTORY_SIZESTEP_0C182F8A,0,3,Store/4/LongIndirect,38,21,17
M_FSDIRECTORY_PUBLISHSTEP_CC8DC0F6,0,12,Store/4/LongIndirect,40,23,17
M_FSIO_BEGIN_68AD59C5,1,2,Store/4/LongIndirect,40,26,14
M_FSIO_COMPLETE_3A967BA3,1,2,Store/4/LongIndirect,40,26,14
M_FSIO_COMPLETE_3A967BA3,3,2,Store/4/LongIndirect,40,26,14
M_FSHANDLER_OPENSTEP_A7675710,5,1,Store/3/LongIndirect,28,20,8
M_FSHANDLER_DISPATCHSTEP_D149BF3A,0,10,Store/4/LongIndirect,40,23,17
M_FSHANDLER_DISPATCHSTEP_D149BF3A,0,13,Store/4/LongIndirect,40,23,17
M_FSHANDLER_DISPATCHSTEP_D149BF3A,1,2,Store/4/LongIndirect,40,23,17
M_FSHANDLER_DISPATCHSTEP_D149BF3A,3,8,Store/4/LongIndirect,40,23,17
M_FSHANDLER_DISPATCHSTEP_D149BF3A,3,11,Store/4/LongIndirect,40,23,17
M_FSHANDLER_MEDIASTEP_8DCF2858,6,2,Store/4/LongIndirect,40,26,14
M_FSHANDLER_TAKESTEP_E4E18A11,8,5,Store/4/LongIndirect,40,23,17
M_FSHANDLER_TAKESTEP_E4E18A11,8,7,Store/4/LongIndirect,40,23,17
M_FSABORT_CHECKPOINT_5DD0EDAE,11,6,Store/4/LongIndirect,40,23,17
M_FSABORT_CHECKPOINT_5DD0EDAE,13,2,Store/4/LongIndirect,40,23,17
M_FSABORT_CHECKPOINT_5DD0EDAE,22,9,Store/3/LongIndirect,31,23,8
M_FSWORKER_FINISH_EC2E5E2B,0,10,Store/3/LongIndirect,31,23,8
M_FSWORKER_FINISH_EC2E5E2B,0,12,Store/4/LongIndirect,38,21,17
M_FSMOUNT_DISPATCH_FD59F08F,0,6,Store/4/LongIndirect,40,23,17
M_FSMOUNT_DISPATCH_FD59F08F,0,9,Store/4/LongIndirect,40,23,17
M_FSMOUNT_DISPATCH_FD59F08F,0,12,Store/4/LongIndirect,40,23,17
M_FSMOUNT_DISPATCH_FD59F08F,0,15,Store/4/LongIndirect,40,23,17
M_FSMOUNT_SELECTSTEP_8E807607,1,4,Store/4/LongIndirect,38,24,14
M_FSMOUNT_SELECTSTEP_8E807607,1,8,Store/4/LongIndirect,40,23,17
M_FSMOUNT_REMOVESTEP_BBB2975B,4,7,Store/3/LongIndexed,86,82,4
M_FSMOUNT_DESTROYSTEP_4CF540E7,0,7,Store/4/LongIndirect,40,23,17
M_FSMUX_CONTROL_16FCB25F,2,5,Store/3/LongIndirect,31,23,8
M_FSBOOT_BEGINSERVICE_BC5D2672,1,1,Store/4/LongIndirect,38,24,14
M_FSBOOT_BEGINSERVICE_BC5D2672,3,4,Store/3/LongIndirect,31,23,8
M_FSBOOT_BEGINSERVICE_BC5D2672,3,6,Store/4/LongIndirect,38,24,14
M_FSBOOT_ENSURE_06ED6F00,1,0,Store/4/LongIndirect,38,24,14
M_FSBOOT_ENSURE_06ED6F00,8,0,Store/4/LongIndirect,38,24,14
M_DOSCALLS_ARGUMENTS_D4B63738,0,1,Store/4/LongIndirect,38,21,17
M_DOSCALLS_ARGUMENTS_D4B63738,0,3,Store/4/LongIndirect,38,21,17
M_DOSCALLS_ARGUMENTS_D4B63738,0,5,Store/4/LongIndirect,38,21,17
M_DOSCALLS_ARGUMENTS_D4B63738,0,7,Store/4/LongIndirect,38,21,17
M_DOSCALLS_ARGUMENTS_D4B63738,0,9,Store/4/LongIndirect,38,21,17
M_DOSCALLS_ARGUMENTS_D4B63738,0,11,Store/4/LongIndirect,38,21,17
M_DOSCALLS_NAMEARGUMENTS_4FEB00BB,1,1,Store/4/LongIndirect,38,21,17
M_DOSCALLS_NAMEARGUMENTS_4FEB00BB,1,8,Store/4/LongIndirect,38,24,14
M_DOSCALLS_ACQUIRE_C423433E,0,0,Store/3/AutomaticFrame,14,9,5
M_DOSCALLS_ACQUIRE_C423433E,0,1,Store/3/AutomaticFrame,12,11,1
M_DOSCALLS_ACQUIRE_C423433E,13,1,Store/4/LongIndirect,38,24,14
M_DOSCALLS_SELECTIONREADY_28C831A1,1,1,Store/4/LongIndirect,38,24,14
M_DOSCALLS_SELECTIONREADY_28C831A1,5,1,Store/4/LongIndirect,38,24,14
M_DOSCALLS_SELECT_1EDDE386,4,0,Store/3/AutomaticFrame,14,9,5
M_DOSCALLS_SELECT_1EDDE386,8,1,Store/4/LongIndirect,38,21,17
M_DOSCALLS_DIRECTORY_C8028D6B,3,1,Store/4/LongIndirect,38,24,14
M_DOSCALLS_DIRECTORY_C8028D6B,5,1,Store/4/LongIndirect,38,24,14
M_DOSCALLS_DIRECTORY_C8028D6B,7,1,Store/4/LongIndirect,38,24,14
M_DOSCALLS_DIRECTORY_C8028D6B,9,1,Store/4/LongIndirect,38,24,14
M_DOSCALLS_CURRENTDIR_1AA7335E,4,0,Store/3/AutomaticFrame,14,9,5
M_DOSCALLS_CURRENTDIR_1AA7335E,9,1,Store/4/LongIndirect,38,24,14
M_DOSCALLS_CURRENTDIR_1AA7335E,12,1,Store/4/LongIndirect,38,21,17
M_DOSCALLS_NAMEFROMLOCK_92457C4A,7,1,Store/4/LongIndirect,38,24,14
M_DOSCALLS_NAMEFROMLOCK_92457C4A,9,1,Store/4/LongIndirect,38,24,14
M_DOSCALLS_NAMEFROMLOCK_92457C4A,11,1,Store/4/LongIndirect,38,24,14
M_DOSCALLS_NAMEFROMLOCK_92457C4A,15,1,Store/4/LongIndirect,38,21,17
M_DOSCALLS_ISINTERACTIVE_18CACEEA,4,1,Store/4/LongIndirect,38,21,17
M_DEVICEINSPECT_SNAPSHOT_EBB6295F,3,0,Store/2/AutomaticFrame,10,5,5
M_SHELLAPP_SHELLFAIL_9D17A97C,3,1,Store/4/LongIndirect,40,26,14
M_SHELLAPP_SHELLWRITE_F4A8AD7D,11,0,Store/4/AutomaticFrame,18,10,8
M_SHELLAPP_SHELLCLEAR_52BB640F,0,3,Store/2/LongIndirect,26,18,8
M_SHELLAPP_SHELLPARSE_A4976CAB,0,4,Store/2/LongIndirect,26,18,8
M_SHELLAPP_SHELLPARSE_A4976CAB,0,6,Store/2/LongIndirect,26,18,8
M_SHELLAPP_SHELLPARSE_A4976CAB,0,8,Store/2/LongIndirect,26,18,8
M_SHELLAPP_SHELLCHANGE_E2B81D98,11,1,Store/3/LongIndirect,33,25,8
M_SHELLAPP_SHELLRELEASELOCK_7049A622,4,1,Store/3/LongIndirect,33,25,8
M_SHELLAPP_SHELLCLOSECOMMANDINPUT_5DFC114D,4,1,Store/3/LongIndirect,33,25,8
M_SHELLAPP_SHELLUNREDIRECT_630E066D,14,1,Store/3/LongIndirect,33,25,8
M_SHELLAPP_SHELLUNREDIRECT_630E066D,19,1,Store/3/LongIndirect,33,25,8
M_SHELLAPP_SHELLUNREDIRECT_630E066D,23,3,Store/3/LongIndirect,33,25,8
M_SHELLAPP_SHELLUNREDIRECT_630E066D,23,5,Store/3/LongIndirect,33,25,8
M_SHELLAPP_SHELLCOMMAND_01DF848F,2,1,Store/4/LongIndirect,40,23,17
M_SHELLAPP_SHELLCOMMAND_01DF848F,2,3,Store/4/LongIndirect,40,23,17
M_SHELLAPP_SHELLREADSTEP_5848FDA6,3,0,Store/2/AutomaticFrame,10,5,5
M_SHELLAPP_SHELLREADSTEP_5848FDA6,16,2,Store/4/LongIndirect,40,23,17
M_SHELLAPP_SHELLREADSTEP_5848FDA6,16,4,Store/4/LongIndirect,40,23,17
M_SHELLAPP_SHELLREADSTEP_5848FDA6,22,1,Store/4/LongIndirect,40,26,14
M_SHELLAPP_SHELLFINISH_77CE18A3,16,1,Store/3/LongIndirect,33,25,8
M_SHELLAPP_SHELLFINISH_77CE18A3,18,1,Store/3/LongIndirect,33,25,8
M_SHELLAPP_SHELLFINISH_77CE18A3,26,1,Store/3/LongIndirect,30,22,8
M_SHELLAPP_SHELLFINISH_77CE18A3,28,6,Store/3/Static,20,13,7
