compiler,mode,case,vector,correct,code_bytes,cycles,stack_check_cycles,instructions,dp_reads,dp_writes,stack_reads,stack_writes,metadata_reads,input_padding_reads,peak_below_entry_s,static_stack_check_bytes
actionc,raw,NewList,0,True,199,391,25,94,21,12,56,35,4,0,12,27
actionc,raw,NewList,1,True,199,391,25,94,21,12,56,35,4,0,12,27
actionc,raw,NewList,2,True,199,391,25,94,21,12,56,35,4,0,12,27
actionc,raw,NewList,3,True,199,391,25,94,21,12,56,35,4,0,12,27
actionc,raw,NewList,4,True,199,391,25,94,21,12,56,35,4,0,12,27
actionc,raw,NewList,5,True,199,391,25,94,21,12,56,35,4,0,12,27
actionc,raw,NewList,6,True,199,391,25,94,21,12,56,35,4,0,12,27
actionc,raw,NewList,7,True,199,391,25,94,21,12,56,35,4,0,12,27
actionc,raw,NewList,8,True,199,391,25,94,21,12,56,35,4,0,12,27
actionc,raw,NewMinList,0,True,114,560,75,146,21,12,70,49,12,0,26,54
actionc,raw,NewMinList,1,True,114,560,75,146,21,12,70,49,12,0,26,54
actionc,raw,NewMinList,2,True,114,560,75,146,21,12,70,49,12,0,26,54
actionc,raw,NewMinList,3,True,114,560,75,146,21,12,70,49,12,0,26,54
actionc,raw,NewMinList,4,True,114,560,75,146,21,12,70,49,12,0,26,54
actionc,raw,NewMinList,5,True,114,560,75,146,21,12,70,49,12,0,26,54
actionc,raw,NewMinList,6,True,114,560,75,146,21,12,70,49,12,0,26,54
actionc,raw,NewMinList,7,True,114,560,75,146,21,12,70,49,12,0,26,54
actionc,raw,NewMinList,8,True,114,560,75,146,21,12,70,49,12,0,26,54
actionc,raw,IsListEmpty,0,True,143,243,25,66,6,4,29,19,4,0,12,27
actionc,raw,IsListEmpty,1,True,143,230,25,62,6,4,27,19,4,0,12,27
actionc,raw,IsListEmpty,2,True,143,230,25,62,6,4,27,19,4,0,12,27
actionc,raw,IsListEmpty,3,True,143,243,25,66,6,4,29,19,4,0,12,27
actionc,raw,IsListEmpty,4,True,143,230,25,62,6,4,27,19,4,0,12,27
actionc,raw,IsListEmpty,5,True,143,230,25,62,6,4,27,19,4,0,12,27
actionc,raw,IsListEmpty,6,True,143,243,25,66,6,4,29,19,4,0,12,27
actionc,raw,IsListEmpty,7,True,143,230,25,62,6,4,27,19,4,0,12,27
actionc,raw,IsListEmpty,8,True,143,230,25,62,6,4,27,19,4,0,12,27
actionc,raw,IsMinListEmpty,0,True,131,439,75,127,6,4,44,34,12,0,26,54
actionc,raw,IsMinListEmpty,1,True,131,426,75,123,6,4,42,34,12,0,26,54
actionc,raw,IsMinListEmpty,2,True,131,426,75,123,6,4,42,34,12,0,26,54
actionc,raw,IsMinListEmpty,3,True,131,439,75,127,6,4,44,34,12,0,26,54
actionc,raw,IsMinListEmpty,4,True,131,426,75,123,6,4,42,34,12,0,26,54
actionc,raw,IsMinListEmpty,5,True,131,426,75,123,6,4,42,34,12,0,26,54
actionc,raw,IsMinListEmpty,6,True,131,439,75,127,6,4,44,34,12,0,26,54
actionc,raw,IsMinListEmpty,7,True,131,426,75,123,6,4,42,34,12,0,26,54
actionc,raw,IsMinListEmpty,8,True,131,426,75,123,6,4,42,34,12,0,26,54
actionc,raw,AddHead,0,True,252,533,25,120,30,20,83,51,4,0,16,27
actionc,raw,AddHead,1,True,252,533,25,120,30,20,83,51,4,0,16,27
actionc,raw,AddHead,2,True,252,533,25,120,30,20,83,51,4,0,16,27
actionc,raw,AddHead,3,True,252,533,25,120,30,20,83,51,4,0,16,27
actionc,raw,AddHead,4,True,252,533,25,120,30,20,83,51,4,0,16,27
actionc,raw,AddHead,5,True,252,533,25,120,30,20,83,51,4,0,16,27
actionc,raw,AddHead,6,True,252,533,25,120,30,20,83,51,4,0,16,27
actionc,raw,AddHead,7,True,252,533,25,120,30,20,83,51,4,0,16,27
actionc,raw,AddHead,8,True,252,533,25,120,30,20,83,51,4,0,16,27
actionc,raw,AddTail,0,True,265,547,25,126,30,20,82,50,4,0,16,27
actionc,raw,AddTail,1,True,265,547,25,126,30,20,82,50,4,0,16,27
actionc,raw,AddTail,2,True,265,547,25,126,30,20,82,50,4,0,16,27
actionc,raw,AddTail,3,True,265,547,25,126,30,20,82,50,4,0,16,27
actionc,raw,AddTail,4,True,265,547,25,126,30,20,82,50,4,0,16,27
actionc,raw,AddTail,5,True,265,547,25,126,30,20,82,50,4,0,16,27
actionc,raw,AddTail,6,True,265,547,25,126,30,20,82,50,4,0,16,27
actionc,raw,AddTail,7,True,265,547,25,126,30,20,82,50,4,0,16,27
actionc,raw,AddTail,8,True,265,547,25,126,30,20,82,50,4,0,16,27
actionc,raw,Insert,0,True,574,769,75,188,30,20,108,73,12,0,42,81
actionc,raw,Insert,1,True,574,877,75,212,30,20,130,89,12,0,42,81
actionc,raw,Insert,2,True,574,1001,75,244,30,20,148,103,12,0,42,81
actionc,raw,Insert,3,True,574,737,25,167,30,20,122,78,4,0,16,81
actionc,raw,Insert,4,True,574,737,25,167,30,20,122,78,4,0,16,81
actionc,raw,Insert,5,True,574,769,75,188,30,20,108,73,12,0,42,81
actionc,raw,Insert,6,True,574,769,75,188,30,20,108,73,12,0,42,81
actionc,raw,Insert,7,True,574,877,75,212,30,20,130,89,12,0,42,81
actionc,raw,Insert,8,True,574,1001,75,244,30,20,148,103,12,0,42,81
actionc,raw,Insert,9,True,574,737,25,167,30,20,122,78,4,0,16,81
actionc,raw,Insert,10,True,574,737,25,167,30,20,122,78,4,0,16,81
actionc,raw,Insert,11,True,574,769,75,188,30,20,108,73,12,0,42,81
actionc,raw,Insert,12,True,574,769,75,188,30,20,108,73,12,0,42,81
actionc,raw,Insert,13,True,574,877,75,212,30,20,130,89,12,0,42,81
actionc,raw,Insert,14,True,574,1001,75,244,30,20,148,103,12,0,42,81
actionc,raw,Insert,15,True,574,737,25,167,30,20,122,78,4,0,16,81
actionc,raw,Insert,16,True,574,737,25,167,30,20,122,78,4,0,16,81
actionc,raw,Insert,17,True,574,769,75,188,30,20,108,73,12,0,42,81
actionc,raw,Remove,0,True,165,308,25,77,38,30,27,8,4,0,6,27
actionc,raw,Remove,1,True,165,308,25,77,38,30,27,8,4,0,6,27
actionc,raw,Remove,2,True,165,308,25,77,38,30,27,8,4,0,6,27
actionc,raw,Remove,3,True,165,308,25,77,38,30,27,8,4,0,6,27
actionc,raw,Remove,4,True,165,308,25,77,38,30,27,8,4,0,6,27
actionc,raw,Remove,5,True,165,308,25,77,38,30,27,8,4,0,6,27
actionc,raw,Remove,6,True,165,308,25,77,38,30,27,8,4,0,6,27
actionc,raw,Remove,7,True,165,308,25,77,38,30,27,8,4,0,6,27
actionc,raw,Remove,8,True,165,308,25,77,38,30,27,8,4,0,6,27
actionc,raw,RemHead,0,True,220,226,25,57,12,8,27,18,4,0,12,54
actionc,raw,RemHead,1,True,220,672,75,174,50,38,69,40,12,0,24,54
actionc,raw,RemHead,2,True,220,672,75,174,50,38,69,40,12,0,24,54
actionc,raw,RemHead,3,True,220,226,25,57,12,8,27,18,4,0,12,54
actionc,raw,RemHead,4,True,220,672,75,174,50,38,69,40,12,0,24,54
actionc,raw,RemHead,5,True,220,672,75,174,50,38,69,40,12,0,24,54
actionc,raw,RemHead,6,True,220,226,25,57,12,8,27,18,4,0,12,54
actionc,raw,RemHead,7,True,220,672,75,174,50,38,69,40,12,0,24,54
actionc,raw,RemHead,8,True,220,672,75,174,50,38,69,40,12,0,24,54
actionc,raw,RemTail,0,True,226,232,25,59,12,8,27,18,4,0,12,54
actionc,raw,RemTail,1,True,226,678,75,176,50,38,69,40,12,0,24,54
actionc,raw,RemTail,2,True,226,678,75,176,50,38,69,40,12,0,24,54
actionc,raw,RemTail,3,True,226,232,25,59,12,8,27,18,4,0,12,54
actionc,raw,RemTail,4,True,226,678,75,176,50,38,69,40,12,0,24,54
actionc,raw,RemTail,5,True,226,678,75,176,50,38,69,40,12,0,24,54
actionc,raw,RemTail,6,True,226,232,25,59,12,8,27,18,4,0,12,54
actionc,raw,RemTail,7,True,226,678,75,176,50,38,69,40,12,0,24,54
actionc,raw,RemTail,8,True,226,678,75,176,50,38,69,40,12,0,24,54
actionc,raw,Enqueue,0,True,480,1698,75,404,76,60,238,165,12,0,48,81
actionc,raw,Enqueue,1,True,480,1698,75,404,76,60,238,165,12,0,48,81
actionc,raw,Enqueue,2,True,480,2036,75,483,96,78,282,195,12,0,48,81
actionc,raw,Enqueue,3,True,480,2036,75,483,96,78,282,195,12,0,48,81
actionc,raw,Enqueue,4,True,480,1932,75,460,102,82,255,176,12,0,46,81
actionc,raw,Enqueue,5,True,480,2036,75,483,96,78,282,195,12,0,48,81
actionc,raw,Enqueue,6,True,480,1698,75,404,76,60,238,165,12,0,48,81
actionc,raw,Enqueue,7,True,480,1698,75,404,76,60,238,165,12,0,48,81
actionc,raw,Enqueue,8,True,480,2036,75,483,96,78,282,195,12,0,48,81
actionc,raw,Enqueue,9,True,480,2036,75,483,96,78,282,195,12,0,48,81
actionc,raw,Enqueue,10,True,480,1932,75,460,102,82,255,176,12,0,46,81
actionc,raw,Enqueue,11,True,480,2036,75,483,96,78,282,195,12,0,48,81
actionc,raw,Enqueue,12,True,480,1698,75,404,76,60,238,165,12,0,48,81
actionc,raw,Enqueue,13,True,480,1698,75,404,76,60,238,165,12,0,48,81
actionc,raw,Enqueue,14,True,480,2036,75,483,96,78,282,195,12,0,48,81
actionc,raw,Enqueue,15,True,480,2036,75,483,96,78,282,195,12,0,48,81
actionc,raw,Enqueue,16,True,480,1932,75,460,102,82,255,176,12,0,46,81
actionc,raw,Enqueue,17,True,480,2036,75,483,96,78,282,195,12,0,48,81
actionc,raw,FindName,0,True,519,226,25,57,12,8,27,18,4,0,22,27
actionc,raw,FindName,1,True,519,3149,25,759,102,114,445,355,4,0,22,27
actionc,raw,FindName,2,True,519,3495,25,834,120,126,497,396,4,0,22,27
actionc,raw,FindName,3,True,519,3578,25,842,135,136,514,398,4,0,22,27
actionc,raw,FindName,4,True,519,1630,25,366,84,68,237,171,4,0,22,27
actionc,raw,FindName,5,True,519,3149,25,759,102,114,445,355,4,0,22,27
actionc,raw,FindName,6,True,519,226,25,57,12,8,27,18,4,0,22,27
actionc,raw,FindName,7,True,519,3149,25,759,102,114,445,355,4,0,22,27
actionc,raw,FindName,8,True,519,3495,25,834,120,126,497,396,4,0,22,27
actionc,raw,FindName,9,True,519,3578,25,842,135,136,514,398,4,0,22,27
actionc,raw,FindName,10,True,519,1630,25,366,84,68,237,171,4,0,22,27
actionc,raw,FindName,11,True,519,3149,25,759,102,114,445,355,4,0,22,27
actionc,raw,FindName,12,True,519,226,25,57,12,8,27,18,4,0,22,27
actionc,raw,FindName,13,True,519,3149,25,759,102,114,445,355,4,0,22,27
actionc,raw,FindName,14,True,519,3495,25,834,120,126,497,396,4,0,22,27
actionc,raw,FindName,15,True,519,3578,25,842,135,136,514,398,4,0,22,27
actionc,raw,FindName,16,True,519,1630,25,366,84,68,237,171,4,0,22,27
actionc,raw,FindName,17,True,519,3149,25,759,102,114,445,355,4,0,22,27
actionc,optimized,NewList,0,True,183,351,25,86,21,12,48,27,4,0,12,27
actionc,optimized,NewList,1,True,183,351,25,86,21,12,48,27,4,0,12,27
actionc,optimized,NewList,2,True,183,351,25,86,21,12,48,27,4,0,12,27
actionc,optimized,NewList,3,True,183,351,25,86,21,12,48,27,4,0,12,27
actionc,optimized,NewList,4,True,183,351,25,86,21,12,48,27,4,0,12,27
actionc,optimized,NewList,5,True,183,351,25,86,21,12,48,27,4,0,12,27
actionc,optimized,NewList,6,True,183,351,25,86,21,12,48,27,4,0,12,27
actionc,optimized,NewList,7,True,183,351,25,86,21,12,48,27,4,0,12,27
actionc,optimized,NewList,8,True,183,351,25,86,21,12,48,27,4,0,12,27
actionc,optimized,NewMinList,0,True,114,520,75,138,21,12,62,41,12,0,26,54
actionc,optimized,NewMinList,1,True,114,520,75,138,21,12,62,41,12,0,26,54
actionc,optimized,NewMinList,2,True,114,520,75,138,21,12,62,41,12,0,26,54
actionc,optimized,NewMinList,3,True,114,520,75,138,21,12,62,41,12,0,26,54
actionc,optimized,NewMinList,4,True,114,520,75,138,21,12,62,41,12,0,26,54
actionc,optimized,NewMinList,5,True,114,520,75,138,21,12,62,41,12,0,26,54
actionc,optimized,NewMinList,6,True,114,520,75,138,21,12,62,41,12,0,26,54
actionc,optimized,NewMinList,7,True,114,520,75,138,21,12,62,41,12,0,26,54
actionc,optimized,NewMinList,8,True,114,520,75,138,21,12,62,41,12,0,26,54
actionc,optimized,IsListEmpty,0,True,143,243,25,66,6,4,29,19,4,0,12,27
actionc,optimized,IsListEmpty,1,True,143,230,25,62,6,4,27,19,4,0,12,27
actionc,optimized,IsListEmpty,2,True,143,230,25,62,6,4,27,19,4,0,12,27
actionc,optimized,IsListEmpty,3,True,143,243,25,66,6,4,29,19,4,0,12,27
actionc,optimized,IsListEmpty,4,True,143,230,25,62,6,4,27,19,4,0,12,27
actionc,optimized,IsListEmpty,5,True,143,230,25,62,6,4,27,19,4,0,12,27
actionc,optimized,IsListEmpty,6,True,143,243,25,66,6,4,29,19,4,0,12,27
actionc,optimized,IsListEmpty,7,True,143,230,25,62,6,4,27,19,4,0,12,27
actionc,optimized,IsListEmpty,8,True,143,230,25,62,6,4,27,19,4,0,12,27
actionc,optimized,IsMinListEmpty,0,True,131,439,75,127,6,4,44,34,12,0,26,54
actionc,optimized,IsMinListEmpty,1,True,131,426,75,123,6,4,42,34,12,0,26,54
actionc,optimized,IsMinListEmpty,2,True,131,426,75,123,6,4,42,34,12,0,26,54
actionc,optimized,IsMinListEmpty,3,True,131,439,75,127,6,4,44,34,12,0,26,54
actionc,optimized,IsMinListEmpty,4,True,131,426,75,123,6,4,42,34,12,0,26,54
actionc,optimized,IsMinListEmpty,5,True,131,426,75,123,6,4,42,34,12,0,26,54
actionc,optimized,IsMinListEmpty,6,True,131,439,75,127,6,4,44,34,12,0,26,54
actionc,optimized,IsMinListEmpty,7,True,131,426,75,123,6,4,42,34,12,0,26,54
actionc,optimized,IsMinListEmpty,8,True,131,426,75,123,6,4,42,34,12,0,26,54
actionc,optimized,AddHead,0,True,252,533,25,120,30,20,83,51,4,0,16,27
actionc,optimized,AddHead,1,True,252,533,25,120,30,20,83,51,4,0,16,27
actionc,optimized,AddHead,2,True,252,533,25,120,30,20,83,51,4,0,16,27
actionc,optimized,AddHead,3,True,252,533,25,120,30,20,83,51,4,0,16,27
actionc,optimized,AddHead,4,True,252,533,25,120,30,20,83,51,4,0,16,27
actionc,optimized,AddHead,5,True,252,533,25,120,30,20,83,51,4,0,16,27
actionc,optimized,AddHead,6,True,252,533,25,120,30,20,83,51,4,0,16,27
actionc,optimized,AddHead,7,True,252,533,25,120,30,20,83,51,4,0,16,27
actionc,optimized,AddHead,8,True,252,533,25,120,30,20,83,51,4,0,16,27
actionc,optimized,AddTail,0,True,265,547,25,126,30,20,82,50,4,0,16,27
actionc,optimized,AddTail,1,True,265,547,25,126,30,20,82,50,4,0,16,27
actionc,optimized,AddTail,2,True,265,547,25,126,30,20,82,50,4,0,16,27
actionc,optimized,AddTail,3,True,265,547,25,126,30,20,82,50,4,0,16,27
actionc,optimized,AddTail,4,True,265,547,25,126,30,20,82,50,4,0,16,27
actionc,optimized,AddTail,5,True,265,547,25,126,30,20,82,50,4,0,16,27
actionc,optimized,AddTail,6,True,265,547,25,126,30,20,82,50,4,0,16,27
actionc,optimized,AddTail,7,True,265,547,25,126,30,20,82,50,4,0,16,27
actionc,optimized,AddTail,8,True,265,547,25,126,30,20,82,50,4,0,16,27
actionc,optimized,Insert,0,True,574,769,75,188,30,20,108,73,12,0,42,81
actionc,optimized,Insert,1,True,574,877,75,212,30,20,130,89,12,0,42,81
actionc,optimized,Insert,2,True,574,1001,75,244,30,20,148,103,12,0,42,81
actionc,optimized,Insert,3,True,574,737,25,167,30,20,122,78,4,0,16,81
actionc,optimized,Insert,4,True,574,737,25,167,30,20,122,78,4,0,16,81
actionc,optimized,Insert,5,True,574,769,75,188,30,20,108,73,12,0,42,81
actionc,optimized,Insert,6,True,574,769,75,188,30,20,108,73,12,0,42,81
actionc,optimized,Insert,7,True,574,877,75,212,30,20,130,89,12,0,42,81
actionc,optimized,Insert,8,True,574,1001,75,244,30,20,148,103,12,0,42,81
actionc,optimized,Insert,9,True,574,737,25,167,30,20,122,78,4,0,16,81
actionc,optimized,Insert,10,True,574,737,25,167,30,20,122,78,4,0,16,81
actionc,optimized,Insert,11,True,574,769,75,188,30,20,108,73,12,0,42,81
actionc,optimized,Insert,12,True,574,769,75,188,30,20,108,73,12,0,42,81
actionc,optimized,Insert,13,True,574,877,75,212,30,20,130,89,12,0,42,81
actionc,optimized,Insert,14,True,574,1001,75,244,30,20,148,103,12,0,42,81
actionc,optimized,Insert,15,True,574,737,25,167,30,20,122,78,4,0,16,81
actionc,optimized,Insert,16,True,574,737,25,167,30,20,122,78,4,0,16,81
actionc,optimized,Insert,17,True,574,769,75,188,30,20,108,73,12,0,42,81
actionc,optimized,Remove,0,True,103,173,25,45,30,10,7,0,4,0,0,27
actionc,optimized,Remove,1,True,103,173,25,45,30,10,7,0,4,0,0,27
actionc,optimized,Remove,2,True,103,173,25,45,30,10,7,0,4,0,0,27
actionc,optimized,Remove,3,True,103,173,25,45,30,10,7,0,4,0,0,27
actionc,optimized,Remove,4,True,103,173,25,45,30,10,7,0,4,0,0,27
actionc,optimized,Remove,5,True,103,173,25,45,30,10,7,0,4,0,0,27
actionc,optimized,Remove,6,True,103,173,25,45,30,10,7,0,4,0,0,27
actionc,optimized,Remove,7,True,103,173,25,45,30,10,7,0,4,0,0,27
actionc,optimized,Remove,8,True,103,173,25,45,30,10,7,0,4,0,0,27
actionc,optimized,RemHead,0,True,212,206,25,53,12,8,23,14,4,0,12,54
actionc,optimized,RemHead,1,True,212,517,75,138,42,18,45,28,12,0,18,54
actionc,optimized,RemHead,2,True,212,517,75,138,42,18,45,28,12,0,18,54
actionc,optimized,RemHead,3,True,212,206,25,53,12,8,23,14,4,0,12,54
actionc,optimized,RemHead,4,True,212,517,75,138,42,18,45,28,12,0,18,54
actionc,optimized,RemHead,5,True,212,517,75,138,42,18,45,28,12,0,18,54
actionc,optimized,RemHead,6,True,212,206,25,53,12,8,23,14,4,0,12,54
actionc,optimized,RemHead,7,True,212,517,75,138,42,18,45,28,12,0,18,54
actionc,optimized,RemHead,8,True,212,517,75,138,42,18,45,28,12,0,18,54
actionc,optimized,RemTail,0,True,218,212,25,55,12,8,23,14,4,0,12,54
actionc,optimized,RemTail,1,True,218,523,75,140,42,18,45,28,12,0,18,54
actionc,optimized,RemTail,2,True,218,523,75,140,42,18,45,28,12,0,18,54
actionc,optimized,RemTail,3,True,218,212,25,55,12,8,23,14,4,0,12,54
actionc,optimized,RemTail,4,True,218,523,75,140,42,18,45,28,12,0,18,54
actionc,optimized,RemTail,5,True,218,523,75,140,42,18,45,28,12,0,18,54
actionc,optimized,RemTail,6,True,218,212,25,55,12,8,23,14,4,0,12,54
actionc,optimized,RemTail,7,True,218,523,75,140,42,18,45,28,12,0,18,54
actionc,optimized,RemTail,8,True,218,523,75,140,42,18,45,28,12,0,18,54
actionc,optimized,Enqueue,0,True,468,1618,75,390,76,60,220,145,12,0,48,81
actionc,optimized,Enqueue,1,True,468,1618,75,390,76,60,220,145,12,0,48,81
actionc,optimized,Enqueue,2,True,468,1916,75,462,96,78,255,165,12,0,48,81
actionc,optimized,Enqueue,3,True,468,1916,75,462,96,78,255,165,12,0,48,81
actionc,optimized,Enqueue,4,True,468,1812,75,440,102,82,227,144,12,0,46,81
actionc,optimized,Enqueue,5,True,468,1916,75,462,96,78,255,165,12,0,48,81
actionc,optimized,Enqueue,6,True,468,1618,75,390,76,60,220,145,12,0,48,81
actionc,optimized,Enqueue,7,True,468,1618,75,390,76,60,220,145,12,0,48,81
actionc,optimized,Enqueue,8,True,468,1916,75,462,96,78,255,165,12,0,48,81
actionc,optimized,Enqueue,9,True,468,1916,75,462,96,78,255,165,12,0,48,81
actionc,optimized,Enqueue,10,True,468,1812,75,440,102,82,227,144,12,0,46,81
actionc,optimized,Enqueue,11,True,468,1916,75,462,96,78,255,165,12,0,48,81
actionc,optimized,Enqueue,12,True,468,1618,75,390,76,60,220,145,12,0,48,81
actionc,optimized,Enqueue,13,True,468,1618,75,390,76,60,220,145,12,0,48,81
actionc,optimized,Enqueue,14,True,468,1916,75,462,96,78,255,165,12,0,48,81
actionc,optimized,Enqueue,15,True,468,1916,75,462,96,78,255,165,12,0,48,81
actionc,optimized,Enqueue,16,True,468,1812,75,440,102,82,227,144,12,0,46,81
actionc,optimized,Enqueue,17,True,468,1916,75,462,96,78,255,165,12,0,48,81
actionc,optimized,FindName,0,True,511,226,25,58,12,8,26,16,4,0,28,27
actionc,optimized,FindName,1,True,511,2681,25,694,102,114,314,223,4,0,28,27
actionc,optimized,FindName,2,True,511,2927,25,750,120,126,345,242,4,0,28,27
actionc,optimized,FindName,3,True,511,3116,25,787,135,136,371,252,4,0,28,27
actionc,optimized,FindName,4,True,511,1516,25,364,84,68,185,115,4,0,28,27
actionc,optimized,FindName,5,True,511,2681,25,694,102,114,314,223,4,0,28,27
actionc,optimized,FindName,6,True,511,226,25,58,12,8,26,16,4,0,28,27
actionc,optimized,FindName,7,True,511,2681,25,694,102,114,314,223,4,0,28,27
actionc,optimized,FindName,8,True,511,2927,25,750,120,126,345,242,4,0,28,27
actionc,optimized,FindName,9,True,511,3116,25,787,135,136,371,252,4,0,28,27
actionc,optimized,FindName,10,True,511,1516,25,364,84,68,185,115,4,0,28,27
actionc,optimized,FindName,11,True,511,2681,25,694,102,114,314,223,4,0,28,27
actionc,optimized,FindName,12,True,511,226,25,58,12,8,26,16,4,0,28,27
actionc,optimized,FindName,13,True,511,2681,25,694,102,114,314,223,4,0,28,27
actionc,optimized,FindName,14,True,511,2927,25,750,120,126,345,242,4,0,28,27
actionc,optimized,FindName,15,True,511,3116,25,787,135,136,371,252,4,0,28,27
actionc,optimized,FindName,16,True,511,1516,25,364,84,68,185,115,4,0,28,27
actionc,optimized,FindName,17,True,511,2681,25,694,102,114,314,223,4,0,28,27
