mode,routine,before,after,saved,guards,frame
raw,M_EXECMEMORY_VALIDBANK_E9E0A79B,98,82,16,1,6
raw,M_EXECMEMORY_VALIDOWNER_462B929A,130,114,16,1,6
raw,M_EXECMEMORY_ADOPT_494D3B99,1061,1045,16,1,12
raw,M_EXECMEMORY_QUERY_D2E34F9F,557,525,32,2,14
raw,M_EXECMEMORY_RESERVEEXACT_88D3D2C8,936,888,48,3,10
raw,M_EXECMEMORY_ACQUIRE_EAA019EB,679,647,32,2,14
raw,M_EXECMEMORY_RELEASE_A6E307FC,1056,1008,48,3,10
raw,M_EXECMEMORY_INIT_F4EA07E3,137,105,32,2,4
raw,M_EXECLISTS_NEWLIST_B3502541,277,261,16,1,12
raw,M_EXECLISTS_NEWMINLIST_A2695943,158,126,32,2,8
raw,M_EXECLISTS_ISLISTEMPTY_6EEB0796,220,204,16,1,12
raw,M_EXECLISTS_ISMINLISTEMPTY_6D517164,188,156,32,2,8
raw,M_EXECLISTS_ADDHEAD_3AE3E6E4,303,287,16,1,16
raw,M_EXECLISTS_ADDTAIL_A1C0F364,322,306,16,1,16
raw,M_EXECLISTS_INSERT_468B11BA,722,674,48,3,16
raw,M_EXECLISTS_REMOVE_2E26C2C1,189,173,16,1,6
raw,M_EXECLISTS_REMHEAD_F8063CE7,321,289,32,2,12
raw,M_EXECLISTS_REMTAIL_292EAA27,321,289,32,2,12
raw,M_EXECLISTS_ENQUEUE_763E1E61,552,504,48,3,20
raw,M_EXECLISTS_FINDNAME_2659CDBB,635,619,16,1,22
raw,M_HEAPCORE_ROUNDED_9D79FA03,545,529,16,1,14
raw,M_HEAPCORE_BOUNDS_2387CB05,1824,1728,96,6,24
raw,M_HEAPCORE_CHUNKADDRESS_A551D41B,858,810,48,3,24
raw,M_HEAPCORE_NEXTADDRESS_E32592FF,875,843,32,2,24
raw,M_HEAPCORE_CHUNKEND_0E0C27CE,1281,1201,80,5,28
raw,M_HEAPCORE_VALIDATE_B397AD34,748,684,64,4,26
raw,M_HEAPCORE_LINK_9B47F952,173,157,16,1,8
raw,M_HEAPCORE_WRITECHUNK_D768FC26,160,144,16,1,8
raw,M_HEAPCORE_SPLIT_B6117102,1293,1245,48,3,32
raw,M_HEAPCORE_CANDIDATE_07CF3557,549,533,16,1,20
raw,M_HEAPCORE_RESERVE_2192E9C0,1885,1805,80,5,40
raw,M_HEAPCORE_ALLOCATE_E39F1AF5,220,188,32,2,12
raw,M_HEAPCORE_LARGEST_AA9886E8,2088,2008,80,5,42
raw,M_HEAPCORE_INSERTFREE_129E41BB,1510,1462,48,3,24
raw,M_HEAPCORE_RETURNRANGE_11C95A83,2072,1976,96,6,26
raw,M_HEAPCORE_DEALLOCATE_60F97CF2,1155,1075,80,5,32
raw,M_HEAPPOLICY_GETSTATE_9B9EAF7C,113,97,16,1,8
raw,M_HEAPPOLICY_HEADER_A992FDFC,241,225,16,1,12
raw,M_HEAPPOLICY_SHUTDOWN_9E341637,670,606,64,4,18
raw,M_HEAPPOLICY_RUNS_07A33D25,381,349,32,2,24
raw,M_HEAPPOLICY_REGION_F42DC07D,1159,1127,32,2,22
raw,M_HEAPPOLICY_START_1455FA91,1823,1663,160,10,32
raw,M_HEAPPOLICY_INIT_69D6AA0D,532,468,64,4,16
raw,M_HEAPPOLICY_FLAGSVALID_4BF22F96,1237,1221,16,1,24
raw,M_HEAPPOLICY_DESCRIPTOR_8971C45E,961,913,48,3,24
raw,M_HEAPPOLICY_VALIDATEREGIONS_C3A52ACE,1363,1235,128,8,28
raw,M_HEAPPOLICY_MATCHES_ACC95206,314,298,16,1,18
raw,M_HEAPPOLICY_RESERVE_42F2499D,1632,1520,112,7,28
raw,M_HEAPPOLICY_LOCATE_7B91FF59,1016,952,64,4,30
raw,M_HEAPPOLICY_FREE_3EA2E1EF,1584,1472,112,7,30
raw,M_HEAPPOLICY_AVAIL_22774B2C,2160,2048,112,7,36
raw,M_HEAPPOLICY_MEMORYTYPE_D394B206,318,286,32,2,12
raw,M_HEAPPOLICY_VECTORBYTES_E6541B8F,611,579,32,2,20
raw,M_HEAPPOLICY_RESERVEVECTOR_C09ED6F4,523,475,48,3,18
raw,M_HEAPPOLICY_FREEVECTOR_698EC5DE,2188,2044,144,9,34
raw,M_TASKPOLICY_RECORDFOR_833E2B66,235,219,16,1,12
raw,M_TASKPOLICY_SAVEDWORD_D1C8E663,131,115,16,1,12
raw,M_TASKPOLICY_RESULT_DA2077E3,126,110,16,1,12
raw,M_TASKPOLICY_POINTERRESULT_E8D88610,354,322,32,2,16
raw,M_TASKPOLICY_ARGUMENTPOINTER_A19325C6,481,433,48,3,12
raw,M_TASKPOLICY_FLAGS_56B3B4FF,150,134,16,1,12
raw,M_TASKPOLICY_PROTECTED_FCDCE808,317,285,32,2,8
raw,M_TASKPOLICY_LOOKUP_41F6D1E4,903,887,16,1,24
raw,M_TASKPOLICY_WRITABLE_0565D862,1050,1034,16,1,32
raw,M_TASKPOLICY_AVAILABLERECORD_80983EA0,892,844,48,3,28
raw,M_TASKPOLICY_EMPTYMEMORY_C893BDB0,499,483,16,1,16
raw,M_TASKPOLICY_VALIDENTRY_58BA8A58,366,350,16,1,22
raw,M_TASKPOLICY_STACKSLOT_2A322EEA,1185,1153,32,2,22
raw,M_TASKPOLICY_PREPARESTACK_1A1C583B,716,700,16,1,24
raw,M_TASKPOLICY_PREPAREDOMAIN_45DA3401,1132,1116,16,1,24
raw,M_TASKPOLICY_PREPAREFRAME_D5FF2FA0,658,642,16,1,26
raw,M_TASKPOLICY_SETSTATE_52D88FAF,191,175,16,1,12
raw,M_TASKPOLICY_READY_679992F5,428,364,64,4,16
raw,M_TASKPOLICY_INITSIGNALS_5C831CB9,544,512,32,2,12
raw,M_TASKPOLICY_ADMIT_CF1671AB,965,885,80,5,16
raw,M_TASKPOLICY_INIT_57A5FAC8,2923,2651,272,17,30
raw,M_TASKPOLICY_TIMEDCOUNT_C3B59E74,120,104,16,1,8
raw,M_TASKPOLICY_ADJUSTTIMED_DDC1BE1E,203,187,16,1,10
raw,M_TASKPOLICY_WAKE_9E9C7518,550,486,64,4,16
raw,M_TASKPOLICY_SELECT_1A709B3E,919,807,112,7,14
raw,M_TASKPOLICY_SWITCH_98522C9E,658,578,80,5,8
raw,M_TASKPOLICY_EMPTYSIGNALS_EA2224E4,809,793,16,1,12
raw,M_TASKPOLICY_ADD_A5E7C92B,2418,2114,304,19,36
raw,M_TASKPOLICY_REMOVETASK_35F29A21,2295,2055,240,15,18
raw,M_TASKPOLICY_SAMENAME_968CD62D,482,466,16,1,18
raw,M_TASKPOLICY_FIND_0D9A09D7,755,691,64,4,16
raw,M_TASKPOLICY_PRIORITY_7FE7EE8A,673,593,80,5,16
raw,M_TASKPOLICY_EXCLUSION_DFE541A6,513,481,32,2,16
raw,M_TASKPOLICY_SLEEPTASK_6A909BCC,1178,1018,160,10,16
raw,M_TASKPOLICY_MASKRESULT_220A6FAB,378,346,32,2,20
raw,M_TASKPOLICY_SIGNALBIT_7E52F9EF,232,216,16,1,14
raw,M_TASKPOLICY_ALLOCATEBIT_A349E154,1229,1165,64,4,28
raw,M_TASKPOLICY_MASKS_49833CE1,1594,1482,112,7,38
raw,M_TASKPOLICY_COMPLETEWAIT_31FB45E4,562,514,48,3,16
raw,M_TASKPOLICY_WAITTASK_AD94C4A2,849,753,96,6,24
raw,M_TASKPOLICY_POSTSIGNAL_10773240,502,438,64,4,22
raw,M_TASKPOLICY_SIGNALTASK_806F80F5,865,785,80,5,24
raw,M_TASKPOLICY_CANCELWAKE_8ADC984A,181,149,32,2,4
raw,M_TASKPOLICY_DRAINONE_68E56764,711,631,80,5,14
raw,M_TASKPOLICY_DRAINWAKES_15F017CB,441,377,64,4,4
raw,M_TASKPOLICY_BOUNDPRODUCER_6D7B4E54,725,645,80,5,12
raw,M_TASKPOLICY_PRODUCERCONTROL_52F9499B,1716,1556,160,10,22
raw,M_TASKPOLICY_MEMORYSERVICE_7FAD083C,223,207,16,1,4
raw,M_TASKPOLICY_MEMORYPACKET_B36B55BB,488,456,32,2,16
raw,M_TASKPOLICY_MEMORYCALL_E7816C43,1991,1783,208,13,32
raw,M_TASKPOLICY_PORTSERVICE_8D598BCC,147,131,16,1,4
raw,M_TASKPOLICY_INITPORTS_2CB7E92A,232,200,32,2,12
raw,M_TASKPOLICY_PORTSTORAGE_D3468DA2,353,337,16,1,14
raw,M_TASKPOLICY_VALIDPORT_7710F985,398,366,32,2,4
raw,M_TASKPOLICY_VALIDMESSAGE_C0DE7739,453,437,16,1,14
raw,M_TASKPOLICY_SENDMESSAGE_7332557D,1031,935,96,6,20
raw,M_TASKPOLICY_PORTHEAD_A12A0751,842,762,80,5,16
raw,M_TASKPOLICY_PORTDELETE_CF47DFE6,1041,961,80,5,22
raw,M_TASKPOLICY_REGISTRYCALL_6B5FFB7F,1314,1186,128,8,18
raw,M_TASKPOLICY_QUEUECALL_62B0545B,1373,1245,128,8,24
raw,M_TASKPOLICY_PORTCALL_70989793,1225,1113,112,7,24
raw,M_TASKPOLICY_IOSERVICE_1E6CF653,147,131,16,1,4
raw,M_TASKPOLICY_INITIONAMES_D8642B1E,1379,1363,16,1,14
raw,M_TASKPOLICY_INITIO_35D5D1E4,1056,992,64,4,16
raw,M_TASKPOLICY_IOEXTENT_9818C08A,563,531,32,2,20
raw,M_TASKPOLICY_IOERROR_9413450C,252,220,32,2,14
raw,M_TASKPOLICY_IONAME_8B922013,257,225,32,2,8
raw,M_TASKPOLICY_IOBOUND_33A4879E,884,836,48,3,16
raw,M_TASKPOLICY_IOOPEN_15F8E966,1045,933,112,7,16
raw,M_TASKPOLICY_IOOPENTEST_C4ABA6E6,1503,1439,64,4,20
raw,M_TASKPOLICY_IOCOMPLETE_88BA0BF3,475,427,48,3,20
raw,M_TASKPOLICY_IOWAITOWNER_63A51E9E,493,461,32,2,16
raw,M_TASKPOLICY_IOCOLLECT_D169FE6C,837,757,80,5,16
raw,M_TASKPOLICY_IOENQUEUE_EC975914,1714,1618,96,6,24
raw,M_TASKPOLICY_IOBEGIN_A0C610B5,1401,1257,144,9,14
raw,M_TASKPOLICY_IOTESTBEGIN_2E780855,897,849,48,3,18
raw,M_TASKPOLICY_IOABORT_1EC95CFC,1396,1284,112,7,18
raw,M_TASKPOLICY_IOWORKERCONTROL_3D43EE5B,974,926,48,3,14
raw,M_TASKPOLICY_IOCLAIM_E59988BA,574,526,48,3,16
raw,M_TASKPOLICY_IOTEST_D46D842E,1075,995,80,5,18
raw,M_TASKPOLICY_IOTESTFINISH_35E02F77,728,680,48,3,20
raw,M_TASKPOLICY_IOCALL_78031962,1857,1681,176,11,28
raw,M_TASKPOLICY_IOREQUESTCALL_7ACD78BD,575,511,64,4,14
raw,M_TASKPOLICY_IOSETTLEDCALL_042AE5B9,1474,1346,128,8,20
raw,M_TASKPOLICY_INITSIOSTATE_10B63F2C,822,806,16,1,20
raw,M_TASKPOLICY_SIOBOUND_346E47DB,1533,1517,16,1,26
raw,M_TASKPOLICY_SIOOPEN_38E97F75,1820,1772,48,3,30
raw,M_TASKPOLICY_SIOCLOSE_4815C4E5,206,190,16,1,16
raw,M_TASKPOLICY_SIOENQUEUE_F49C65E1,910,846,64,4,24
raw,M_TASKPOLICY_SIOABORT_410D8B25,579,531,48,3,20
raw,M_TASKPOLICY_SIOPREPAREWORKER_A27B8738,935,903,32,2,22
raw,M_TASKPOLICY_SIOPREPAREBUS_A2AD2C52,592,560,32,2,14
raw,M_TASKPOLICY_SIOADMIT_DC2C0CF4,1025,945,80,5,30
raw,M_TASKPOLICY_SIOTAKE_23947030,746,698,48,3,18
raw,M_TASKPOLICY_SIOFINISH_B1C2A78C,833,785,48,3,26
raw,M_TASKPOLICY_SIOSTOP_31FA5BA1,872,792,80,5,8
raw,M_TASKPOLICY_SIOWORKERCONTROL_ABEF18A6,1752,1608,144,9,18
raw,M_TASKPOLICY_SIOPAUSE_4B7D62A1,541,461,80,5,10
raw,M_TASKPOLICY_SIOCONTROL_0EC256A4,1380,1252,128,8,22
raw,M_TASKPOLICY_SIOWORKERBOUND_9EFBF9DD,372,356,16,1,14
raw,M_TASKPOLICY_SIORESIDENTCOUNT_72BFE78E,332,316,16,1,14
raw,M_TASKPOLICY_SIOREMOVED_B08060ED,1033,953,80,5,18
raw,M_TASKPOLICY_DOSSLOTFOR_362EB215,258,242,16,1,12
raw,M_TASKPOLICY_DOSRESET_224DFB33,363,331,32,2,12
raw,M_TASKPOLICY_DOSCANREMOVE_DB41E74E,526,494,32,2,16
raw,M_TASKPOLICY_DOSCURRENT_4399DFDB,442,394,48,3,16
raw,M_TASKPOLICY_DOSINIT_97B41A44,1318,1302,16,1,30
raw,M_TASKPOLICY_DOSWORKERBOUND_DB9BCF66,335,319,16,1,16
raw,M_TASKPOLICY_DOSRESIDENTCOUNT_ABEF6AC1,281,265,16,1,14
raw,M_TASKPOLICY_DOSREMOVED_D36757B2,998,950,48,3,24
raw,M_TASKPOLICY_DOSPREPARE_61B1CC0D,775,743,32,2,22
raw,M_TASKPOLICY_DOSADMIT_DEA63DC3,1077,1013,64,4,26
raw,M_TASKPOLICY_DOSCONTROL_C7F82CE3,1087,975,112,7,22
raw,M_TASKPOLICY_CONSOLEINIT_02CC0011,434,402,32,2,14
raw,M_TASKPOLICY_CONSOLESERVICE_C7B70ED2,147,131,16,1,4
raw,M_TASKPOLICY_CONSOLEPRODUCERBOUND_02AD29D1,311,295,16,1,14
raw,M_TASKPOLICY_CONSOLEFORGETBINDING_5044609F,270,254,16,1,14
raw,M_TASKPOLICY_CONSOLEPACKETVALID_068AA429,374,342,32,2,14
raw,M_TASKPOLICY_CONSOLEUNBIND_D1E0D209,641,561,80,5,22
raw,M_TASKPOLICY_CONSOLEPRODUCERCONTROL_28DEB132,326,278,48,3,10
raw,M_TASKPOLICY_CONSOLEBINDCONTROL_DC86D25B,2122,1946,176,11,22
raw,M_TASKPOLICY_CONSOLESTATE_630D302C,113,97,16,1,8
raw,M_TASKPOLICY_CONSOLEINSTANCE_9C722438,113,97,16,1,8
raw,M_TASKPOLICY_CONSOLENAMES_B9E6EA95,777,761,16,1,16
raw,M_TASKPOLICY_CONSOLENAME_0C46F590,267,235,32,2,12
raw,M_TASKPOLICY_CONSOLEDEVICE_34497CA3,177,161,16,1,12
raw,M_TASKPOLICY_CONSOLEBOUND_8755F553,466,418,48,3,16
raw,M_TASKPOLICY_CONSOLEOPEN_4090447D,1378,1298,80,5,22
raw,M_TASKPOLICY_CONSOLEIDLE_D6547573,603,555,48,3,8
raw,M_TASKPOLICY_CONSOLECLOSE_04E65EB3,741,661,80,5,14
raw,M_TASKPOLICY_CONSOLEIMMEDIATE_DAE617FC,1501,1485,16,1,18
raw,M_TASKPOLICY_CONSOLEENQUEUE_BE188809,1893,1749,144,9,30
raw,M_TASKPOLICY_CONSOLEWAKE_FE0543B3,249,217,32,2,8
raw,M_TASKPOLICY_CONSOLEABORT_CCCE9F0D,1322,1194,128,8,20
raw,M_TASKPOLICY_CONSOLEPREPARE_8098E872,921,889,32,2,22
raw,M_TASKPOLICY_CONSOLEADMIT_A01C3E0C,1901,1773,128,8,32
raw,M_TASKPOLICY_CONSOLETAKEARRIVAL_2A1E971F,1028,948,80,5,16
raw,M_TASKPOLICY_CONSOLETAKEWRITE_96FEA12D,525,477,48,3,12
raw,M_TASKPOLICY_CONSOLEFINISH_F43924B4,1319,1255,64,4,20
raw,M_TASKPOLICY_CONSOLERUNNABLE_8934D92E,1056,1008,48,3,16
raw,M_TASKPOLICY_CONSOLESTOP_DAEB4759,695,615,80,5,8
raw,M_TASKPOLICY_CONSOLEWORKERCONTROL_3CA89D3E,1738,1562,176,11,28
raw,M_TASKPOLICY_CONSOLECHECKEXTENT_830BDAF3,367,319,48,3,16
raw,M_TASKPOLICY_CONSOLECONTROL_F218511C,1340,1180,160,10,26
raw,M_TASKPOLICY_CONSOLEWORKERBOUND_96318375,394,362,32,2,16
raw,M_TASKPOLICY_CONSOLERESIDENTCOUNT_6078C646,340,308,32,2,14
raw,M_TASKPOLICY_CONSOLECANREMOVE_6BA935F9,1311,1199,112,7,28
raw,M_TASKPOLICY_CONSOLEREMOVED_E0E10625,1181,1069,112,7,22
raw,M_TASKPOLICY_REQUESTVALID_195CAC51,3700,3300,400,25,8
raw,M_TASKPOLICY_ROUTE_3006B749,2810,2474,336,21,12
raw,M_TASKPOLICY_FINISHDISPATCH_46CD5A79,444,396,48,3,12
raw,M_TASKPOLICY_DISPATCH_2D7B283C,2411,2123,288,18,26
raw,M_CONSOLECORE_EXTENT_83D9960B,1250,1234,16,1,32
raw,M_CONSOLECORE_INIT_F63331F9,943,911,32,2,22
raw,M_CONSOLECORE_DIRTY_4A63B073,185,169,16,1,10
raw,M_CONSOLECORE_EDITQUANTUM_E6CDEC54,853,821,32,2,24
raw,M_CONSOLECORE_NEWLINE_97A73E23,334,318,16,1,12
raw,M_CONSOLECORE_CHARACTER_94A5011A,1316,1236,80,5,18
raw,M_CONSOLECORE_FEED_287D49E7,501,453,48,3,18
raw,M_CONSOLEINPUT_INIT_5076ECFA,281,265,16,1,8
raw,M_CONSOLEINPUT_LOSE_42C88EE3,185,169,16,1,8
raw,M_CONSOLEINPUT_CLEAR_3DEF4D2B,256,224,32,2,8
raw,M_CONSOLEINPUT_DECODE_A428056C,1545,1529,16,1,26
raw,M_CONSOLEINPUT_DELIVER_8B43A137,680,632,48,3,16
raw,M_CONSOLEINPUT_PUMP_600356CC,723,659,64,4,18
raw,M_CONSOLEINPUT_READ_9E7D5EC6,691,659,32,2,24
raw,M_CONSOLEDISPLAY_GLYPH_DCC4F92E,236,220,16,1,12
raw,M_CONSOLEDISPLAY_LISTVALID_C50FC922,1381,1365,16,1,14
raw,M_CONSOLEDISPLAY_VALIDATE_33E36106,604,572,32,2,8
raw,M_CONSOLEDISPLAY_GEOMETRY_B00D0334,622,606,16,1,10
raw,M_CONSOLEDISPLAY_COPYSCREEN_6781A699,348,316,32,2,20
raw,M_CONSOLEDISPLAY_CLAIM_0FF5CDD8,1449,1385,64,4,16
raw,M_CONSOLEDISPLAY_RELEASE_C2AC22C5,443,411,32,2,12
raw,M_CONSOLEDISPLAY_POSITION_5668E3AD,215,199,16,1,8
raw,M_CONSOLEDISPLAY_CURSOR_3EC7579C,913,865,48,3,20
raw,M_CONSOLEDISPLAY_CELLS_58FB51DD,1031,983,48,3,28
raw,M_CONSOLEDISPLAY_QUANTUM_5F98A18D,707,643,64,4,14
raw,M_CONSOLEDRIVER_GETSERVICE_BEE5E55D,113,97,16,1,8
raw,M_CONSOLEDRIVER_GETINSTANCE_7919D405,113,97,16,1,8
raw,M_CONSOLEDRIVER_MAPPED_DAA6A481,1126,1094,32,2,30
raw,M_CONSOLEDRIVER_VALIDATE_72D30322,1791,1743,48,3,18
raw,M_CONSOLEDRIVER_FINISHWRITE_E8555190,265,233,32,2,14
raw,M_CONSOLEDRIVER_WRITEQUANTUM_AEE13626,1753,1641,112,7,28
raw,M_CONSOLEDRIVER_READQUANTUM_10EBF725,1205,1141,64,4,26
raw,M_CONSOLEDRIVER_ARRIVAL_EC6B7DA9,500,436,64,4,16
raw,M_CONSOLEDRIVER_INITIALIZE_D6CB2592,2458,2202,256,16,28
raw,M_CONSOLEDRIVER_FREESTORAGE_02676B4B,971,891,80,5,12
raw,M_CONSOLEDRIVER_WORKER_589B3ABC,2375,2023,352,22,28
raw,M_CONSOLEDRIVER_START_3E6AAC44,1010,946,64,4,18
raw,M_CONSOLEDRIVER_STOP_093D3500,712,648,64,4,18
raw,M_PORTCORE_CREATEMSGPORT_A47550A3,1140,1044,96,6,18
raw,M_PORTCORE_DELETEMSGPORT_9136F7C6,409,345,64,4,10
raw,M_SIODRIVER_SIOMAPPED_D1D9A9D6,1126,1094,32,2,30
raw,M_SIODRIVER_PAYLOADLENGTH_9F5C9B06,918,902,16,1,10
raw,M_SIODRIVER_SIOVALIDATE_7D355271,2357,2309,48,3,16
raw,M_SIODRIVER_DEADLINETICKS_83CDA5CA,1128,1112,16,1,28
raw,M_SIODRIVER_PREPARE_D10BF723,1308,1276,32,2,28
raw,M_SIODRIVER_HARDWAREINIT_3568BDA6,1192,1000,192,12,12
raw,M_SIODRIVER_RUNREQUEST_4500BA50,2025,1785,240,15,32
raw,M_SIODRIVER_WORKER_374ADF8C,1870,1566,304,19,22
raw,M_SIODRIVER_UNAVAILABLE_B7013E26,191,159,32,2,6
raw,M_SIODRIVER_MATCHES_AEE1C237,471,455,16,1,14
raw,M_SIODRIVER_START_4928F5B4,1170,1106,64,4,16
raw,M_SIODRIVER_STOP_B26AF28A,525,461,64,4,16
raw,M_IOCORE_OPENDEVICE_A2787528,425,361,64,4,22
raw,M_IOCORE_CREATEIOREQUEST_DE10015D,952,904,48,3,20
raw,M_IOCORE_DELETEIOREQUEST_93A87E78,341,293,48,3,16
raw,M_IOCORE_WAITIO_8CA35F61,788,724,64,4,24
raw,M_IOCORE_DOIO_173DC4A1,508,460,48,3,20
raw,M_DOSCLIENT_IOERR_BF9E8A97,214,182,32,2,12
raw,M_DOSCLIENT_SETERROR_F2B11A26,186,154,32,2,12
raw,M_DOSCLIENT_NEWCLIENT_41735729,1421,1357,64,4,18
raw,M_DOSCLIENT_ENSURE_1859B044,829,765,64,4,18
raw,M_DOSCLIENT_CLEARSELECTIONS_93A1D5D6,275,259,16,1,8
raw,M_DOSCLIENT_RELEASECONTEXT_90CB2A06,1958,1862,96,6,18
raw,M_DOSCLIENT_CHECKREPLY_4530772C,750,686,64,4,12
raw,M_DOSCLIENT_CALL_35DB3B22,2019,1907,112,7,24
raw,M_DOSOBJECTS_FIND_2E898C70,490,474,16,1,12
raw,M_DOSOBJECTS_LINK_9FA00D0F,436,404,32,2,16
raw,M_DOSOBJECTS_UNLINK_C978FCF4,870,838,32,2,22
raw,M_BLOCKWIRE_TRANSFER_0A2F17CC,171,139,32,2,8
raw,M_BLOCKIO_GEOMETRY_4529DFEE,921,905,16,1,10
raw,M_BLOCKIO_SECTORBYTES_B8369631,893,877,16,1,12
raw,M_BLOCKIO_MAPPED_A9EEA713,1299,1267,32,2,30
raw,M_BLOCKIO_CREATE_DF5BA086,1490,1362,128,8,20
raw,M_BLOCKIO_DESTROY_0CC5CBD8,803,723,80,5,8
raw,M_BLOCKIO_DEVICENAME_55BC3EC3,757,741,16,1,4
raw,M_BLOCKIO_OPENVOLUME_36B90798,1263,1167,96,6,26
raw,M_BLOCKIO_ATTACH_A1159825,1532,1452,80,5,20
raw,M_BLOCKIO_DETACH_FC4FFB83,901,837,64,4,12
raw,M_BLOCKIO_INVALIDATE_E4DCC90F,129,113,16,1,8
raw,M_BLOCKIO_CACHED_7ABF0DB0,1085,1069,16,1,12
raw,M_BLOCKIO_PUBLISH_42B93901,488,472,16,1,12
raw,M_BLOCKIO_PREPARE_810BFFA1,670,654,16,1,16
raw,M_BLOCKIO_COMPLETE_80F6A54F,1068,1052,16,1,18
raw,M_BLOCKIO_CHECK_A5B41A2A,1085,989,96,6,16
raw,M_BLOCKIO_BEGINFETCH_6B9D7F07,871,823,48,3,28
raw,M_BLOCKIO_FINISHFETCH_D55D2AA5,787,723,64,4,28
raw,M_BLOCKIO_FETCH_124BDACE,661,597,64,4,24
raw,M_BLOCKIO_READSECTOR_D918C668,1588,1492,96,6,26
raw,M_MYDOSNAMES_LEGAL_C9AD70C6,290,274,16,1,2
raw,M_MYDOSNAMES_FOLD_297622C6,175,159,16,1,2
raw,M_MYDOSNAMES_STORED_9F1E578A,745,713,32,2,8
raw,M_MYDOSNAMES_MATCH_52630F12,700,652,48,3,8
raw,M_MYDOSNAMES_COMPONENT_FF2F5328,1581,1533,48,3,16
raw,M_FSNAMES_STREAM_12DD2A4A,2805,2533,272,17,6
raw,M_FSNAMES_MAPPED_324F42A3,931,899,32,2,24
raw,M_FSNAMES_PATH_CFBF830F,1412,1364,48,3,32
raw,M_FSNAMES_ALIAS_A2F2B006,575,527,48,3,12
raw,M_FSNAMES_SAMEALIAS_76260CCC,596,548,48,3,8
raw,M_FSNAMES_VALIDALIAS_36EB4E14,582,534,48,3,10
raw,M_DOSSTREAMS_VALIDMODE_6A43AE29,551,535,16,1,12
raw,M_DOSSTREAMS_VALIDBUFFER_D67D80FE,827,763,64,4,12
raw,M_DOSSTREAMS_OPENNIL_7EDE8F17,852,788,64,4,20
raw,M_DOSSTREAMS_TRANSFERNIL_E7EA5C2C,579,531,48,3,8
raw,M_DOSSTREAMS_CLOSENIL_3520E24B,775,679,96,6,16
raw,M_DOSRAW_GETREGISTRY_976423CC,113,97,16,1,8
raw,M_DOSRAW_LIVE_14427091,880,848,32,2,18
raw,M_DOSRAW_INITIALIZE_D871F7B7,1490,1458,32,2,16
raw,M_DOSRAW_ROLLBACK_4A7594F5,263,215,48,3,4
raw,M_DOSRAW_ACQUIRE_CC49A145,3185,2849,336,21,34
raw,M_DOSRAW_OPEN_5F7F2547,1398,1270,128,8,20
raw,M_DOSRAW_VALIDEXTENT_84EF7CCB,883,819,64,4,20
raw,M_DOSRAW_RELEASEOPERATION_C2E80557,587,507,80,5,12
raw,M_DOSRAW_PREPARE_F51F1B68,2658,2466,192,12,18
raw,M_DOSRAW_COMPLETE_0FD428DA,1913,1849,64,4,30
raw,M_DOSRAW_CLOSEDEVICE_DECAF50F,218,186,32,2,8
raw,M_DOSRAW_CLOSE_4F38859D,2751,2431,320,20,24
raw,M_FSREGISTRY_GETREGISTRY_3C838C00,204,172,32,2,8
raw,M_FSREGISTRY_SERVICE_31663004,226,194,32,2,12
raw,M_FSREGISTRY_RETAIN_218C5FAC,325,277,48,3,12
raw,M_FSREGISTRY_RETAINBASE_94E5BA0B,605,541,64,4,18
raw,M_FSREGISTRY_RELEASE_E0E99364,241,193,48,3,10
raw,M_FSREGISTRY_LOOKUP_AD8B60C1,1090,1010,80,5,22
raw,M_FSREGISTRY_FINDOBJECT_780CC443,335,287,48,3,16
raw,M_FSREGISTRY_FROMHEADER_DCD07C60,618,602,16,1,16
raw,M_FSREGISTRY_STAMP_BE264D84,528,496,32,2,16
raw,M_DOSWIRE_ISPOINTER_E1AC855F,346,330,16,1,14
raw,M_FSLOCKS_TRAILER_B3BA463B,152,136,16,1,8
raw,M_FSLOCKS_TEXT_C72F70F3,193,177,16,1,12
raw,M_FSLOCKS_ALLOCATION_5B5A6C20,399,367,32,2,16
raw,M_FSLOCKS_ROOT_D04E0C54,697,681,16,1,20
raw,M_FSLOCKS_ADD_DEA4C903,537,521,16,1,12
raw,M_FSLOCKS_APPEND_3EC68462,1758,1678,80,5,14
raw,M_FSLOCKS_ALLOCATE_39B5BEE3,1519,1455,64,4,32
raw,M_FSPACKET_REPLY_F0943484,821,789,32,2,16
raw,M_FSPACKET_ERROR_61E70414,654,622,32,2,16
raw,M_FSPACKET_IDENTITY_6B3677B2,1763,1667,96,6,20
raw,M_FSPACKET_PUBLISHOPENSTEP_55EACFB5,1197,1149,48,3,22
raw,M_FSPACKET_CLOSESTEP_61A48B9C,984,872,112,7,18
raw,M_FSPORTS_CREATE_D9675AD2,739,675,64,4,18
raw,M_FSPORTS_DELETE_FC342961,216,184,32,2,8
raw,M_MYDOS_READPHYSICAL_AF05229A,825,793,32,2,24
raw,M_MYDOS_DATASECTOR_95277D3B,946,930,16,1,12
raw,M_MYDOS_VALIDDIRECTORY_1CF8F62E,866,818,48,3,20
raw,M_MYDOS_EXTENT_5BCD29B5,1927,1911,16,1,28
raw,M_MYDOS_HEADER_A95A323A,1224,1192,32,2,26
raw,M_MYDOS_BEGINMOUNT_AA58F6DF,568,552,16,1,10
raw,M_MYDOS_MOUNTBUFFERED_114678B9,472,440,32,2,16
raw,M_MYDOS_MOUNT_2B42A118,498,434,64,4,12
raw,M_MYDOS_COPYENTRY_C5D8D89C,323,307,16,1,18
raw,M_MYDOS_DECODE_69B6DF25,956,940,16,1,14
raw,M_MYDOS_LIVE_1E4E1377,806,758,48,3,14
raw,M_MYDOS_BUFFEREDENTRY_DC465C80,893,845,48,3,26
raw,M_MYDOS_BEGINENTRY_95F170F4,839,807,32,2,12
raw,M_MYDOS_GETENTRY_7D00AFBD,551,487,64,4,14
raw,M_MYDOS_SELECTMATCH_8984C9A2,871,807,64,4,14
raw,M_MYDOS_CHOOSE_61B23C5E,596,564,32,2,12
raw,M_MYDOS_STARTDIRECTORY_E432AEF2,180,164,16,1,12
raw,M_MYDOS_DESCEND_C497F8DD,1370,1354,16,1,32
raw,M_MYDOS_ROOTENTRY_E3F00029,401,385,16,1,10
raw,M_MYDOS_STARTRESOLVE_24B3B079,1205,1173,32,2,12
raw,M_MYDOS_RESOLVECOMPONENT_8F2130C4,308,260,48,3,4
raw,M_MYDOS_BEGINRESOLVE_3F47247C,352,304,48,3,10
raw,M_MYDOS_RESOLVESTEP_4ADA26D9,1233,1137,96,6,14
raw,M_MYDOS_RESOLVE_25FA7BCB,659,579,80,5,14
raw,M_FSINIT_CONFIG_A7C873FA,3272,3192,80,5,24
raw,M_FSINIT_WORKSPACE_ED5E2107,823,775,48,3,16
raw,M_FSINIT_ARRIVAL_302FF83F,803,739,64,4,20
raw,M_FSINIT_ALLOCATEMOUNT_EF481898,1909,1845,64,4,32
raw,M_FSINIT_ALLOCATEBLOCK_5C0916F0,1141,1093,48,3,20
raw,M_FSINIT_PUBLISH_12D6516B,626,594,32,2,16
raw,M_FSINIT_FIRST_60F42DBA,365,333,32,2,12
raw,M_FSINIT_ADAPTERSTEP_4F860EAF,360,328,32,2,12
raw,M_FSINIT_WORKSPACESTEP_AC19D935,407,359,48,3,12
raw,M_FSINIT_MOUNTSTEP_D16E7745,433,385,48,3,12
raw,M_FSINIT_BLOCKSTEP_FC8F9559,387,339,48,3,12
raw,M_FSINIT_OPENEDSTEP_3B4623A1,870,806,64,4,16
raw,M_FSINIT_MOUNTEDSTEP_D00F6B02,1446,1318,128,8,16
raw,M_FSINIT_FAILED_4FB7E0CF,207,191,16,1,8
raw,M_FSINIT_ROLLBACKSTEP_8166A722,708,660,48,3,16
raw,M_FSINIT_DESTROYMOUNT_00D5D10B,1561,1401,160,10,14
raw,M_FSINIT_CLEANUP_26675F9E,1314,1186,128,8,14
raw,M_FSRELATIVE_VALIDATE_0372B7FC,2421,2389,32,2,34
raw,M_FSRELATIVE_SEED_FD9BA1BB,1341,1277,64,4,24
raw,M_FSRELATIVE_TRIM_C4B2DBD8,634,618,16,1,12
raw,M_FSRELATIVE_ROOT_94E4441A,595,531,64,4,12
raw,M_FSRELATIVE_BEGIN_CB9D8F8D,4450,4194,256,16,34
raw,M_FSRELATIVE_PARENTRESULT_7CE6B959,2873,2697,176,11,20
raw,M_FSINFO_ENUMERATIONSTATE_A9C412AA,172,156,16,1,12
raw,M_FSINFO_CLEAR_E168B3AB,218,202,16,1,14
raw,M_FSINFO_NAME_B42C963D,1719,1703,16,1,14
raw,M_FSINFO_FILL_CDFFBE8F,623,607,16,1,12
raw,M_FSINFO_SAVE_B1E7031F,477,445,32,2,16
raw,M_MYDOSFILE_RESTART_75C66A72,450,434,16,1,12
raw,M_MYDOSFILE_OPEN_0FD3469F,1718,1654,64,4,18
raw,M_MYDOSFILE_SECTORALLOWED_E72DFCC7,916,884,32,2,28
raw,M_MYDOSFILE_VISIT_2F7F40D0,1282,1266,16,1,16
raw,M_MYDOSFILE_TRAILER_58DD2DFC,964,948,16,1,28
raw,M_MYDOSFILE_LINK_86A70D17,1022,1006,16,1,18
raw,M_MYDOSFILE_VALIDATE_CCD11D35,1330,1234,96,6,16
raw,M_MYDOSFILE_FAIL_8A60C23B,398,382,16,1,12
raw,M_MYDOSFILE_FINISH_E4A712C2,514,498,16,1,16
raw,M_MYDOSFILE_ADVANCE_71346BED,299,283,16,1,16
raw,M_MYDOSFILE_BEGIN_902FB340,439,423,16,1,12
raw,M_MYDOSFILE_BEGINREAD_56DCAA56,2298,2154,144,9,18
raw,M_MYDOSFILE_TARGET_3D0FAE04,1991,1895,96,6,18
raw,M_MYDOSFILE_BEGINSEEK_007E9A86,1624,1512,112,7,12
raw,M_MYDOSFILE_LOCATE_F172D4F1,1174,1110,64,4,22
raw,M_MYDOSFILE_COPY_B45932A2,635,619,16,1,26
raw,M_MYDOSFILE_CONSUME_CDF927EF,1338,1274,64,4,20
raw,M_MYDOSFILE_CONTINUEOPERATION_DDF4199B,1216,1104,112,7,14
raw,M_MYDOSFILE_RUN_01B89F42,653,589,64,4,14
raw,M_FSDIRECTORY_LOCKCURSORSTEP_29BACC3E,919,887,32,2,16
raw,M_FSDIRECTORY_SELECTSTEP_815DA095,1479,1383,96,6,20
raw,M_FSDIRECTORY_INFOSTEP_3CC6E53D,942,862,80,5,16
raw,M_FSDIRECTORY_RESTORESTEP_8AADA789,1449,1401,48,3,16
raw,M_FSDIRECTORY_STATESTEP_73ED4FBC,1298,1234,64,4,18
raw,M_FSDIRECTORY_END_806A2136,385,337,48,3,12
raw,M_FSDIRECTORY_ENTRYSTEP_D4EA4ABB,733,669,64,4,16
raw,M_FSDIRECTORY_ENTRYRESULTSTEP_4C458A60,1029,949,80,5,16
raw,M_FSDIRECTORY_SIZESTEP_0C182F8A,1284,1204,80,5,16
raw,M_FSDIRECTORY_SIZESTARTSTEP_F40FBDAE,333,317,16,1,16
raw,M_FSDIRECTORY_SIZECONTINUESTEP_1EAFA525,1085,1005,80,5,16
raw,M_FSDIRECTORY_CLEARSTEP_2A4A8FB8,277,245,32,2,12
raw,M_FSDIRECTORY_NAMESTEP_97C5C3EC,412,380,32,2,20
raw,M_FSDIRECTORY_FILLSTEP_E0581636,414,382,32,2,20
raw,M_FSDIRECTORY_PUBLISHSTEP_CC8DC0F6,515,467,48,3,16
raw,M_FSIO_BEGIN_68AD59C5,720,688,32,2,18
raw,M_FSIO_COMPLETE_3A967BA3,971,907,64,4,24
raw,M_FSIO_OFFLINE_B7567A31,507,491,16,1,16
raw,M_FSHANDLER_OPENRESULTSTEP_0C25E5DB,1794,1666,128,8,16
raw,M_FSHANDLER_CURSORSTEP_0CA2CA5E,878,798,80,5,16
raw,M_FSHANDLER_OPENSTEP_A7675710,1244,1148,96,6,18
raw,M_FSHANDLER_LOCKSTEP_E0A0D2D5,837,789,48,3,16
raw,M_FSHANDLER_RESOLVESTARTSTEP_40B69900,272,240,32,2,12
raw,M_FSHANDLER_RESOLVEREADYSTEP_BDBFDED1,305,289,16,1,16
raw,M_FSHANDLER_OPERATIONRESULT_4184CBFA,913,881,32,2,12
raw,M_FSHANDLER_FILESELECTSTEP_BED2DD8A,1661,1565,96,6,20
raw,M_FSHANDLER_ARGUMENTSSTEP_DD745A90,1196,1148,48,3,16
raw,M_FSHANDLER_READSTEP_5B9B1990,347,299,48,3,12
raw,M_FSHANDLER_SEEKSTEP_90261C60,347,299,48,3,12
raw,M_FSHANDLER_DISPATCHSTEP_D149BF3A,1122,1090,32,2,20
raw,M_FSHANDLER_MEDIASTEP_8DCF2858,1243,1163,80,5,20
raw,M_FSHANDLER_ACTIONSTEP_7D527A4E,1830,1798,32,2,18
raw,M_FSHANDLER_TAKESTEP_E4E18A11,948,916,32,2,22
raw,M_FSHANDLER_COMPONENTSTEP_389CA8B9,489,441,48,3,16
raw,M_FSHANDLER_RESOLVESTEP_D6E79D38,1238,1142,96,6,16
raw,M_FSHANDLER_FILESTEP_A93D50C2,595,531,64,4,16
raw,M_FSWORKER_WORKER_2BB473B0,1908,1716,192,12,38
raw,M_FSWORKER_FINISH_EC2E5E2B,508,460,48,3,12
raw,M_FSMOUNT_DISPATCH_FD59F08F,511,479,32,2,24
raw,M_FSMOUNT_SELECTSTEP_8E807607,1717,1621,96,6,28
raw,M_FSMOUNT_COMMANDSTEP_B1883B1A,1128,1064,64,4,22
raw,M_FSMOUNT_REMOVESTEP_BBB2975B,1017,937,80,5,12
raw,M_FSMOUNT_DESTROYSTEP_4CF540E7,448,400,48,3,16
raw,M_FSMUX_CONTROL_16FCB25F,446,414,32,2,16
raw,M_FSMUX_TAKE_F08F7501,671,607,64,4,12
raw,M_FSBOOT_BEGINSERVICE_BC5D2672,1036,972,64,4,20
raw,M_FSBOOT_ENSURE_06ED6F00,1135,1039,96,6,16
raw,M_FSBOOT_STOP_AD5246E2,1979,1819,160,10,30
raw,M_DOSCALLS_ARGUMENTS_D4B63738,399,383,16,1,12
raw,M_DOSCALLS_NAMEARGUMENTS_4FEB00BB,521,505,16,1,12
raw,M_DOSCALLS_ACQUIRE_C423433E,2920,2728,192,12,46
raw,M_DOSCALLS_CONFIGURED_B6EDEF76,726,678,48,3,20
raw,M_DOSCALLS_DESTINATION_E6EBC832,1194,1066,128,8,12
raw,M_DOSCALLS_OPEN_390423B6,1751,1575,176,11,22
raw,M_DOSCALLS_LOCK_DE185F87,982,886,96,6,20
raw,M_DOSCALLS_BADOBJECT_51D88018,283,235,48,3,6
raw,M_DOSCALLS_OBJECT_E89E37D3,588,524,64,4,16
raw,M_DOSCALLS_FILE_E8D1DABC,871,775,96,6,16
raw,M_DOSCALLS_READ_BEE8BE36,2738,2546,192,12,42
raw,M_DOSCALLS_WRITE_8E98A1A7,3033,2809,224,14,32
raw,M_DOSCALLS_SEEK_17FC33E6,1888,1744,144,9,34
raw,M_DOSCALLS_CLOSE_97169B3A,1561,1417,144,9,34
raw,M_DOSCALLS_UNLOCK_2871018C,1061,949,112,7,34
raw,M_DOSCALLS_INFORMATION_13F25DEC,1060,964,96,6,34
raw,M_DOSCALLS_SELECTED_604EA3D9,432,400,32,2,14
raw,M_DOSCALLS_SELECTIONREADY_28C831A1,389,373,16,1,12
raw,M_DOSCALLS_LIVESELECTION_2BE04852,801,705,96,6,12
raw,M_DOSCALLS_SELECT_1EDDE386,848,784,64,4,18
raw,M_DOSCALLS_DIRECTORY_C8028D6B,979,931,48,3,18
raw,M_DOSCALLS_CURRENTDIR_1AA7335E,1171,1075,96,6,24
raw,M_DOSCALLS_NAMEFROMLOCK_92457C4A,2093,1949,144,9,32
raw,M_DOSCALLS_ISINTERACTIVE_18CACEEA,713,649,64,4,14
raw,M_DOS_OPEN_87DAE823,234,202,32,2,12
raw,M_DOS_READ_BCD2228F,259,227,32,2,16
raw,M_DOS_WRITE_BE4FDE64,259,227,32,2,16
raw,M_DOS_SEEK_DE9F46FB,265,233,32,2,16
raw,M_DOS_CLOSE_4C224801,213,181,32,2,8
raw,M_DOS_IOERR_E649FF90,179,147,32,2,6
raw,M_DOS_RELEASECONTEXT_9DB9F883,179,147,32,2,6
raw,M_DOS_LOCK_4DEC517E,234,202,32,2,12
raw,M_DOS_UNLOCK_74209499,158,126,32,2,8
raw,M_DOS_EXAMINE_1F15C1B0,279,247,32,2,16
raw,M_DOS_EXNEXT_623C7B53,279,247,32,2,16
raw,M_DOS_INPUT_41B1DDE9,190,158,32,2,8
raw,M_DOS_OUTPUT_DF7018DC,190,158,32,2,8
raw,M_DOS_SELECTINPUT_FF0F4771,228,196,32,2,8
raw,M_DOS_SELECTOUTPUT_3A928904,228,196,32,2,8
raw,M_DOS_ISINTERACTIVE_FD05AE49,213,181,32,2,8
raw,M_DOS_CURRENTDIR_764577CB,222,190,32,2,8
raw,M_DOS_NAMEFROMLOCK_8794AD67,259,227,32,2,16
raw,M_TASKINSPECT_SNAPSHOT_72A67CF0,1719,1671,48,3,32
raw,M_DEVICEINSPECT_SNAPSHOT_EBB6295F,1219,1139,80,5,18
raw,M_FSINSPECT_SNAPSHOT_873CF8A6,1695,1631,64,4,26
raw,M_SHELLAPP_SHELLLINE_DC60634C,166,150,16,1,12
raw,M_SHELLAPP_SHELLDRAWBUFFER_B9163ABE,184,168,16,1,12
raw,M_SHELLAPP_SHELLSCRATCH_1695768C,184,168,16,1,12
raw,M_SHELLAPP_SHELLTRANSFER_C9C879BF,184,168,16,1,12
raw,M_SHELLAPP_SHELLFAIL_9D17A97C,552,536,16,1,10
raw,M_SHELLAPP_SHELLLENGTH_56CE75A6,195,179,16,1,12
raw,M_SHELLAPP_SHELLEQUAL_EF077ADE,533,517,16,1,14
raw,M_SHELLAPP_SHELLWRITE_F4A8AD7D,1420,1340,80,5,26
raw,M_SHELLAPP_SHELLBYTE_1EE28596,377,329,48,3,16
raw,M_SHELLAPP_SHELLTEXT_7D109071,270,222,48,3,16
raw,M_SHELLAPP_SHELLPASCAL_09C83940,279,247,32,2,12
raw,M_SHELLAPP_SHELLNUMBER_7C65BFBB,1387,1339,48,3,30
raw,M_SHELLAPP_SHELLDIAGNOSTIC_F84A4C35,700,636,64,4,12
raw,M_SHELLAPP_SHELLREDRAW_2EDE4915,1777,1713,64,4,34
raw,M_SHELLAPP_SHELLCLEAR_52BB640F,284,252,32,2,12
raw,M_SHELLAPP_SHELLPARSE_A4976CAB,6168,5944,224,14,30
raw,M_SHELLAPP_SHELLCHANGE_E2B81D98,2324,2084,240,15,24
raw,M_SHELLAPP_SHELLRELEASELOCK_7049A622,1257,1113,144,9,14
raw,M_SHELLAPP_SHELLDIR_EB67AED9,3822,3454,368,23,32
raw,M_SHELLAPP_SHELLCONVERT_8185A927,579,547,32,2,16
raw,M_SHELLAPP_SHELLCLOSECOMMANDINPUT_5DFC114D,655,591,64,4,10
raw,M_SHELLAPP_SHELLTYPE_D64CE23C,3583,3279,304,19,34
raw,M_SHELLAPP_SHELLMEM_399A3E7B,2905,2441,464,29,12
raw,M_SHELLAPP_SHELLTASKSTATE_6E5D5B16,436,404,32,2,12
raw,M_SHELLAPP_SHELLTASKS_1B8DD8E2,2598,2358,240,15,24
raw,M_SHELLAPP_SHELLDEVICES_E5FACF4D,2126,1982,144,9,22
raw,M_SHELLAPP_SHELLMOUNTS_13BE84C6,2427,2171,256,16,26
raw,M_SHELLAPP_SHELLUNREDIRECT_630E066D,2947,2707,240,15,14
raw,M_SHELLAPP_SHELLREDIRECT_BB31A89E,3215,2927,288,18,26
raw,M_SHELLAPP_SHELLDISPATCH_02D6964A,4186,3674,512,32,20
raw,M_SHELLAPP_SHELLCOMMAND_01DF848F,893,781,112,7,12
raw,M_SHELLAPP_SHELLFEED_19C6DEC4,2886,2582,304,19,16
raw,M_SHELLAPP_SHELLREADSTEP_5848FDA6,1983,1823,160,10,28
raw,M_SHELLAPP_SHELLOPEN_DC32811A,2262,2054,208,13,16
raw,M_SHELLAPP_SHELLINITIALPROMPT_9A2AE0BA,347,299,48,3,12
raw,M_SHELLAPP_SHELLSTART_D37857EA,446,382,64,4,4
raw,M_SHELLAPP_SHELLFINISH_77CE18A3,5064,4584,480,30,26
raw,M_SHELLAPP_SHELLBOOTSIO_1538A419,1501,1325,176,11,30
raw,M_SHELLAPP_SHELLBOOTSTART_6A4872BE,3850,3482,368,23,14
raw,M_SHELLAPP_MAIN_168A375D,370,306,64,4,6
opt,M_EXECMEMORY_VALIDBANK_E9E0A79B,85,69,16,1,2
opt,M_EXECMEMORY_VALIDOWNER_462B929A,106,90,16,1,2
opt,M_EXECMEMORY_ADOPT_494D3B99,922,906,16,1,8
opt,M_EXECMEMORY_QUERY_D2E34F9F,533,501,32,2,14
opt,M_EXECMEMORY_RESERVEEXACT_88D3D2C8,901,853,48,3,10
opt,M_EXECMEMORY_ACQUIRE_EAA019EB,609,577,32,2,10
opt,M_EXECMEMORY_RELEASE_A6E307FC,1016,968,48,3,10
opt,M_EXECMEMORY_INIT_F4EA07E3,137,105,32,2,4
opt,M_EXECLISTS_NEWLIST_B3502541,261,245,16,1,12
opt,M_EXECLISTS_NEWMINLIST_A2695943,158,126,32,2,8
opt,M_EXECLISTS_ISLISTEMPTY_6EEB0796,220,204,16,1,12
opt,M_EXECLISTS_ISMINLISTEMPTY_6D517164,188,156,32,2,8
opt,M_EXECLISTS_ADDHEAD_3AE3E6E4,303,287,16,1,16
opt,M_EXECLISTS_ADDTAIL_A1C0F364,322,306,16,1,16
opt,M_EXECLISTS_INSERT_468B11BA,722,674,48,3,16
opt,M_EXECLISTS_REMOVE_2E26C2C1,127,111,16,1,0
opt,M_EXECLISTS_REMHEAD_F8063CE7,313,281,32,2,12
opt,M_EXECLISTS_REMTAIL_292EAA27,313,281,32,2,12
opt,M_EXECLISTS_ENQUEUE_763E1E61,560,512,48,3,20
opt,M_EXECLISTS_FINDNAME_2659CDBB,643,627,16,1,28
opt,M_HEAPCORE_ROUNDED_9D79FA03,489,473,16,1,10
opt,M_HEAPCORE_BOUNDS_2387CB05,1695,1599,96,6,24
opt,M_HEAPCORE_CHUNKADDRESS_A551D41B,814,766,48,3,20
opt,M_HEAPCORE_NEXTADDRESS_E32592FF,819,787,32,2,20
opt,M_HEAPCORE_CHUNKEND_0E0C27CE,1245,1165,80,5,28
opt,M_HEAPCORE_VALIDATE_B397AD34,764,700,64,4,26
opt,M_HEAPCORE_LINK_9B47F952,173,157,16,1,8
opt,M_HEAPCORE_WRITECHUNK_D768FC26,144,128,16,1,8
opt,M_HEAPCORE_SPLIT_B6117102,1261,1213,48,3,32
opt,M_HEAPCORE_CANDIDATE_07CF3557,489,473,16,1,20
opt,M_HEAPCORE_RESERVE_2192E9C0,1717,1637,80,5,32
opt,M_HEAPCORE_ALLOCATE_E39F1AF5,220,188,32,2,12
opt,M_HEAPCORE_LARGEST_AA9886E8,2289,2209,80,5,38
opt,M_HEAPCORE_INSERTFREE_129E41BB,1494,1446,48,3,24
opt,M_HEAPCORE_RETURNRANGE_11C95A83,2056,1960,96,6,28
opt,M_HEAPCORE_DEALLOCATE_60F97CF2,1087,1007,80,5,28
opt,M_HEAPPOLICY_GETSTATE_9B9EAF7C,101,85,16,1,4
opt,M_HEAPPOLICY_HEADER_A992FDFC,225,209,16,1,8
opt,M_HEAPPOLICY_SHUTDOWN_9E341637,576,512,64,4,14
opt,M_HEAPPOLICY_RUNS_07A33D25,344,312,32,2,18
opt,M_HEAPPOLICY_REGION_F42DC07D,1117,1085,32,2,18
opt,M_HEAPPOLICY_START_1455FA91,1585,1425,160,10,28
opt,M_HEAPPOLICY_INIT_69D6AA0D,483,419,64,4,14
opt,M_HEAPPOLICY_FLAGSVALID_4BF22F96,954,938,16,1,20
opt,M_HEAPPOLICY_DESCRIPTOR_8971C45E,885,837,48,3,20
opt,M_HEAPPOLICY_VALIDATEREGIONS_C3A52ACE,1268,1140,128,8,36
opt,M_HEAPPOLICY_MATCHES_ACC95206,293,277,16,1,14
opt,M_HEAPPOLICY_RESERVE_42F2499D,1580,1468,112,7,34
opt,M_HEAPPOLICY_LOCATE_7B91FF59,960,896,64,4,30
opt,M_HEAPPOLICY_FREE_3EA2E1EF,1516,1404,112,7,30
opt,M_HEAPPOLICY_AVAIL_22774B2C,2376,2264,112,7,36
opt,M_HEAPPOLICY_MEMORYTYPE_D394B206,310,278,32,2,12
opt,M_HEAPPOLICY_VECTORBYTES_E6541B8F,563,531,32,2,16
opt,M_HEAPPOLICY_RESERVEVECTOR_C09ED6F4,503,455,48,3,18
opt,M_HEAPPOLICY_FREEVECTOR_698EC5DE,2088,1944,144,9,34
opt,M_TASKPOLICY_RECORDFOR_833E2B66,223,207,16,1,8
opt,M_TASKPOLICY_SAVEDWORD_D1C8E663,115,99,16,1,8
opt,M_TASKPOLICY_RESULT_DA2077E3,110,94,16,1,8
opt,M_TASKPOLICY_POINTERRESULT_E8D88610,338,306,32,2,12
opt,M_TASKPOLICY_ARGUMENTPOINTER_A19325C6,457,409,48,3,12
opt,M_TASKPOLICY_FLAGS_56B3B4FF,134,118,16,1,8
opt,M_TASKPOLICY_PROTECTED_FCDCE808,306,274,32,2,8
opt,M_TASKPOLICY_LOOKUP_41F6D1E4,781,765,16,1,16
opt,M_TASKPOLICY_WRITABLE_0565D862,944,928,16,1,24
opt,M_TASKPOLICY_AVAILABLERECORD_80983EA0,835,787,48,3,26
opt,M_TASKPOLICY_EMPTYMEMORY_C893BDB0,491,475,16,1,16
opt,M_TASKPOLICY_VALIDENTRY_58BA8A58,319,303,16,1,12
opt,M_TASKPOLICY_STACKSLOT_2A322EEA,1092,1060,32,2,16
opt,M_TASKPOLICY_PREPARESTACK_1A1C583B,685,669,16,1,20
opt,M_TASKPOLICY_PREPAREDOMAIN_45DA3401,986,970,16,1,16
opt,M_TASKPOLICY_PREPAREFRAME_D5FF2FA0,569,553,16,1,22
opt,M_TASKPOLICY_SETSTATE_52D88FAF,183,167,16,1,12
opt,M_TASKPOLICY_READY_679992F5,428,364,64,4,16
opt,M_TASKPOLICY_INITSIGNALS_5C831CB9,550,518,32,2,12
opt,M_TASKPOLICY_ADMIT_CF1671AB,963,883,80,5,16
opt,M_TASKPOLICY_INIT_57A5FAC8,2729,2457,272,17,26
opt,M_TASKPOLICY_TIMEDCOUNT_C3B59E74,100,84,16,1,2
opt,M_TASKPOLICY_ADJUSTTIMED_DDC1BE1E,183,167,16,1,2
opt,M_TASKPOLICY_WAKE_9E9C7518,488,424,64,4,16
opt,M_TASKPOLICY_SELECT_1A709B3E,911,799,112,7,14
opt,M_TASKPOLICY_SWITCH_98522C9E,658,578,80,5,8
opt,M_TASKPOLICY_EMPTYSIGNALS_EA2224E4,747,731,16,1,10
opt,M_TASKPOLICY_ADD_A5E7C92B,2368,2064,304,19,36
opt,M_TASKPOLICY_REMOVETASK_35F29A21,2265,2025,240,15,18
opt,M_TASKPOLICY_SAMENAME_968CD62D,462,446,16,1,14
opt,M_TASKPOLICY_FIND_0D9A09D7,708,644,64,4,16
opt,M_TASKPOLICY_PRIORITY_7FE7EE8A,653,573,80,5,14
opt,M_TASKPOLICY_EXCLUSION_DFE541A6,491,459,32,2,16
opt,M_TASKPOLICY_SLEEPTASK_6A909BCC,1139,979,160,10,16
opt,M_TASKPOLICY_MASKRESULT_220A6FAB,350,318,32,2,12
opt,M_TASKPOLICY_SIGNALBIT_7E52F9EF,220,204,16,1,10
opt,M_TASKPOLICY_ALLOCATEBIT_A349E154,1106,1042,64,4,20
opt,M_TASKPOLICY_MASKS_49833CE1,1554,1442,112,7,34
opt,M_TASKPOLICY_COMPLETEWAIT_31FB45E4,542,494,48,3,14
opt,M_TASKPOLICY_WAITTASK_AD94C4A2,813,717,96,6,22
opt,M_TASKPOLICY_POSTSIGNAL_10773240,486,422,64,4,12
opt,M_TASKPOLICY_SIGNALTASK_806F80F5,813,733,80,5,22
opt,M_TASKPOLICY_CANCELWAKE_8ADC984A,181,149,32,2,4
opt,M_TASKPOLICY_DRAINONE_68E56764,718,638,80,5,12
opt,M_TASKPOLICY_DRAINWAKES_15F017CB,451,387,64,4,4
opt,M_TASKPOLICY_BOUNDPRODUCER_6D7B4E54,701,621,80,5,8
opt,M_TASKPOLICY_PRODUCERCONTROL_52F9499B,1678,1518,160,10,22
opt,M_TASKPOLICY_MEMORYSERVICE_7FAD083C,223,207,16,1,4
opt,M_TASKPOLICY_MEMORYPACKET_B36B55BB,460,428,32,2,16
opt,M_TASKPOLICY_MEMORYCALL_E7816C43,1967,1759,208,13,32
opt,M_TASKPOLICY_PORTSERVICE_8D598BCC,147,131,16,1,4
opt,M_TASKPOLICY_INITPORTS_2CB7E92A,212,180,32,2,8
opt,M_TASKPOLICY_PORTSTORAGE_D3468DA2,325,309,16,1,10
opt,M_TASKPOLICY_VALIDPORT_7710F985,398,366,32,2,4
opt,M_TASKPOLICY_VALIDMESSAGE_C0DE7739,401,385,16,1,10
opt,M_TASKPOLICY_SENDMESSAGE_7332557D,1019,923,96,6,20
opt,M_TASKPOLICY_PORTHEAD_A12A0751,842,762,80,5,16
opt,M_TASKPOLICY_PORTDELETE_CF47DFE6,1029,949,80,5,22
opt,M_TASKPOLICY_REGISTRYCALL_6B5FFB7F,1302,1174,128,8,18
opt,M_TASKPOLICY_QUEUECALL_62B0545B,1341,1213,128,8,24
opt,M_TASKPOLICY_PORTCALL_70989793,1201,1089,112,7,24
opt,M_TASKPOLICY_IOSERVICE_1E6CF653,147,131,16,1,4
opt,M_TASKPOLICY_INITIONAMES_D8642B1E,1301,1285,16,1,8
opt,M_TASKPOLICY_INITIO_35D5D1E4,665,617,48,3,14
opt,M_TASKPOLICY_IOEXTENT_9818C08A,539,507,32,2,18
opt,M_TASKPOLICY_IOERROR_9413450C,252,220,32,2,14
opt,M_TASKPOLICY_IONAME_8B922013,257,225,32,2,8
opt,M_TASKPOLICY_IOBOUND_33A4879E,334,286,48,3,4
opt,M_TASKPOLICY_IOOPEN_15F8E966,960,848,112,7,14
opt,M_TASKPOLICY_IOOPENTEST_C4ABA6E6,236,204,32,2,12
opt,M_TASKPOLICY_IOCOMPLETE_88BA0BF3,475,427,48,3,20
opt,M_TASKPOLICY_IOWAITOWNER_63A51E9E,485,453,32,2,16
opt,M_TASKPOLICY_IOCOLLECT_D169FE6C,817,737,80,5,12
opt,M_TASKPOLICY_IOENQUEUE_EC975914,1585,1489,96,6,20
opt,M_TASKPOLICY_IOBEGIN_A0C610B5,1316,1172,144,9,14
opt,M_TASKPOLICY_IOTESTBEGIN_2E780855,747,699,48,3,14
opt,M_TASKPOLICY_IOABORT_1EC95CFC,1185,1073,112,7,18
opt,M_TASKPOLICY_IOWORKERCONTROL_3D43EE5B,930,882,48,3,10
opt,M_TASKPOLICY_IOCLAIM_E59988BA,574,526,48,3,16
opt,M_TASKPOLICY_IOTEST_D46D842E,50,34,16,1,0
opt,M_TASKPOLICY_IOTESTFINISH_35E02F77,706,658,48,3,20
opt,M_TASKPOLICY_IOCALL_78031962,1813,1637,176,11,28
opt,M_TASKPOLICY_IOREQUESTCALL_7ACD78BD,563,499,64,4,14
opt,M_TASKPOLICY_IOSETTLEDCALL_042AE5B9,1393,1265,128,8,18
opt,M_TASKPOLICY_INITSIOSTATE_10B63F2C,649,633,16,1,14
opt,M_TASKPOLICY_SIOBOUND_346E47DB,1132,1116,16,1,22
opt,M_TASKPOLICY_SIOOPEN_38E97F75,1599,1551,48,3,22
opt,M_TASKPOLICY_SIOCLOSE_4815C4E5,180,164,16,1,12
opt,M_TASKPOLICY_SIOENQUEUE_F49C65E1,829,765,64,4,24
opt,M_TASKPOLICY_SIOABORT_410D8B25,478,430,48,3,18
opt,M_TASKPOLICY_SIOPREPAREWORKER_A27B8738,782,750,32,2,20
opt,M_TASKPOLICY_SIOPREPAREBUS_A2AD2C52,519,487,32,2,12
opt,M_TASKPOLICY_SIOADMIT_DC2C0CF4,899,819,80,5,20
opt,M_TASKPOLICY_SIOTAKE_23947030,698,650,48,3,12
opt,M_TASKPOLICY_SIOFINISH_B1C2A78C,787,739,48,3,24
opt,M_TASKPOLICY_SIOSTOP_31FA5BA1,813,733,80,5,8
opt,M_TASKPOLICY_SIOWORKERCONTROL_ABEF18A6,1428,1300,128,8,14
opt,M_TASKPOLICY_SIOPAUSE_4B7D62A1,525,445,80,5,10
opt,M_TASKPOLICY_SIOCONTROL_0EC256A4,1295,1167,128,8,20
opt,M_TASKPOLICY_SIOWORKERBOUND_9EFBF9DD,299,283,16,1,12
opt,M_TASKPOLICY_SIORESIDENTCOUNT_72BFE78E,259,243,16,1,12
opt,M_TASKPOLICY_SIOREMOVED_B08060ED,905,825,80,5,12
opt,M_TASKPOLICY_DOSSLOTFOR_362EB215,242,226,16,1,8
opt,M_TASKPOLICY_DOSRESET_224DFB33,357,325,32,2,12
opt,M_TASKPOLICY_DOSCANREMOVE_DB41E74E,518,486,32,2,16
opt,M_TASKPOLICY_DOSCURRENT_4399DFDB,434,386,48,3,16
opt,M_TASKPOLICY_DOSINIT_97B41A44,1069,1053,16,1,24
opt,M_TASKPOLICY_DOSWORKERBOUND_DB9BCF66,315,299,16,1,16
opt,M_TASKPOLICY_DOSRESIDENTCOUNT_ABEF6AC1,245,229,16,1,12
opt,M_TASKPOLICY_DOSREMOVED_D36757B2,885,837,48,3,20
opt,M_TASKPOLICY_DOSPREPARE_61B1CC0D,752,720,32,2,20
opt,M_TASKPOLICY_DOSADMIT_DEA63DC3,1010,946,64,4,24
opt,M_TASKPOLICY_DOSCONTROL_C7F82CE3,1067,955,112,7,22
opt,M_TASKPOLICY_CONSOLEINIT_02CC0011,328,296,32,2,10
opt,M_TASKPOLICY_CONSOLESERVICE_C7B70ED2,147,131,16,1,4
opt,M_TASKPOLICY_CONSOLEPRODUCERBOUND_02AD29D1,238,222,16,1,12
opt,M_TASKPOLICY_CONSOLEFORGETBINDING_5044609F,199,183,16,1,8
opt,M_TASKPOLICY_CONSOLEPACKETVALID_068AA429,360,328,32,2,14
opt,M_TASKPOLICY_CONSOLEUNBIND_D1E0D209,621,541,80,5,12
opt,M_TASKPOLICY_CONSOLEPRODUCERCONTROL_28DEB132,326,278,48,3,10
opt,M_TASKPOLICY_CONSOLEBINDCONTROL_DC86D25B,1985,1809,176,11,22
opt,M_TASKPOLICY_CONSOLESTATE_630D302C,101,85,16,1,4
opt,M_TASKPOLICY_CONSOLEINSTANCE_9C722438,101,85,16,1,4
opt,M_TASKPOLICY_CONSOLENAMES_B9E6EA95,688,672,16,1,12
opt,M_TASKPOLICY_CONSOLENAME_0C46F590,202,170,32,2,8
opt,M_TASKPOLICY_CONSOLEDEVICE_34497CA3,165,149,16,1,8
opt,M_TASKPOLICY_CONSOLEBOUND_8755F553,466,418,48,3,16
opt,M_TASKPOLICY_CONSOLEOPEN_4090447D,1323,1243,80,5,22
opt,M_TASKPOLICY_CONSOLEIDLE_D6547573,603,555,48,3,8
opt,M_TASKPOLICY_CONSOLECLOSE_04E65EB3,737,657,80,5,14
opt,M_TASKPOLICY_CONSOLEIMMEDIATE_DAE617FC,1371,1355,16,1,14
opt,M_TASKPOLICY_CONSOLEENQUEUE_BE188809,1835,1691,144,9,30
opt,M_TASKPOLICY_CONSOLEWAKE_FE0543B3,249,217,32,2,8
opt,M_TASKPOLICY_CONSOLEABORT_CCCE9F0D,1306,1178,128,8,20
opt,M_TASKPOLICY_CONSOLEPREPARE_8098E872,833,801,32,2,20
opt,M_TASKPOLICY_CONSOLEADMIT_A01C3E0C,1837,1709,128,8,30
opt,M_TASKPOLICY_CONSOLETAKEARRIVAL_2A1E971F,990,910,80,5,16
opt,M_TASKPOLICY_CONSOLETAKEWRITE_96FEA12D,517,469,48,3,12
opt,M_TASKPOLICY_CONSOLEFINISH_F43924B4,1279,1215,64,4,20
opt,M_TASKPOLICY_CONSOLERUNNABLE_8934D92E,1056,1008,48,3,16
opt,M_TASKPOLICY_CONSOLESTOP_DAEB4759,663,583,80,5,8
opt,M_TASKPOLICY_CONSOLEWORKERCONTROL_3CA89D3E,1658,1482,176,11,26
opt,M_TASKPOLICY_CONSOLECHECKEXTENT_830BDAF3,367,319,48,3,16
opt,M_TASKPOLICY_CONSOLECONTROL_F218511C,1320,1160,160,10,26
opt,M_TASKPOLICY_CONSOLEWORKERBOUND_96318375,386,354,32,2,16
opt,M_TASKPOLICY_CONSOLERESIDENTCOUNT_6078C646,316,284,32,2,12
opt,M_TASKPOLICY_CONSOLECANREMOVE_6BA935F9,1214,1102,112,7,24
opt,M_TASKPOLICY_CONSOLEREMOVED_E0E10625,1137,1025,112,7,18
opt,M_TASKPOLICY_REQUESTVALID_195CAC51,3592,3192,400,25,6
opt,M_TASKPOLICY_ROUTE_3006B749,2808,2472,336,21,12
opt,M_TASKPOLICY_FINISHDISPATCH_46CD5A79,427,379,48,3,12
opt,M_TASKPOLICY_DISPATCH_2D7B283C,2347,2059,288,18,22
opt,M_CONSOLECORE_EXTENT_83D9960B,1198,1182,16,1,28
opt,M_CONSOLECORE_INIT_F63331F9,852,820,32,2,16
opt,M_CONSOLECORE_DIRTY_4A63B073,185,169,16,1,10
opt,M_CONSOLECORE_EDITQUANTUM_E6CDEC54,797,765,32,2,20
opt,M_CONSOLECORE_NEWLINE_97A73E23,324,308,16,1,12
opt,M_CONSOLECORE_CHARACTER_94A5011A,1294,1214,80,5,16
opt,M_CONSOLECORE_FEED_287D49E7,474,426,48,3,16
opt,M_CONSOLEINPUT_INIT_5076ECFA,230,214,16,1,8
opt,M_CONSOLEINPUT_LOSE_42C88EE3,158,142,16,1,4
opt,M_CONSOLEINPUT_CLEAR_3DEF4D2B,253,221,32,2,4
opt,M_CONSOLEINPUT_DECODE_A428056C,1408,1392,16,1,22
opt,M_CONSOLEINPUT_DELIVER_8B43A137,661,613,48,3,16
opt,M_CONSOLEINPUT_PUMP_600356CC,638,574,64,4,12
opt,M_CONSOLEINPUT_READ_9E7D5EC6,623,591,32,2,22
opt,M_CONSOLEDISPLAY_GLYPH_DCC4F92E,224,208,16,1,10
opt,M_CONSOLEDISPLAY_LISTVALID_C50FC922,1263,1247,16,1,12
opt,M_CONSOLEDISPLAY_VALIDATE_33E36106,604,572,32,2,8
opt,M_CONSOLEDISPLAY_GEOMETRY_B00D0334,578,562,16,1,10
opt,M_CONSOLEDISPLAY_COPYSCREEN_6781A699,316,284,32,2,16
opt,M_CONSOLEDISPLAY_CLAIM_0FF5CDD8,1424,1360,64,4,16
opt,M_CONSOLEDISPLAY_RELEASE_C2AC22C5,443,411,32,2,12
opt,M_CONSOLEDISPLAY_POSITION_5668E3AD,215,199,16,1,8
opt,M_CONSOLEDISPLAY_CURSOR_3EC7579C,905,857,48,3,18
opt,M_CONSOLEDISPLAY_CELLS_58FB51DD,946,898,48,3,28
opt,M_CONSOLEDISPLAY_QUANTUM_5F98A18D,707,643,64,4,14
opt,M_CONSOLEDRIVER_GETSERVICE_BEE5E55D,101,85,16,1,4
opt,M_CONSOLEDRIVER_GETINSTANCE_7919D405,101,85,16,1,4
opt,M_CONSOLEDRIVER_MAPPED_DAA6A481,1046,1014,32,2,24
opt,M_CONSOLEDRIVER_VALIDATE_72D30322,1683,1635,48,3,14
opt,M_CONSOLEDRIVER_FINISHWRITE_E8555190,249,217,32,2,8
opt,M_CONSOLEDRIVER_WRITEQUANTUM_AEE13626,1699,1587,112,7,28
opt,M_CONSOLEDRIVER_READQUANTUM_10EBF725,1146,1082,64,4,22
opt,M_CONSOLEDRIVER_ARRIVAL_EC6B7DA9,484,420,64,4,12
opt,M_CONSOLEDRIVER_INITIALIZE_D6CB2592,2278,2022,256,16,26
opt,M_CONSOLEDRIVER_FREESTORAGE_02676B4B,883,803,80,5,12
opt,M_CONSOLEDRIVER_WORKER_589B3ABC,2182,1830,352,22,16
opt,M_CONSOLEDRIVER_START_3E6AAC44,898,834,64,4,8
opt,M_CONSOLEDRIVER_STOP_093D3500,656,592,64,4,6
opt,M_PORTCORE_CREATEMSGPORT_A47550A3,1048,952,96,6,12
opt,M_PORTCORE_DELETEMSGPORT_9136F7C6,385,321,64,4,8
opt,M_SIODRIVER_SIOMAPPED_D1D9A9D6,1046,1014,32,2,24
opt,M_SIODRIVER_PAYLOADLENGTH_9F5C9B06,842,826,16,1,8
opt,M_SIODRIVER_SIOVALIDATE_7D355271,2115,2067,48,3,16
opt,M_SIODRIVER_DEADLINETICKS_83CDA5CA,950,934,16,1,32
opt,M_SIODRIVER_PREPARE_D10BF723,1172,1140,32,2,20
opt,M_SIODRIVER_HARDWAREINIT_3568BDA6,1167,975,192,12,6
opt,M_SIODRIVER_RUNREQUEST_4500BA50,1869,1629,240,15,12
opt,M_SIODRIVER_WORKER_374ADF8C,1782,1478,304,19,12
opt,M_SIODRIVER_UNAVAILABLE_B7013E26,191,159,32,2,6
opt,M_SIODRIVER_MATCHES_AEE1C237,394,378,16,1,12
opt,M_SIODRIVER_START_4928F5B4,1046,982,64,4,8
opt,M_SIODRIVER_STOP_B26AF28A,497,433,64,4,6
opt,M_IOCORE_OPENDEVICE_A2787528,417,353,64,4,20
opt,M_IOCORE_CREATEIOREQUEST_DE10015D,845,797,48,3,16
opt,M_IOCORE_DELETEIOREQUEST_93A87E78,341,293,48,3,16
opt,M_IOCORE_WAITIO_8CA35F61,768,704,64,4,14
opt,M_IOCORE_DOIO_173DC4A1,472,424,48,3,16
opt,M_DOSCLIENT_IOERR_BF9E8A97,198,166,32,2,8
opt,M_DOSCLIENT_SETERROR_F2B11A26,170,138,32,2,8
opt,M_DOSCLIENT_NEWCLIENT_41735729,1308,1244,64,4,16
opt,M_DOSCLIENT_ENSURE_1859B044,817,753,64,4,18
opt,M_DOSCLIENT_CLEARSELECTIONS_93A1D5D6,275,259,16,1,8
opt,M_DOSCLIENT_RELEASECONTEXT_90CB2A06,1807,1711,96,6,18
opt,M_DOSCLIENT_CHECKREPLY_4530772C,750,686,64,4,12
opt,M_DOSCLIENT_CALL_35DB3B22,1965,1853,112,7,24
opt,M_DOSOBJECTS_FIND_2E898C70,474,458,16,1,16
opt,M_DOSOBJECTS_LINK_9FA00D0F,428,396,32,2,16
opt,M_DOSOBJECTS_UNLINK_C978FCF4,859,827,32,2,22
opt,M_BLOCKWIRE_TRANSFER_0A2F17CC,171,139,32,2,8
opt,M_BLOCKIO_GEOMETRY_4529DFEE,768,752,16,1,6
opt,M_BLOCKIO_SECTORBYTES_B8369631,833,817,16,1,12
opt,M_BLOCKIO_MAPPED_A9EEA713,1207,1175,32,2,24
opt,M_BLOCKIO_CREATE_DF5BA086,1336,1208,128,8,16
opt,M_BLOCKIO_DESTROY_0CC5CBD8,752,672,80,5,8
opt,M_BLOCKIO_DEVICENAME_55BC3EC3,677,661,16,1,4
opt,M_BLOCKIO_OPENVOLUME_36B90798,1220,1124,96,6,22
opt,M_BLOCKIO_ATTACH_A1159825,1436,1356,80,5,20
opt,M_BLOCKIO_DETACH_FC4FFB83,877,813,64,4,12
opt,M_BLOCKIO_INVALIDATE_E4DCC90F,120,104,16,1,4
opt,M_BLOCKIO_CACHED_7ABF0DB0,1074,1058,16,1,12
opt,M_BLOCKIO_PUBLISH_42B93901,376,360,16,1,12
opt,M_BLOCKIO_PREPARE_810BFFA1,663,647,16,1,12
opt,M_BLOCKIO_COMPLETE_80F6A54F,973,957,16,1,16
opt,M_BLOCKIO_CHECK_A5B41A2A,1048,952,96,6,16
opt,M_BLOCKIO_BEGINFETCH_6B9D7F07,847,799,48,3,28
opt,M_BLOCKIO_FINISHFETCH_D55D2AA5,767,703,64,4,24
opt,M_BLOCKIO_FETCH_124BDACE,653,589,64,4,24
opt,M_BLOCKIO_READSECTOR_D918C668,1486,1390,96,6,26
opt,M_MYDOSNAMES_LEGAL_C9AD70C6,290,274,16,1,2
opt,M_MYDOSNAMES_FOLD_297622C6,175,159,16,1,2
opt,M_MYDOSNAMES_STORED_9F1E578A,733,701,32,2,8
opt,M_MYDOSNAMES_MATCH_52630F12,676,628,48,3,10
opt,M_MYDOSNAMES_COMPONENT_FF2F5328,1608,1560,48,3,14
opt,M_FSNAMES_STREAM_12DD2A4A,2837,2565,272,17,4
opt,M_FSNAMES_MAPPED_324F42A3,861,829,32,2,20
opt,M_FSNAMES_PATH_CFBF830F,1295,1247,48,3,34
opt,M_FSNAMES_ALIAS_A2F2B006,548,500,48,3,8
opt,M_FSNAMES_SAMEALIAS_76260CCC,576,528,48,3,8
opt,M_FSNAMES_VALIDALIAS_36EB4E14,566,518,48,3,10
opt,M_DOSSTREAMS_VALIDMODE_6A43AE29,461,445,16,1,8
opt,M_DOSSTREAMS_VALIDBUFFER_D67D80FE,771,707,64,4,12
opt,M_DOSSTREAMS_OPENNIL_7EDE8F17,780,716,64,4,18
opt,M_DOSSTREAMS_TRANSFERNIL_E7EA5C2C,506,458,48,3,8
opt,M_DOSSTREAMS_CLOSENIL_3520E24B,702,606,96,6,16
opt,M_DOSRAW_GETREGISTRY_976423CC,101,85,16,1,4
opt,M_DOSRAW_LIVE_14427091,853,821,32,2,18
opt,M_DOSRAW_INITIALIZE_D871F7B7,1472,1440,32,2,12
opt,M_DOSRAW_ROLLBACK_4A7594F5,263,215,48,3,4
opt,M_DOSRAW_ACQUIRE_CC49A145,3018,2682,336,21,26
opt,M_DOSRAW_OPEN_5F7F2547,1270,1142,128,8,18
opt,M_DOSRAW_VALIDEXTENT_84EF7CCB,874,810,64,4,20
opt,M_DOSRAW_RELEASEOPERATION_C2E80557,576,496,80,5,12
opt,M_DOSRAW_PREPARE_F51F1B68,2568,2376,192,12,18
opt,M_DOSRAW_COMPLETE_0FD428DA,1733,1669,64,4,30
opt,M_DOSRAW_CLOSEDEVICE_DECAF50F,218,186,32,2,8
opt,M_DOSRAW_CLOSE_4F38859D,2588,2268,320,20,24
opt,M_FSREGISTRY_GETREGISTRY_3C838C00,204,172,32,2,8
opt,M_FSREGISTRY_SERVICE_31663004,210,178,32,2,8
opt,M_FSREGISTRY_RETAIN_218C5FAC,325,277,48,3,12
opt,M_FSREGISTRY_RETAINBASE_94E5BA0B,593,529,64,4,18
opt,M_FSREGISTRY_RELEASE_E0E99364,241,193,48,3,10
opt,M_FSREGISTRY_LOOKUP_AD8B60C1,1140,1060,80,5,26
opt,M_FSREGISTRY_FINDOBJECT_780CC443,319,271,48,3,12
opt,M_FSREGISTRY_FROMHEADER_DCD07C60,610,594,16,1,16
opt,M_FSREGISTRY_STAMP_BE264D84,504,472,32,2,16
opt,M_DOSWIRE_ISPOINTER_E1AC855F,322,306,16,1,10
opt,M_FSLOCKS_TRAILER_B3BA463B,152,136,16,1,8
opt,M_FSLOCKS_TEXT_C72F70F3,152,136,16,1,8
opt,M_FSLOCKS_ALLOCATION_5B5A6C20,342,310,32,2,8
opt,M_FSLOCKS_ROOT_D04E0C54,658,642,16,1,16
opt,M_FSLOCKS_ADD_DEA4C903,532,516,16,1,12
opt,M_FSLOCKS_APPEND_3EC68462,1781,1701,80,5,14
opt,M_FSLOCKS_ALLOCATE_39B5BEE3,1382,1318,64,4,26
opt,M_FSPACKET_REPLY_F0943484,813,781,32,2,12
opt,M_FSPACKET_ERROR_61E70414,630,598,32,2,14
opt,M_FSPACKET_IDENTITY_6B3677B2,1745,1649,96,6,16
opt,M_FSPACKET_PUBLISHOPENSTEP_55EACFB5,1114,1066,48,3,18
opt,M_FSPACKET_CLOSESTEP_61A48B9C,937,825,112,7,18
opt,M_FSPORTS_CREATE_D9675AD2,663,599,64,4,12
opt,M_FSPORTS_DELETE_FC342961,204,172,32,2,8
opt,M_MYDOS_READPHYSICAL_AF05229A,807,775,32,2,24
opt,M_MYDOS_DATASECTOR_95277D3B,890,874,16,1,12
opt,M_MYDOS_VALIDDIRECTORY_1CF8F62E,854,806,48,3,18
opt,M_MYDOS_EXTENT_5BCD29B5,1734,1718,16,1,22
opt,M_MYDOS_HEADER_A95A323A,1191,1159,32,2,26
opt,M_MYDOS_BEGINMOUNT_AA58F6DF,543,527,16,1,8
opt,M_MYDOS_MOUNTBUFFERED_114678B9,474,442,32,2,16
opt,M_MYDOS_MOUNT_2B42A118,486,422,64,4,8
opt,M_MYDOS_COPYENTRY_C5D8D89C,300,284,16,1,16
opt,M_MYDOS_DECODE_69B6DF25,952,936,16,1,12
opt,M_MYDOS_LIVE_1E4E1377,828,780,48,3,14
opt,M_MYDOS_BUFFEREDENTRY_DC465C80,893,845,48,3,26
opt,M_MYDOS_BEGINENTRY_95F170F4,834,802,32,2,12
opt,M_MYDOS_GETENTRY_7D00AFBD,539,475,64,4,14
opt,M_MYDOS_SELECTMATCH_8984C9A2,867,803,64,4,14
opt,M_MYDOS_CHOOSE_61B23C5E,600,568,32,2,12
opt,M_MYDOS_STARTDIRECTORY_E432AEF2,148,132,16,1,8
opt,M_MYDOS_DESCEND_C497F8DD,1304,1288,16,1,26
opt,M_MYDOS_ROOTENTRY_E3F00029,402,386,16,1,10
opt,M_MYDOS_STARTRESOLVE_24B3B079,1179,1147,32,2,12
opt,M_MYDOS_RESOLVECOMPONENT_8F2130C4,308,260,48,3,4
opt,M_MYDOS_BEGINRESOLVE_3F47247C,348,300,48,3,10
opt,M_MYDOS_RESOLVESTEP_4ADA26D9,1201,1105,96,6,12
opt,M_MYDOS_RESOLVE_25FA7BCB,659,579,80,5,12
opt,M_FSINIT_CONFIG_A7C873FA,3042,2962,80,5,22
opt,M_FSINIT_WORKSPACE_ED5E2107,687,639,48,3,12
opt,M_FSINIT_ARRIVAL_302FF83F,726,662,64,4,12
opt,M_FSINIT_ALLOCATEMOUNT_EF481898,1676,1612,64,4,26
opt,M_FSINIT_ALLOCATEBLOCK_5C0916F0,1065,1017,48,3,18
opt,M_FSINIT_PUBLISH_12D6516B,612,580,32,2,14
opt,M_FSINIT_FIRST_60F42DBA,359,327,32,2,12
opt,M_FSINIT_ADAPTERSTEP_4F860EAF,352,320,32,2,12
opt,M_FSINIT_WORKSPACESTEP_AC19D935,399,351,48,3,12
opt,M_FSINIT_MOUNTSTEP_D16E7745,427,379,48,3,12
opt,M_FSINIT_BLOCKSTEP_FC8F9559,379,331,48,3,12
opt,M_FSINIT_OPENEDSTEP_3B4623A1,846,782,64,4,16
opt,M_FSINIT_MOUNTEDSTEP_D00F6B02,1410,1282,128,8,16
opt,M_FSINIT_FAILED_4FB7E0CF,207,191,16,1,8
opt,M_FSINIT_ROLLBACKSTEP_8166A722,684,636,48,3,16
opt,M_FSINIT_DESTROYMOUNT_00D5D10B,1502,1342,160,10,12
opt,M_FSINIT_CLEANUP_26675F9E,1274,1146,128,8,14
opt,M_FSRELATIVE_VALIDATE_0372B7FC,2331,2299,32,2,28
opt,M_FSRELATIVE_SEED_FD9BA1BB,1278,1214,64,4,20
opt,M_FSRELATIVE_TRIM_C4B2DBD8,623,607,16,1,12
opt,M_FSRELATIVE_ROOT_94E4441A,579,515,64,4,12
opt,M_FSRELATIVE_BEGIN_CB9D8F8D,4189,3933,256,16,30
opt,M_FSRELATIVE_PARENTRESULT_7CE6B959,2585,2409,176,11,16
opt,M_FSINFO_ENUMERATIONSTATE_A9C412AA,152,136,16,1,8
opt,M_FSINFO_CLEAR_E168B3AB,179,163,16,1,12
opt,M_FSINFO_NAME_B42C963D,1708,1692,16,1,14
opt,M_FSINFO_FILL_CDFFBE8F,588,572,16,1,12
opt,M_FSINFO_SAVE_B1E7031F,467,435,32,2,16
opt,M_MYDOSFILE_RESTART_75C66A72,374,358,16,1,8
opt,M_MYDOSFILE_OPEN_0FD3469F,1650,1586,64,4,14
opt,M_MYDOSFILE_SECTORALLOWED_E72DFCC7,836,804,32,2,14
opt,M_MYDOSFILE_VISIT_2F7F40D0,1267,1251,16,1,12
opt,M_MYDOSFILE_TRAILER_58DD2DFC,948,932,16,1,24
opt,M_MYDOSFILE_LINK_86A70D17,1002,986,16,1,16
opt,M_MYDOSFILE_VALIDATE_CCD11D35,1307,1211,96,6,12
opt,M_MYDOSFILE_FAIL_8A60C23B,355,339,16,1,12
opt,M_MYDOSFILE_FINISH_E4A712C2,498,482,16,1,16
opt,M_MYDOSFILE_ADVANCE_71346BED,282,266,16,1,16
opt,M_MYDOSFILE_BEGIN_902FB340,362,346,16,1,12
opt,M_MYDOSFILE_BEGINREAD_56DCAA56,2221,2077,144,9,14
opt,M_MYDOSFILE_TARGET_3D0FAE04,1891,1795,96,6,16
opt,M_MYDOSFILE_BEGINSEEK_007E9A86,1522,1410,112,7,12
opt,M_MYDOSFILE_LOCATE_F172D4F1,1147,1083,64,4,22
opt,M_MYDOSFILE_COPY_B45932A2,608,592,16,1,22
opt,M_MYDOSFILE_CONSUME_CDF927EF,1300,1236,64,4,20
opt,M_MYDOSFILE_CONTINUEOPERATION_DDF4199B,1185,1073,112,7,14
opt,M_MYDOSFILE_RUN_01B89F42,645,581,64,4,14
opt,M_FSDIRECTORY_LOCKCURSORSTEP_29BACC3E,839,807,32,2,18
opt,M_FSDIRECTORY_SELECTSTEP_815DA095,1422,1326,96,6,20
opt,M_FSDIRECTORY_INFOSTEP_3CC6E53D,866,786,80,5,16
opt,M_FSDIRECTORY_RESTORESTEP_8AADA789,1301,1253,48,3,18
opt,M_FSDIRECTORY_STATESTEP_73ED4FBC,1234,1170,64,4,18
opt,M_FSDIRECTORY_END_806A2136,369,321,48,3,12
opt,M_FSDIRECTORY_ENTRYSTEP_D4EA4ABB,713,649,64,4,16
opt,M_FSDIRECTORY_ENTRYRESULTSTEP_4C458A60,1001,921,80,5,16
opt,M_FSDIRECTORY_SIZESTEP_0C182F8A,1250,1170,80,5,16
opt,M_FSDIRECTORY_SIZESTARTSTEP_F40FBDAE,325,309,16,1,16
opt,M_FSDIRECTORY_SIZECONTINUESTEP_1EAFA525,1050,970,80,5,16
opt,M_FSDIRECTORY_CLEARSTEP_2A4A8FB8,269,237,32,2,12
opt,M_FSDIRECTORY_NAMESTEP_97C5C3EC,404,372,32,2,20
opt,M_FSDIRECTORY_FILLSTEP_E0581636,406,374,32,2,20
opt,M_FSDIRECTORY_PUBLISHSTEP_CC8DC0F6,468,420,48,3,16
opt,M_FSIO_BEGIN_68AD59C5,726,694,32,2,18
opt,M_FSIO_COMPLETE_3A967BA3,996,932,64,4,24
opt,M_FSIO_OFFLINE_B7567A31,459,443,16,1,14
opt,M_FSHANDLER_OPENRESULTSTEP_0C25E5DB,1715,1587,128,8,16
opt,M_FSHANDLER_CURSORSTEP_0CA2CA5E,862,782,80,5,16
opt,M_FSHANDLER_OPENSTEP_A7675710,1184,1088,96,6,18
opt,M_FSHANDLER_LOCKSTEP_E0A0D2D5,783,735,48,3,16
opt,M_FSHANDLER_RESOLVESTARTSTEP_40B69900,264,232,32,2,12
opt,M_FSHANDLER_RESOLVEREADYSTEP_BDBFDED1,324,308,16,1,16
opt,M_FSHANDLER_OPERATIONRESULT_4184CBFA,901,869,32,2,12
opt,M_FSHANDLER_FILESELECTSTEP_BED2DD8A,1559,1463,96,6,20
opt,M_FSHANDLER_ARGUMENTSSTEP_DD745A90,1187,1139,48,3,16
opt,M_FSHANDLER_READSTEP_5B9B1990,339,291,48,3,12
opt,M_FSHANDLER_SEEKSTEP_90261C60,339,291,48,3,12
opt,M_FSHANDLER_DISPATCHSTEP_D149BF3A,1057,1025,32,2,20
opt,M_FSHANDLER_MEDIASTEP_8DCF2858,1175,1095,80,5,20
opt,M_FSHANDLER_ACTIONSTEP_7D527A4E,1648,1616,32,2,16
opt,M_FSHANDLER_TAKESTEP_E4E18A11,808,776,32,2,22
opt,M_FSHANDLER_COMPONENTSTEP_389CA8B9,473,425,48,3,16
opt,M_FSHANDLER_RESOLVESTEP_D6E79D38,1202,1106,96,6,16
opt,M_FSHANDLER_FILESTEP_A93D50C2,587,523,64,4,16
opt,M_FSWORKER_WORKER_2BB473B0,1720,1528,192,12,28
opt,M_FSWORKER_FINISH_EC2E5E2B,490,442,48,3,12
opt,M_FSMOUNT_DISPATCH_FD59F08F,527,495,32,2,12
opt,M_FSMOUNT_SELECTSTEP_8E807607,1582,1486,96,6,24
opt,M_FSMOUNT_COMMANDSTEP_B1883B1A,1028,964,64,4,20
opt,M_FSMOUNT_REMOVESTEP_BBB2975B,966,886,80,5,12
opt,M_FSMOUNT_DESTROYSTEP_4CF540E7,393,345,48,3,12
opt,M_FSMUX_CONTROL_16FCB25F,438,406,32,2,16
opt,M_FSMUX_TAKE_F08F7501,663,599,64,4,12
opt,M_FSBOOT_BEGINSERVICE_BC5D2672,928,864,64,4,16
opt,M_FSBOOT_ENSURE_06ED6F00,1011,915,96,6,10
opt,M_FSBOOT_STOP_AD5246E2,1773,1613,160,10,28
opt,M_DOSCALLS_ARGUMENTS_D4B63738,411,395,16,1,12
opt,M_DOSCALLS_NAMEARGUMENTS_4FEB00BB,497,481,16,1,12
opt,M_DOSCALLS_ACQUIRE_C423433E,2813,2621,192,12,46
opt,M_DOSCALLS_CONFIGURED_B6EDEF76,686,638,48,3,20
opt,M_DOSCALLS_DESTINATION_E6EBC832,1129,1001,128,8,12
opt,M_DOSCALLS_OPEN_390423B6,1629,1453,176,11,18
opt,M_DOSCALLS_LOCK_DE185F87,900,804,96,6,16
opt,M_DOSCALLS_BADOBJECT_51D88018,251,203,48,3,2
opt,M_DOSCALLS_OBJECT_E89E37D3,580,516,64,4,16
opt,M_DOSCALLS_FILE_E8D1DABC,847,751,96,6,16
opt,M_DOSCALLS_READ_BEE8BE36,2426,2234,192,12,42
opt,M_DOSCALLS_WRITE_8E98A1A7,2575,2351,224,14,32
opt,M_DOSCALLS_SEEK_17FC33E6,1499,1355,144,9,30
opt,M_DOSCALLS_CLOSE_97169B3A,1509,1365,144,9,30
opt,M_DOSCALLS_UNLOCK_2871018C,1001,889,112,7,24
opt,M_DOSCALLS_INFORMATION_13F25DEC,1036,940,96,6,34
opt,M_DOSCALLS_SELECTED_604EA3D9,408,376,32,2,12
opt,M_DOSCALLS_SELECTIONREADY_28C831A1,416,400,16,1,12
opt,M_DOSCALLS_LIVESELECTION_2BE04852,824,728,96,6,12
opt,M_DOSCALLS_SELECT_1EDDE386,834,770,64,4,18
opt,M_DOSCALLS_DIRECTORY_C8028D6B,971,923,48,3,18
opt,M_DOSCALLS_CURRENTDIR_1AA7335E,1143,1047,96,6,24
opt,M_DOSCALLS_NAMEFROMLOCK_92457C4A,1953,1809,144,9,28
opt,M_DOSCALLS_ISINTERACTIVE_18CACEEA,630,566,64,4,12
opt,M_DOS_OPEN_87DAE823,234,202,32,2,12
opt,M_DOS_READ_BCD2228F,259,227,32,2,16
opt,M_DOS_WRITE_BE4FDE64,259,227,32,2,16
opt,M_DOS_SEEK_DE9F46FB,265,233,32,2,16
opt,M_DOS_CLOSE_4C224801,213,181,32,2,8
opt,M_DOS_IOERR_E649FF90,179,147,32,2,6
opt,M_DOS_RELEASECONTEXT_9DB9F883,179,147,32,2,6
opt,M_DOS_LOCK_4DEC517E,234,202,32,2,12
opt,M_DOS_UNLOCK_74209499,158,126,32,2,8
opt,M_DOS_EXAMINE_1F15C1B0,267,235,32,2,12
opt,M_DOS_EXNEXT_623C7B53,267,235,32,2,12
opt,M_DOS_INPUT_41B1DDE9,190,158,32,2,8
opt,M_DOS_OUTPUT_DF7018DC,190,158,32,2,8
opt,M_DOS_SELECTINPUT_FF0F4771,228,196,32,2,8
opt,M_DOS_SELECTOUTPUT_3A928904,228,196,32,2,8
opt,M_DOS_ISINTERACTIVE_FD05AE49,213,181,32,2,8
opt,M_DOS_CURRENTDIR_764577CB,222,190,32,2,8
opt,M_DOS_NAMEFROMLOCK_8794AD67,259,227,32,2,16
opt,M_TASKINSPECT_SNAPSHOT_72A67CF0,1606,1558,48,3,26
opt,M_DEVICEINSPECT_SNAPSHOT_EBB6295F,1056,976,80,5,18
opt,M_FSINSPECT_SNAPSHOT_873CF8A6,1632,1568,64,4,26
opt,M_SHELLAPP_SHELLLINE_DC60634C,156,140,16,1,8
opt,M_SHELLAPP_SHELLDRAWBUFFER_B9163ABE,156,140,16,1,8
opt,M_SHELLAPP_SHELLSCRATCH_1695768C,156,140,16,1,8
opt,M_SHELLAPP_SHELLTRANSFER_C9C879BF,156,140,16,1,8
opt,M_SHELLAPP_SHELLFAIL_9D17A97C,534,518,16,1,8
opt,M_SHELLAPP_SHELLLENGTH_56CE75A6,163,147,16,1,8
opt,M_SHELLAPP_SHELLEQUAL_EF077ADE,516,500,16,1,10
opt,M_SHELLAPP_SHELLWRITE_F4A8AD7D,1348,1268,80,5,26
opt,M_SHELLAPP_SHELLBYTE_1EE28596,329,281,48,3,12
opt,M_SHELLAPP_SHELLTEXT_7D109071,262,214,48,3,12
opt,M_SHELLAPP_SHELLPASCAL_09C83940,279,247,32,2,12
opt,M_SHELLAPP_SHELLNUMBER_7C65BFBB,1487,1439,48,3,32
opt,M_SHELLAPP_SHELLDIAGNOSTIC_F84A4C35,688,624,64,4,12
opt,M_SHELLAPP_SHELLREDRAW_2EDE4915,1481,1417,64,4,20
opt,M_SHELLAPP_SHELLCLEAR_52BB640F,287,255,32,2,8
opt,M_SHELLAPP_SHELLPARSE_A4976CAB,5783,5559,224,14,26
opt,M_SHELLAPP_SHELLCHANGE_E2B81D98,2176,1936,240,15,20
opt,M_SHELLAPP_SHELLRELEASELOCK_7049A622,1193,1049,144,9,8
opt,M_SHELLAPP_SHELLDIR_EB67AED9,3554,3186,368,23,20
opt,M_SHELLAPP_SHELLCONVERT_8185A927,522,490,32,2,14
opt,M_SHELLAPP_SHELLCLOSECOMMANDINPUT_5DFC114D,627,563,64,4,8
opt,M_SHELLAPP_SHELLTYPE_D64CE23C,3257,2953,304,19,30
opt,M_SHELLAPP_SHELLMEM_399A3E7B,2845,2381,464,29,12
opt,M_SHELLAPP_SHELLTASKSTATE_6E5D5B16,436,404,32,2,12
opt,M_SHELLAPP_SHELLTASKS_1B8DD8E2,2458,2218,240,15,18
opt,M_SHELLAPP_SHELLDEVICES_E5FACF4D,1962,1818,144,9,22
opt,M_SHELLAPP_SHELLMOUNTS_13BE84C6,2298,2042,256,16,18
opt,M_SHELLAPP_SHELLUNREDIRECT_630E066D,2819,2579,240,15,10
opt,M_SHELLAPP_SHELLREDIRECT_BB31A89E,3054,2766,288,18,20
opt,M_SHELLAPP_SHELLDISPATCH_02D6964A,4088,3576,512,32,16
opt,M_SHELLAPP_SHELLCOMMAND_01DF848F,845,733,112,7,8
opt,M_SHELLAPP_SHELLFEED_19C6DEC4,2866,2562,304,19,16
opt,M_SHELLAPP_SHELLREADSTEP_5848FDA6,1896,1736,160,10,24
opt,M_SHELLAPP_SHELLOPEN_DC32811A,2028,1820,208,13,12
opt,M_SHELLAPP_SHELLINITIALPROMPT_9A2AE0BA,315,267,48,3,8
opt,M_SHELLAPP_SHELLSTART_D37857EA,446,382,64,4,4
opt,M_SHELLAPP_SHELLFINISH_77CE18A3,4824,4344,480,30,16
opt,M_SHELLAPP_SHELLBOOTSIO_1538A419,1343,1167,176,11,22
opt,M_SHELLAPP_SHELLBOOTSTART_6A4872BE,3786,3418,368,23,12
opt,M_SHELLAPP_MAIN_168A375D,370,306,64,4,6
