routine,block,index,kind,before,after,saved
M_FSREGISTRY_LOOKUP_AD8B60C1,5,1,Load/3/LongIndexed,83,38,45
M_FSINIT_CONFIG_A7C873FA,8,0,Load/1/LongIndexed,116,41,75
M_FSINIT_CONFIG_A7C873FA,10,0,Load/2/LongIndexed,118,39,79
M_FSINIT_CONFIG_A7C873FA,10,1,Load/2/LongIndexed,118,39,79
M_FSINIT_CONFIG_A7C873FA,10,2,Load/4/LongIndexed,125,45,80
M_FSINIT_CONFIG_A7C873FA,10,3,Load/2/LongIndexed,118,39,79
M_FSINIT_CONFIG_A7C873FA,10,4,Load/1/LongIndexed,116,41,75
M_FSINIT_CONFIG_A7C873FA,12,0,Load/4/LongIndexed,125,45,80
M_FSINIT_CONFIG_A7C873FA,16,0,Load/2/LongIndexed,118,39,79
M_FSINIT_CONFIG_A7C873FA,16,1,Load/2/LongIndexed,118,39,79
M_FSINIT_ALLOCATEMOUNT_EF481898,4,8,Store/3/LongIndexed,81,36,45
M_FSINIT_PUBLISH_12D6516B,1,3,Compare/1/false/Le,13,12,1
M_FSINIT_PUBLISH_12D6516B,2,2,Load/3/LongIndexed,83,38,45
M_FSINIT_ROLLBACKSTEP_8166A722,0,6,Load/3/LongIndexed,83,38,45
M_FSINIT_ROLLBACKSTEP_8166A722,0,12,Store/3/LongIndexed,82,39,43
M_FSINIT_CLEANUP_26675F9E,6,2,Load/3/LongIndexed,83,38,45
M_FSIO_OFFLINE_B7567A31,2,2,Load/3/LongIndexed,83,38,45
M_FSHANDLER_TAKESTEP_E4E18A11,5,2,Load/3/LongIndexed,83,38,45
M_FSMOUNT_SELECTSTEP_8E807607,5,7,Load/3/LongIndexed,83,38,45
M_FSMOUNT_REMOVESTEP_BBB2975B,3,1,Terminator/Goto,5,4,1
M_FSMOUNT_REMOVESTEP_BBB2975B,4,7,Store/3/LongIndexed,82,39,43
M_FSBOOT_STOP_AD5246E2,8,1,Load/3/LongIndexed,83,38,45
M_FSBOOT_STOP_AD5246E2,8,2,Compare/3/false/Ne,13,12,1
M_FSBOOT_STOP_AD5246E2,10,1,Load/3/LongIndexed,83,38,45
M_FSINSPECT_SNAPSHOT_873CF8A6,11,1,Load/3/LongIndexed,83,38,45
M_SHELLAPP_SHELLPARSE_A4976CAB,61,6,Store/3/LongIndexed,83,38,45
