mode,routine,before,after,saved,payload,frame,guards
raw,M_EXECMEMORY_VALIDBANK_E9E0A79B,98,98,0,0,6,1
raw,M_EXECMEMORY_VALIDOWNER_462B929A,130,130,0,0,6,1
raw,M_EXECMEMORY_ADOPT_494D3B99,1061,1061,0,0,12,1
raw,M_EXECMEMORY_QUERY_D2E34F9F,561,557,4,2,14,2
raw,M_EXECMEMORY_RESERVEEXACT_88D3D2C8,944,936,8,4,10,3
raw,M_EXECMEMORY_ACQUIRE_EAA019EB,683,679,4,2,14,2
raw,M_EXECMEMORY_RELEASE_A6E307FC,1064,1056,8,4,10,3
raw,M_EXECMEMORY_INIT_F4EA07E3,137,137,0,0,4,2
raw,M_EXECLISTS_NEWLIST_B3502541,277,277,0,0,12,1
raw,M_EXECLISTS_NEWMINLIST_A2695943,164,158,6,3,8,2
raw,M_EXECLISTS_ISLISTEMPTY_6EEB0796,220,220,0,0,12,1
raw,M_EXECLISTS_ISMINLISTEMPTY_6D517164,194,188,6,3,8,2
raw,M_EXECLISTS_ADDHEAD_3AE3E6E4,303,303,0,0,16,1
raw,M_EXECLISTS_ADDTAIL_A1C0F364,322,322,0,0,16,1
raw,M_EXECLISTS_INSERT_468B11BA,746,722,24,12,16,3
raw,M_EXECLISTS_REMOVE_2E26C2C1,189,189,0,0,6,1
raw,M_EXECLISTS_REMHEAD_F8063CE7,327,321,6,3,12,2
raw,M_EXECLISTS_REMTAIL_292EAA27,327,321,6,3,12,2
raw,M_EXECLISTS_ENQUEUE_763E1E61,582,552,30,15,20,3
raw,M_EXECLISTS_FINDNAME_2659CDBB,635,635,0,0,22,1
raw,M_HEAPCORE_ROUNDED_9D79FA03,545,545,0,0,14,1
raw,M_HEAPCORE_BOUNDS_2387CB05,1844,1824,20,10,24,6
raw,M_HEAPCORE_CHUNKADDRESS_A551D41B,866,858,8,4,24,3
raw,M_HEAPCORE_NEXTADDRESS_E32592FF,879,875,4,2,24,2
raw,M_HEAPCORE_CHUNKEND_0E0C27CE,1321,1281,40,20,28,5
raw,M_HEAPCORE_VALIDATE_B397AD34,770,748,22,11,26,4
raw,M_HEAPCORE_LINK_9B47F952,173,173,0,0,8,1
raw,M_HEAPCORE_WRITECHUNK_D768FC26,160,160,0,0,8,1
raw,M_HEAPCORE_SPLIT_B6117102,1331,1293,38,19,32,3
raw,M_HEAPCORE_CANDIDATE_07CF3557,549,549,0,0,20,1
raw,M_HEAPCORE_RESERVE_2192E9C0,1949,1885,64,32,40,5
raw,M_HEAPCORE_ALLOCATE_E39F1AF5,236,220,16,8,12,2
raw,M_HEAPCORE_LARGEST_AA9886E8,2126,2088,38,19,42,5
raw,M_HEAPCORE_INSERTFREE_129E41BB,1548,1510,38,19,24,3
raw,M_HEAPCORE_RETURNRANGE_11C95A83,2122,2072,50,25,26,6
raw,M_HEAPCORE_DEALLOCATE_60F97CF2,1195,1155,40,20,32,5
raw,M_HEAPPOLICY_GETSTATE_9B9EAF7C,113,113,0,0,8,1
raw,M_HEAPPOLICY_HEADER_A992FDFC,241,241,0,0,12,1
raw,M_HEAPPOLICY_SHUTDOWN_9E341637,684,670,14,7,18,4
raw,M_HEAPPOLICY_RUNS_07A33D25,391,381,10,5,24,2
raw,M_HEAPPOLICY_REGION_F42DC07D,1163,1159,4,2,22,2
raw,M_HEAPPOLICY_START_1455FA91,1873,1823,50,25,32,10
raw,M_HEAPPOLICY_INIT_69D6AA0D,546,532,14,7,16,4
raw,M_HEAPPOLICY_FLAGSVALID_4BF22F96,1237,1237,0,0,24,1
raw,M_HEAPPOLICY_DESCRIPTOR_8971C45E,969,961,8,4,24,3
raw,M_HEAPPOLICY_VALIDATEREGIONS_C3A52ACE,1393,1363,30,15,28,8
raw,M_HEAPPOLICY_MATCHES_ACC95206,314,314,0,0,18,1
raw,M_HEAPPOLICY_RESERVE_42F2499D,1680,1632,48,24,28,7
raw,M_HEAPPOLICY_LOCATE_7B91FF59,1022,1016,6,3,30,4
raw,M_HEAPPOLICY_FREE_3EA2E1EF,1630,1584,46,23,30,7
raw,M_HEAPPOLICY_AVAIL_22774B2C,2198,2160,38,19,36,7
raw,M_HEAPPOLICY_MEMORYTYPE_D394B206,324,318,6,3,12,2
raw,M_HEAPPOLICY_VECTORBYTES_E6541B8F,619,611,8,4,20,2
raw,M_HEAPPOLICY_RESERVEVECTOR_C09ED6F4,547,523,24,12,18,3
raw,M_HEAPPOLICY_FREEVECTOR_698EC5DE,2242,2188,54,27,34,9
raw,M_TASKPOLICY_RECORDFOR_833E2B66,235,235,0,0,12,1
raw,M_TASKPOLICY_SAVEDWORD_D1C8E663,131,131,0,0,12,1
raw,M_TASKPOLICY_RESULT_DA2077E3,126,126,0,0,12,1
raw,M_TASKPOLICY_POINTERRESULT_E8D88610,362,354,8,4,16,2
raw,M_TASKPOLICY_ARGUMENTPOINTER_A19325C6,497,481,16,8,12,3
raw,M_TASKPOLICY_FLAGS_56B3B4FF,150,150,0,0,12,1
raw,M_TASKPOLICY_PROTECTED_FCDCE808,321,317,4,2,8,2
raw,M_TASKPOLICY_LOOKUP_41F6D1E4,903,903,0,0,24,1
raw,M_TASKPOLICY_WRITABLE_0565D862,1050,1050,0,0,32,1
raw,M_TASKPOLICY_AVAILABLERECORD_80983EA0,906,892,14,7,28,3
raw,M_TASKPOLICY_EMPTYMEMORY_C893BDB0,499,499,0,0,16,1
raw,M_TASKPOLICY_VALIDENTRY_58BA8A58,366,366,0,0,22,1
raw,M_TASKPOLICY_STACKSLOT_2A322EEA,1187,1185,2,1,22,2
raw,M_TASKPOLICY_PREPARESTACK_1A1C583B,716,716,0,0,24,1
raw,M_TASKPOLICY_PREPAREDOMAIN_45DA3401,1132,1132,0,0,24,1
raw,M_TASKPOLICY_PREPAREFRAME_D5FF2FA0,658,658,0,0,26,1
raw,M_TASKPOLICY_SETSTATE_52D88FAF,191,191,0,0,12,1
raw,M_TASKPOLICY_READY_679992F5,456,428,28,14,16,4
raw,M_TASKPOLICY_INITSIGNALS_5C831CB9,556,544,12,6,12,2
raw,M_TASKPOLICY_ADMIT_CF1671AB,995,965,30,15,16,5
raw,M_TASKPOLICY_INIT_57A5FAC8,2987,2923,64,32,30,17
raw,M_TASKPOLICY_TIMEDCOUNT_C3B59E74,120,120,0,0,8,1
raw,M_TASKPOLICY_ADJUSTTIMED_DDC1BE1E,203,203,0,0,10,1
raw,M_TASKPOLICY_WAKE_9E9C7518,560,550,10,5,16,4
raw,M_TASKPOLICY_SELECT_1A709B3E,949,919,30,15,14,7
raw,M_TASKPOLICY_SWITCH_98522C9E,686,658,28,14,8,5
raw,M_TASKPOLICY_EMPTYSIGNALS_EA2224E4,809,809,0,0,12,1
raw,M_TASKPOLICY_ADD_A5E7C92B,2566,2418,148,74,36,19
raw,M_TASKPOLICY_REMOVETASK_35F29A21,2371,2295,76,38,18,15
raw,M_TASKPOLICY_SAMENAME_968CD62D,482,482,0,0,18,1
raw,M_TASKPOLICY_FIND_0D9A09D7,771,755,16,8,16,4
raw,M_TASKPOLICY_PRIORITY_7FE7EE8A,699,673,26,13,16,5
raw,M_TASKPOLICY_EXCLUSION_DFE541A6,523,513,10,5,16,2
raw,M_TASKPOLICY_SLEEPTASK_6A909BCC,1248,1178,70,35,16,10
raw,M_TASKPOLICY_MASKRESULT_220A6FAB,386,378,8,4,20,2
raw,M_TASKPOLICY_SIGNALBIT_7E52F9EF,232,232,0,0,14,1
raw,M_TASKPOLICY_ALLOCATEBIT_A349E154,1255,1229,26,13,28,4
raw,M_TASKPOLICY_MASKS_49833CE1,1650,1594,56,28,38,7
raw,M_TASKPOLICY_COMPLETEWAIT_31FB45E4,580,562,18,9,16,3
raw,M_TASKPOLICY_WAITTASK_AD94C4A2,889,849,40,20,24,6
raw,M_TASKPOLICY_POSTSIGNAL_10773240,536,502,34,17,22,4
raw,M_TASKPOLICY_SIGNALTASK_806F80F5,899,865,34,17,24,5
raw,M_TASKPOLICY_CANCELWAKE_8ADC984A,187,181,6,3,4,2
raw,M_TASKPOLICY_DRAINONE_68E56764,729,711,18,9,14,5
raw,M_TASKPOLICY_DRAINWAKES_15F017CB,441,441,0,0,4,4
raw,M_TASKPOLICY_BOUNDPRODUCER_6D7B4E54,749,725,24,12,12,5
raw,M_TASKPOLICY_PRODUCERCONTROL_52F9499B,1756,1716,40,20,22,10
raw,M_TASKPOLICY_MEMORYSERVICE_7FAD083C,223,223,0,0,4,1
raw,M_TASKPOLICY_MEMORYPACKET_B36B55BB,496,488,8,4,16,2
raw,M_TASKPOLICY_MEMORYCALL_E7816C43,2121,1991,130,65,32,13
raw,M_TASKPOLICY_PORTSERVICE_8D598BCC,147,147,0,0,4,1
raw,M_TASKPOLICY_INITPORTS_2CB7E92A,238,232,6,3,12,2
raw,M_TASKPOLICY_PORTSTORAGE_D3468DA2,353,353,0,0,14,1
raw,M_TASKPOLICY_VALIDPORT_7710F985,404,398,6,3,4,2
raw,M_TASKPOLICY_VALIDMESSAGE_C0DE7739,453,453,0,0,14,1
raw,M_TASKPOLICY_SENDMESSAGE_7332557D,1071,1031,40,20,20,6
raw,M_TASKPOLICY_PORTHEAD_A12A0751,868,842,26,13,16,5
raw,M_TASKPOLICY_PORTDELETE_CF47DFE6,1063,1041,22,11,22,5
raw,M_TASKPOLICY_REGISTRYCALL_6B5FFB7F,1372,1314,58,29,18,8
raw,M_TASKPOLICY_QUEUECALL_62B0545B,1455,1373,82,41,24,8
raw,M_TASKPOLICY_PORTCALL_70989793,1299,1225,74,37,24,7
raw,M_TASKPOLICY_IOSERVICE_1E6CF653,147,147,0,0,4,1
raw,M_TASKPOLICY_INITIONAMES_D8642B1E,1379,1379,0,0,14,1
raw,M_TASKPOLICY_INITIO_35D5D1E4,1062,1056,6,3,16,4
raw,M_TASKPOLICY_IOEXTENT_9818C08A,569,563,6,3,20,2
raw,M_TASKPOLICY_IOERROR_9413450C,264,252,12,6,14,2
raw,M_TASKPOLICY_IONAME_8B922013,269,257,12,6,8,2
raw,M_TASKPOLICY_IOBOUND_33A4879E,896,884,12,6,16,3
raw,M_TASKPOLICY_IOOPEN_15F8E966,1103,1045,58,29,16,7
raw,M_TASKPOLICY_IOOPENTEST_C4ABA6E6,1533,1503,30,15,20,4
raw,M_TASKPOLICY_IOCOMPLETE_88BA0BF3,505,475,30,15,20,3
raw,M_TASKPOLICY_IOWAITOWNER_63A51E9E,499,493,6,3,16,2
raw,M_TASKPOLICY_IOCOLLECT_D169FE6C,873,837,36,18,16,5
raw,M_TASKPOLICY_IOENQUEUE_EC975914,1788,1714,74,37,24,6
raw,M_TASKPOLICY_IOBEGIN_A0C610B5,1491,1401,90,45,14,9
raw,M_TASKPOLICY_IOTESTBEGIN_2E780855,929,897,32,16,18,3
raw,M_TASKPOLICY_IOABORT_1EC95CFC,1462,1396,66,33,18,7
raw,M_TASKPOLICY_IOWORKERCONTROL_3D43EE5B,992,974,18,9,14,3
raw,M_TASKPOLICY_IOCLAIM_E59988BA,592,574,18,9,16,3
raw,M_TASKPOLICY_IOTEST_D46D842E,1131,1075,56,28,18,5
raw,M_TASKPOLICY_IOTESTFINISH_35E02F77,756,728,28,14,20,3
raw,M_TASKPOLICY_IOCALL_78031962,1957,1857,100,50,28,11
raw,M_TASKPOLICY_IOREQUESTCALL_7ACD78BD,621,575,46,23,14,4
raw,M_TASKPOLICY_IOSETTLEDCALL_042AE5B9,1544,1474,70,35,20,8
raw,M_TASKPOLICY_INITSIOSTATE_10B63F2C,822,822,0,0,20,1
raw,M_TASKPOLICY_SIOBOUND_346E47DB,1533,1533,0,0,26,1
raw,M_TASKPOLICY_SIOOPEN_38E97F75,1832,1820,12,6,30,3
raw,M_TASKPOLICY_SIOCLOSE_4815C4E5,206,206,0,0,16,1
raw,M_TASKPOLICY_SIOENQUEUE_F49C65E1,966,910,56,28,24,4
raw,M_TASKPOLICY_SIOABORT_410D8B25,601,579,22,11,20,3
raw,M_TASKPOLICY_SIOPREPAREWORKER_A27B8738,941,935,6,3,22,2
raw,M_TASKPOLICY_SIOPREPAREBUS_A2AD2C52,598,592,6,3,14,2
raw,M_TASKPOLICY_SIOADMIT_DC2C0CF4,1069,1025,44,22,30,5
raw,M_TASKPOLICY_SIOTAKE_23947030,764,746,18,9,18,3
raw,M_TASKPOLICY_SIOFINISH_B1C2A78C,861,833,28,14,26,3
raw,M_TASKPOLICY_SIOSTOP_31FA5BA1,916,872,44,22,8,5
raw,M_TASKPOLICY_SIOWORKERCONTROL_ABEF18A6,1852,1752,100,50,18,9
raw,M_TASKPOLICY_SIOPAUSE_4B7D62A1,571,541,30,15,10,5
raw,M_TASKPOLICY_SIOCONTROL_0EC256A4,1466,1380,86,43,22,8
raw,M_TASKPOLICY_SIOWORKERBOUND_9EFBF9DD,372,372,0,0,14,1
raw,M_TASKPOLICY_SIORESIDENTCOUNT_72BFE78E,332,332,0,0,14,1
raw,M_TASKPOLICY_SIOREMOVED_B08060ED,1053,1033,20,10,18,5
raw,M_TASKPOLICY_DOSSLOTFOR_362EB215,258,258,0,0,12,1
raw,M_TASKPOLICY_DOSRESET_224DFB33,369,363,6,3,12,2
raw,M_TASKPOLICY_DOSCANREMOVE_DB41E74E,532,526,6,3,16,2
raw,M_TASKPOLICY_DOSCURRENT_4399DFDB,458,442,16,8,16,3
raw,M_TASKPOLICY_DOSINIT_97B41A44,1318,1318,0,0,30,1
raw,M_TASKPOLICY_DOSWORKERBOUND_DB9BCF66,335,335,0,0,16,1
raw,M_TASKPOLICY_DOSRESIDENTCOUNT_ABEF6AC1,281,281,0,0,14,1
raw,M_TASKPOLICY_DOSREMOVED_D36757B2,1012,998,14,7,24,3
raw,M_TASKPOLICY_DOSPREPARE_61B1CC0D,781,775,6,3,22,2
raw,M_TASKPOLICY_DOSADMIT_DEA63DC3,1115,1077,38,19,26,4
raw,M_TASKPOLICY_DOSCONTROL_C7F82CE3,1139,1087,52,26,22,7
raw,M_TASKPOLICY_CONSOLEINIT_02CC0011,434,434,0,0,14,2
raw,M_TASKPOLICY_CONSOLESERVICE_C7B70ED2,147,147,0,0,4,1
raw,M_TASKPOLICY_CONSOLEPRODUCERBOUND_02AD29D1,311,311,0,0,14,1
raw,M_TASKPOLICY_CONSOLEFORGETBINDING_5044609F,270,270,0,0,14,1
raw,M_TASKPOLICY_CONSOLEPACKETVALID_068AA429,382,374,8,4,14,2
raw,M_TASKPOLICY_CONSOLEUNBIND_D1E0D209,663,641,22,11,22,5
raw,M_TASKPOLICY_CONSOLEPRODUCERCONTROL_28DEB132,348,326,22,11,10,3
raw,M_TASKPOLICY_CONSOLEBINDCONTROL_DC86D25B,2192,2122,70,35,22,11
raw,M_TASKPOLICY_CONSOLESTATE_630D302C,113,113,0,0,8,1
raw,M_TASKPOLICY_CONSOLEINSTANCE_9C722438,113,113,0,0,8,1
raw,M_TASKPOLICY_CONSOLENAMES_B9E6EA95,777,777,0,0,16,1
raw,M_TASKPOLICY_CONSOLENAME_0C46F590,279,267,12,6,12,2
raw,M_TASKPOLICY_CONSOLEDEVICE_34497CA3,177,177,0,0,12,1
raw,M_TASKPOLICY_CONSOLEBOUND_8755F553,472,466,6,3,16,3
raw,M_TASKPOLICY_CONSOLEOPEN_4090447D,1384,1378,6,3,22,5
raw,M_TASKPOLICY_CONSOLEIDLE_D6547573,615,603,12,6,8,3
raw,M_TASKPOLICY_CONSOLECLOSE_04E65EB3,753,741,12,6,14,5
raw,M_TASKPOLICY_CONSOLEIMMEDIATE_DAE617FC,1501,1501,0,0,18,1
raw,M_TASKPOLICY_CONSOLEENQUEUE_BE188809,1987,1893,94,47,30,9
raw,M_TASKPOLICY_CONSOLEWAKE_FE0543B3,263,249,14,7,8,2
raw,M_TASKPOLICY_CONSOLEABORT_CCCE9F0D,1380,1322,58,29,20,8
raw,M_TASKPOLICY_CONSOLEPREPARE_8098E872,927,921,6,3,22,2
raw,M_TASKPOLICY_CONSOLEADMIT_A01C3E0C,1951,1901,50,25,32,8
raw,M_TASKPOLICY_CONSOLETAKEARRIVAL_2A1E971F,1070,1028,42,21,16,5
raw,M_TASKPOLICY_CONSOLETAKEWRITE_96FEA12D,543,525,18,9,12,3
raw,M_TASKPOLICY_CONSOLEFINISH_F43924B4,1347,1319,28,14,20,4
raw,M_TASKPOLICY_CONSOLERUNNABLE_8934D92E,1068,1056,12,6,16,3
raw,M_TASKPOLICY_CONSOLESTOP_DAEB4759,743,695,48,24,8,5
raw,M_TASKPOLICY_CONSOLEWORKERCONTROL_3CA89D3E,1846,1738,108,54,28,11
raw,M_TASKPOLICY_CONSOLECHECKEXTENT_830BDAF3,391,367,24,12,16,3
raw,M_TASKPOLICY_CONSOLECONTROL_F218511C,1426,1340,86,43,26,10
raw,M_TASKPOLICY_CONSOLEWORKERBOUND_96318375,394,394,0,0,16,2
raw,M_TASKPOLICY_CONSOLERESIDENTCOUNT_6078C646,340,340,0,0,14,2
raw,M_TASKPOLICY_CONSOLECANREMOVE_6BA935F9,1323,1311,12,6,28,7
raw,M_TASKPOLICY_CONSOLEREMOVED_E0E10625,1207,1181,26,13,22,7
raw,M_TASKPOLICY_REQUESTVALID_195CAC51,3830,3700,130,65,8,25
raw,M_TASKPOLICY_ROUTE_3006B749,2984,2810,174,87,12,21
raw,M_TASKPOLICY_FINISHDISPATCH_46CD5A79,454,444,10,5,12,3
raw,M_TASKPOLICY_DISPATCH_2D7B283C,2539,2411,128,64,26,18
raw,M_CONSOLECORE_EXTENT_83D9960B,1250,1250,0,0,32,1
raw,M_CONSOLECORE_INIT_F63331F9,967,943,24,12,22,2
raw,M_CONSOLECORE_DIRTY_4A63B073,185,185,0,0,10,1
raw,M_CONSOLECORE_EDITQUANTUM_E6CDEC54,867,853,14,7,24,2
raw,M_CONSOLECORE_NEWLINE_97A73E23,334,334,0,0,12,1
raw,M_CONSOLECORE_CHARACTER_94A5011A,1348,1316,32,16,18,5
raw,M_CONSOLECORE_FEED_287D49E7,515,501,14,7,18,3
raw,M_CONSOLEINPUT_INIT_5076ECFA,281,281,0,0,8,1
raw,M_CONSOLEINPUT_LOSE_42C88EE3,185,185,0,0,8,1
raw,M_CONSOLEINPUT_CLEAR_3DEF4D2B,256,256,0,0,8,2
raw,M_CONSOLEINPUT_DECODE_A428056C,1545,1545,0,0,26,1
raw,M_CONSOLEINPUT_DELIVER_8B43A137,700,680,20,10,16,3
raw,M_CONSOLEINPUT_PUMP_600356CC,743,723,20,10,18,4
raw,M_CONSOLEINPUT_READ_9E7D5EC6,697,691,6,3,24,2
raw,M_CONSOLEDISPLAY_GLYPH_DCC4F92E,236,236,0,0,12,1
raw,M_CONSOLEDISPLAY_LISTVALID_C50FC922,1381,1381,0,0,14,1
raw,M_CONSOLEDISPLAY_VALIDATE_33E36106,612,604,8,4,8,2
raw,M_CONSOLEDISPLAY_GEOMETRY_B00D0334,622,622,0,0,10,1
raw,M_CONSOLEDISPLAY_COPYSCREEN_6781A699,348,348,0,0,20,2
raw,M_CONSOLEDISPLAY_CLAIM_0FF5CDD8,1473,1449,24,12,16,4
raw,M_CONSOLEDISPLAY_RELEASE_C2AC22C5,455,443,12,6,12,2
raw,M_CONSOLEDISPLAY_POSITION_5668E3AD,215,215,0,0,8,1
raw,M_CONSOLEDISPLAY_CURSOR_3EC7579C,923,913,10,5,20,3
raw,M_CONSOLEDISPLAY_CELLS_58FB51DD,1041,1031,10,5,28,3
raw,M_CONSOLEDISPLAY_QUANTUM_5F98A18D,743,707,36,18,14,4
raw,M_CONSOLEDRIVER_GETSERVICE_BEE5E55D,113,113,0,0,8,1
raw,M_CONSOLEDRIVER_GETINSTANCE_7919D405,113,113,0,0,8,1
raw,M_CONSOLEDRIVER_MAPPED_DAA6A481,1136,1126,10,5,30,2
raw,M_CONSOLEDRIVER_VALIDATE_72D30322,1813,1791,22,11,18,3
raw,M_CONSOLEDRIVER_FINISHWRITE_E8555190,273,265,8,4,14,2
raw,M_CONSOLEDRIVER_WRITEQUANTUM_AEE13626,1813,1753,60,30,28,7
raw,M_CONSOLEDRIVER_READQUANTUM_10EBF725,1235,1205,30,15,26,4
raw,M_CONSOLEDRIVER_ARRIVAL_EC6B7DA9,522,500,22,11,16,4
raw,M_CONSOLEDRIVER_INITIALIZE_D6CB2592,2600,2458,142,71,28,16
raw,M_CONSOLEDRIVER_FREESTORAGE_02676B4B,1019,971,48,24,12,5
raw,M_CONSOLEDRIVER_WORKER_589B3ABC,2503,2375,128,64,28,22
raw,M_CONSOLEDRIVER_START_3E6AAC44,1030,1010,20,10,18,4
raw,M_CONSOLEDRIVER_STOP_093D3500,732,712,20,10,18,4
raw,M_PORTCORE_CREATEMSGPORT_A47550A3,1184,1140,44,22,18,6
raw,M_PORTCORE_DELETEMSGPORT_9136F7C6,431,409,22,11,10,4
raw,M_SIODRIVER_SIOMAPPED_D1D9A9D6,1136,1126,10,5,30,2
raw,M_SIODRIVER_PAYLOADLENGTH_9F5C9B06,918,918,0,0,10,1
raw,M_SIODRIVER_SIOVALIDATE_7D355271,2377,2357,20,10,16,3
raw,M_SIODRIVER_DEADLINETICKS_83CDA5CA,1128,1128,0,0,28,1
raw,M_SIODRIVER_PREPARE_D10BF723,1320,1308,12,6,28,2
raw,M_SIODRIVER_HARDWAREINIT_3568BDA6,1224,1192,32,16,12,12
raw,M_SIODRIVER_RUNREQUEST_4500BA50,2097,2025,72,36,32,15
raw,M_SIODRIVER_WORKER_374ADF8C,1928,1870,58,29,22,19
raw,M_SIODRIVER_UNAVAILABLE_B7013E26,199,191,8,4,6,2
raw,M_SIODRIVER_MATCHES_AEE1C237,471,471,0,0,14,1
raw,M_SIODRIVER_START_4928F5B4,1194,1170,24,12,16,4
raw,M_SIODRIVER_STOP_B26AF28A,549,525,24,12,16,4
raw,M_IOCORE_OPENDEVICE_A2787528,459,425,34,17,22,4
raw,M_IOCORE_CREATEIOREQUEST_DE10015D,974,952,22,11,20,3
raw,M_IOCORE_DELETEIOREQUEST_93A87E78,361,341,20,10,16,3
raw,M_IOCORE_WAITIO_8CA35F61,808,788,20,10,24,4
raw,M_IOCORE_DOIO_173DC4A1,520,508,12,6,20,3
raw,M_DOSCLIENT_IOERR_BF9E8A97,214,214,0,0,12,2
raw,M_DOSCLIENT_SETERROR_F2B11A26,186,186,0,0,12,2
raw,M_DOSCLIENT_NEWCLIENT_41735729,1451,1421,30,15,18,4
raw,M_DOSCLIENT_ENSURE_1859B044,839,829,10,5,18,4
raw,M_DOSCLIENT_CLEARSELECTIONS_93A1D5D6,275,275,0,0,8,1
raw,M_DOSCLIENT_RELEASECONTEXT_90CB2A06,1988,1958,30,15,18,6
raw,M_DOSCLIENT_CHECKREPLY_4530772C,762,750,12,6,12,4
raw,M_DOSCLIENT_CALL_35DB3B22,2059,2019,40,20,24,7
raw,M_DOSOBJECTS_FIND_2E898C70,490,490,0,0,12,1
raw,M_DOSOBJECTS_LINK_9FA00D0F,440,436,4,2,16,2
raw,M_DOSOBJECTS_UNLINK_C978FCF4,874,870,4,2,22,2
raw,M_BLOCKWIRE_TRANSFER_0A2F17CC,177,171,6,3,8,2
raw,M_BLOCKIO_GEOMETRY_4529DFEE,921,921,0,0,10,1
raw,M_BLOCKIO_SECTORBYTES_B8369631,893,893,0,0,12,1
raw,M_BLOCKIO_MAPPED_A9EEA713,1309,1299,10,5,30,2
raw,M_BLOCKIO_CREATE_DF5BA086,1562,1490,72,36,20,8
raw,M_BLOCKIO_DESTROY_0CC5CBD8,843,803,40,20,8,5
raw,M_BLOCKIO_DEVICENAME_55BC3EC3,757,757,0,0,4,1
raw,M_BLOCKIO_OPENVOLUME_36B90798,1323,1263,60,30,26,6
raw,M_BLOCKIO_ATTACH_A1159825,1604,1532,72,36,20,5
raw,M_BLOCKIO_DETACH_FC4FFB83,927,901,26,13,12,4
raw,M_BLOCKIO_INVALIDATE_E4DCC90F,129,129,0,0,8,1
raw,M_BLOCKIO_CACHED_7ABF0DB0,1085,1085,0,0,12,1
raw,M_BLOCKIO_PUBLISH_42B93901,488,488,0,0,12,1
raw,M_BLOCKIO_PREPARE_810BFFA1,670,670,0,0,16,1
raw,M_BLOCKIO_COMPLETE_80F6A54F,1068,1068,0,0,18,1
raw,M_BLOCKIO_CHECK_A5B41A2A,1137,1085,52,26,16,6
raw,M_BLOCKIO_BEGINFETCH_6B9D7F07,921,871,50,25,28,3
raw,M_BLOCKIO_FINISHFETCH_D55D2AA5,849,787,62,31,28,4
raw,M_BLOCKIO_FETCH_124BDACE,715,661,54,27,24,4
raw,M_BLOCKIO_READSECTOR_D918C668,1648,1588,60,30,26,6
raw,M_MYDOSNAMES_LEGAL_C9AD70C6,290,290,0,0,2,1
raw,M_MYDOSNAMES_FOLD_297622C6,175,175,0,0,2,1
raw,M_MYDOSNAMES_STORED_9F1E578A,747,745,2,1,8,2
raw,M_MYDOSNAMES_MATCH_52630F12,704,700,4,2,8,3
raw,M_MYDOSNAMES_COMPONENT_FF2F5328,1589,1581,8,4,16,3
raw,M_FSNAMES_STREAM_12DD2A4A,2837,2805,32,16,6,17
raw,M_FSNAMES_MAPPED_324F42A3,945,931,14,7,24,2
raw,M_FSNAMES_PATH_CFBF830F,1424,1412,12,6,32,3
raw,M_FSNAMES_ALIAS_A2F2B006,579,575,4,2,12,3
raw,M_FSNAMES_SAMEALIAS_76260CCC,600,596,4,2,8,3
raw,M_FSNAMES_VALIDALIAS_36EB4E14,594,582,12,6,10,3
raw,M_DOSSTREAMS_VALIDMODE_6A43AE29,551,551,0,0,12,1
raw,M_DOSSTREAMS_VALIDBUFFER_D67D80FE,857,827,30,15,12,4
raw,M_DOSSTREAMS_OPENNIL_7EDE8F17,880,852,28,14,20,4
raw,M_DOSSTREAMS_TRANSFERNIL_E7EA5C2C,601,579,22,11,8,3
raw,M_DOSSTREAMS_CLOSENIL_3520E24B,817,775,42,21,16,6
raw,M_DOSRAW_GETREGISTRY_976423CC,113,113,0,0,8,1
raw,M_DOSRAW_LIVE_14427091,880,880,0,0,18,2
raw,M_DOSRAW_INITIALIZE_D871F7B7,1496,1490,6,3,16,2
raw,M_DOSRAW_ROLLBACK_4A7594F5,263,263,0,0,4,3
raw,M_DOSRAW_ACQUIRE_CC49A145,3317,3185,132,66,34,21
raw,M_DOSRAW_OPEN_5F7F2547,1456,1398,58,29,20,8
raw,M_DOSRAW_VALIDEXTENT_84EF7CCB,913,883,30,15,20,4
raw,M_DOSRAW_RELEASEOPERATION_C2E80557,595,587,8,4,12,5
raw,M_DOSRAW_PREPARE_F51F1B68,2738,2658,80,40,18,12
raw,M_DOSRAW_COMPLETE_0FD428DA,1939,1913,26,13,30,4
raw,M_DOSRAW_CLOSEDEVICE_DECAF50F,224,218,6,3,8,2
raw,M_DOSRAW_CLOSE_4F38859D,2843,2751,92,46,24,20
raw,M_FSREGISTRY_GETREGISTRY_3C838C00,212,204,8,4,8,2
raw,M_FSREGISTRY_SERVICE_31663004,226,226,0,0,12,2
raw,M_FSREGISTRY_RETAIN_218C5FAC,325,325,0,0,12,3
raw,M_FSREGISTRY_RETAINBASE_94E5BA0B,605,605,0,0,18,4
raw,M_FSREGISTRY_RELEASE_E0E99364,241,241,0,0,10,3
raw,M_FSREGISTRY_LOOKUP_AD8B60C1,1106,1090,16,8,22,5
raw,M_FSREGISTRY_FINDOBJECT_780CC443,355,335,20,10,16,3
raw,M_FSREGISTRY_FROMHEADER_DCD07C60,618,618,0,0,16,1
raw,M_FSREGISTRY_STAMP_BE264D84,528,528,0,0,16,2
raw,M_DOSWIRE_ISPOINTER_E1AC855F,346,346,0,0,14,1
raw,M_FSLOCKS_TRAILER_B3BA463B,152,152,0,0,8,1
raw,M_FSLOCKS_TEXT_C72F70F3,193,193,0,0,12,1
raw,M_FSLOCKS_ALLOCATION_5B5A6C20,405,399,6,3,16,2
raw,M_FSLOCKS_ROOT_D04E0C54,697,697,0,0,20,1
raw,M_FSLOCKS_ADD_DEA4C903,537,537,0,0,12,1
raw,M_FSLOCKS_APPEND_3EC68462,1790,1758,32,16,14,5
raw,M_FSLOCKS_ALLOCATE_39B5BEE3,1547,1519,28,14,32,4
raw,M_FSPACKET_REPLY_F0943484,827,821,6,3,16,2
raw,M_FSPACKET_ERROR_61E70414,660,654,6,3,16,2
raw,M_FSPACKET_IDENTITY_6B3677B2,1787,1763,24,12,20,6
raw,M_FSPACKET_PUBLISHOPENSTEP_55EACFB5,1215,1197,18,9,22,3
raw,M_FSPACKET_CLOSESTEP_61A48B9C,1032,984,48,24,18,7
raw,M_FSPORTS_CREATE_D9675AD2,767,739,28,14,18,4
raw,M_FSPORTS_DELETE_FC342961,230,216,14,7,8,2
raw,M_MYDOS_READPHYSICAL_AF05229A,845,825,20,10,24,2
raw,M_MYDOS_DATASECTOR_95277D3B,946,946,0,0,12,1
raw,M_MYDOS_VALIDDIRECTORY_1CF8F62E,894,866,28,14,20,3
raw,M_MYDOS_EXTENT_5BCD29B5,1927,1927,0,0,28,1
raw,M_MYDOS_HEADER_A95A323A,1230,1224,6,3,26,2
raw,M_MYDOS_BEGINMOUNT_AA58F6DF,568,568,0,0,10,1
raw,M_MYDOS_MOUNTBUFFERED_114678B9,484,472,12,6,16,2
raw,M_MYDOS_MOUNT_2B42A118,520,498,22,11,12,4
raw,M_MYDOS_COPYENTRY_C5D8D89C,323,323,0,0,18,1
raw,M_MYDOS_DECODE_69B6DF25,956,956,0,0,14,1
raw,M_MYDOS_LIVE_1E4E1377,822,806,16,8,14,3
raw,M_MYDOS_BUFFEREDENTRY_DC465C80,917,893,24,12,26,3
raw,M_MYDOS_BEGINENTRY_95F170F4,849,839,10,5,12,2
raw,M_MYDOS_GETENTRY_7D00AFBD,579,551,28,14,14,4
raw,M_MYDOS_SELECTMATCH_8984C9A2,907,871,36,18,14,4
raw,M_MYDOS_CHOOSE_61B23C5E,608,596,12,6,12,2
raw,M_MYDOS_STARTDIRECTORY_E432AEF2,180,180,0,0,12,1
raw,M_MYDOS_DESCEND_C497F8DD,1370,1370,0,0,32,1
raw,M_MYDOS_ROOTENTRY_E3F00029,401,401,0,0,10,1
raw,M_MYDOS_STARTRESOLVE_24B3B079,1211,1205,6,3,12,2
raw,M_MYDOS_RESOLVECOMPONENT_8F2130C4,320,308,12,6,4,3
raw,M_MYDOS_BEGINRESOLVE_3F47247C,370,352,18,9,10,3
raw,M_MYDOS_RESOLVESTEP_4ADA26D9,1263,1233,30,15,14,6
raw,M_MYDOS_RESOLVE_25FA7BCB,693,659,34,17,14,5
raw,M_FSINIT_CONFIG_A7C873FA,3320,3272,48,24,24,5
raw,M_FSINIT_WORKSPACE_ED5E2107,855,823,32,16,16,3
raw,M_FSINIT_ARRIVAL_302FF83F,807,803,4,2,20,4
raw,M_FSINIT_ALLOCATEMOUNT_EF481898,1941,1909,32,16,32,4
raw,M_FSINIT_ALLOCATEBLOCK_5C0916F0,1159,1141,18,9,20,3
raw,M_FSINIT_PUBLISH_12D6516B,626,626,0,0,16,2
raw,M_FSINIT_FIRST_60F42DBA,371,365,6,3,12,2
raw,M_FSINIT_ADAPTERSTEP_4F860EAF,360,360,0,0,12,2
raw,M_FSINIT_WORKSPACESTEP_AC19D935,419,407,12,6,12,3
raw,M_FSINIT_MOUNTSTEP_D16E7745,445,433,12,6,12,3
raw,M_FSINIT_BLOCKSTEP_FC8F9559,399,387,12,6,12,3
raw,M_FSINIT_OPENEDSTEP_3B4623A1,888,870,18,9,16,4
raw,M_FSINIT_MOUNTEDSTEP_D00F6B02,1476,1446,30,15,16,8
raw,M_FSINIT_FAILED_4FB7E0CF,207,207,0,0,8,1
raw,M_FSINIT_ROLLBACKSTEP_8166A722,734,708,26,13,16,3
raw,M_FSINIT_DESTROYMOUNT_00D5D10B,1639,1561,78,39,14,10
raw,M_FSINIT_CLEANUP_26675F9E,1372,1314,58,29,14,8
raw,M_FSRELATIVE_VALIDATE_0372B7FC,2431,2421,10,5,34,2
raw,M_FSRELATIVE_SEED_FD9BA1BB,1365,1341,24,12,24,4
raw,M_FSRELATIVE_TRIM_C4B2DBD8,634,634,0,0,12,1
raw,M_FSRELATIVE_ROOT_94E4441A,627,595,32,16,12,4
raw,M_FSRELATIVE_BEGIN_CB9D8F8D,4632,4450,182,91,34,16
raw,M_FSRELATIVE_PARENTRESULT_7CE6B959,2985,2873,112,56,20,11
raw,M_FSINFO_ENUMERATIONSTATE_A9C412AA,172,172,0,0,12,1
raw,M_FSINFO_CLEAR_E168B3AB,218,218,0,0,14,1
raw,M_FSINFO_NAME_B42C963D,1719,1719,0,0,14,1
raw,M_FSINFO_FILL_CDFFBE8F,623,623,0,0,12,1
raw,M_FSINFO_SAVE_B1E7031F,483,477,6,3,16,2
raw,M_MYDOSFILE_RESTART_75C66A72,450,450,0,0,12,1
raw,M_MYDOSFILE_OPEN_0FD3469F,1752,1718,34,17,18,4
raw,M_MYDOSFILE_SECTORALLOWED_E72DFCC7,930,916,14,7,28,2
raw,M_MYDOSFILE_VISIT_2F7F40D0,1282,1282,0,0,16,1
raw,M_MYDOSFILE_TRAILER_58DD2DFC,964,964,0,0,28,1
raw,M_MYDOSFILE_LINK_86A70D17,1022,1022,0,0,18,1
raw,M_MYDOSFILE_VALIDATE_CCD11D35,1392,1330,62,31,16,6
raw,M_MYDOSFILE_FAIL_8A60C23B,398,398,0,0,12,1
raw,M_MYDOSFILE_FINISH_E4A712C2,514,514,0,0,16,1
raw,M_MYDOSFILE_ADVANCE_71346BED,299,299,0,0,16,1
raw,M_MYDOSFILE_BEGIN_902FB340,439,439,0,0,12,1
raw,M_MYDOSFILE_BEGINREAD_56DCAA56,2378,2298,80,40,18,9
raw,M_MYDOSFILE_TARGET_3D0FAE04,2045,1991,54,27,18,6
raw,M_MYDOSFILE_BEGINSEEK_007E9A86,1692,1624,68,34,12,7
raw,M_MYDOSFILE_LOCATE_F172D4F1,1200,1174,26,13,22,4
raw,M_MYDOSFILE_COPY_B45932A2,635,635,0,0,26,1
raw,M_MYDOSFILE_CONSUME_CDF927EF,1360,1338,22,11,20,4
raw,M_MYDOSFILE_CONTINUEOPERATION_DDF4199B,1274,1216,58,29,14,7
raw,M_MYDOSFILE_RUN_01B89F42,683,653,30,15,14,4
raw,M_FSDIRECTORY_LOCKCURSORSTEP_29BACC3E,931,919,12,6,16,2
raw,M_FSDIRECTORY_SELECTSTEP_815DA095,1543,1479,64,32,20,6
raw,M_FSDIRECTORY_INFOSTEP_3CC6E53D,992,942,50,25,16,5
raw,M_FSDIRECTORY_RESTORESTEP_8AADA789,1475,1449,26,13,16,3
raw,M_FSDIRECTORY_STATESTEP_73ED4FBC,1332,1298,34,17,18,4
raw,M_FSDIRECTORY_END_806A2136,413,385,28,14,12,3
raw,M_FSDIRECTORY_ENTRYSTEP_D4EA4ABB,765,733,32,16,16,4
raw,M_FSDIRECTORY_ENTRYRESULTSTEP_4C458A60,1069,1029,40,20,16,5
raw,M_FSDIRECTORY_SIZESTEP_0C182F8A,1330,1284,46,23,16,5
raw,M_FSDIRECTORY_SIZESTARTSTEP_F40FBDAE,333,333,0,0,16,1
raw,M_FSDIRECTORY_SIZECONTINUESTEP_1EAFA525,1131,1085,46,23,16,5
raw,M_FSDIRECTORY_CLEARSTEP_2A4A8FB8,283,277,6,3,12,2
raw,M_FSDIRECTORY_NAMESTEP_97C5C3EC,430,412,18,9,20,2
raw,M_FSDIRECTORY_FILLSTEP_E0581636,434,414,20,10,20,2
raw,M_FSDIRECTORY_PUBLISHSTEP_CC8DC0F6,535,515,20,10,16,3
raw,M_FSIO_BEGIN_68AD59C5,740,720,20,10,18,2
raw,M_FSIO_COMPLETE_3A967BA3,1005,971,34,17,24,4
raw,M_FSIO_OFFLINE_B7567A31,507,507,0,0,16,1
raw,M_FSHANDLER_OPENRESULTSTEP_0C25E5DB,1868,1794,74,37,16,8
raw,M_FSHANDLER_CURSORSTEP_0CA2CA5E,924,878,46,23,16,5
raw,M_FSHANDLER_OPENSTEP_A7675710,1302,1244,58,29,18,6
raw,M_FSHANDLER_LOCKSTEP_E0A0D2D5,859,837,22,11,16,3
raw,M_FSHANDLER_RESOLVESTARTSTEP_40B69900,278,272,6,3,12,2
raw,M_FSHANDLER_RESOLVEREADYSTEP_BDBFDED1,305,305,0,0,16,1
raw,M_FSHANDLER_OPERATIONRESULT_4184CBFA,919,913,6,3,12,2
raw,M_FSHANDLER_FILESELECTSTEP_BED2DD8A,1725,1661,64,32,20,6
raw,M_FSHANDLER_ARGUMENTSSTEP_DD745A90,1218,1196,22,11,16,3
raw,M_FSHANDLER_READSTEP_5B9B1990,361,347,14,7,12,3
raw,M_FSHANDLER_SEEKSTEP_90261C60,361,347,14,7,12,3
raw,M_FSHANDLER_DISPATCHSTEP_D149BF3A,1128,1122,6,3,20,2
raw,M_FSHANDLER_MEDIASTEP_8DCF2858,1277,1243,34,17,20,5
raw,M_FSHANDLER_ACTIONSTEP_7D527A4E,1844,1830,14,7,18,2
raw,M_FSHANDLER_TAKESTEP_E4E18A11,954,948,6,3,22,2
raw,M_FSHANDLER_COMPONENTSTEP_389CA8B9,509,489,20,10,16,3
raw,M_FSHANDLER_RESOLVESTEP_D6E79D38,1292,1238,54,27,16,6
raw,M_FSHANDLER_FILESTEP_A93D50C2,623,595,28,14,16,4
raw,M_FSWORKER_WORKER_2BB473B0,1972,1908,64,32,38,12
raw,M_FSWORKER_FINISH_EC2E5E2B,528,508,20,10,12,3
raw,M_FSMOUNT_DISPATCH_FD59F08F,517,511,6,3,24,2
raw,M_FSMOUNT_SELECTSTEP_8E807607,1737,1717,20,10,28,6
raw,M_FSMOUNT_COMMANDSTEP_B1883B1A,1156,1128,28,14,22,4
raw,M_FSMOUNT_REMOVESTEP_BBB2975B,1045,1017,28,14,12,5
raw,M_FSMOUNT_DESTROYSTEP_4CF540E7,466,448,18,9,16,3
raw,M_FSMUX_CONTROL_16FCB25F,452,446,6,3,16,2
raw,M_FSMUX_TAKE_F08F7501,689,671,18,9,12,4
raw,M_FSBOOT_BEGINSERVICE_BC5D2672,1074,1036,38,19,20,4
raw,M_FSBOOT_ENSURE_06ED6F00,1145,1135,10,5,16,6
raw,M_FSBOOT_STOP_AD5246E2,1997,1979,18,9,30,10
raw,M_DOSCALLS_ARGUMENTS_D4B63738,399,399,0,0,12,1
raw,M_DOSCALLS_NAMEARGUMENTS_4FEB00BB,521,521,0,0,12,1
raw,M_DOSCALLS_ACQUIRE_C423433E,3006,2920,86,43,46,12
raw,M_DOSCALLS_CONFIGURED_B6EDEF76,742,726,16,8,20,3
raw,M_DOSCALLS_DESTINATION_E6EBC832,1244,1194,50,25,12,8
raw,M_DOSCALLS_OPEN_390423B6,1829,1751,78,39,22,11
raw,M_DOSCALLS_LOCK_DE185F87,1032,982,50,25,20,6
raw,M_DOSCALLS_BADOBJECT_51D88018,299,283,16,8,6,3
raw,M_DOSCALLS_OBJECT_E89E37D3,604,588,16,8,16,4
raw,M_DOSCALLS_FILE_E8D1DABC,905,871,34,17,16,6
raw,M_DOSCALLS_READ_BEE8BE36,2862,2738,124,62,42,12
raw,M_DOSCALLS_WRITE_8E98A1A7,3157,3033,124,62,32,14
raw,M_DOSCALLS_SEEK_17FC33E6,1956,1888,68,34,34,9
raw,M_DOSCALLS_CLOSE_97169B3A,1643,1561,82,41,34,9
raw,M_DOSCALLS_UNLOCK_2871018C,1115,1061,54,27,34,7
raw,M_DOSCALLS_INFORMATION_13F25DEC,1106,1060,46,23,34,6
raw,M_DOSCALLS_SELECTED_604EA3D9,432,432,0,0,14,2
raw,M_DOSCALLS_SELECTIONREADY_28C831A1,389,389,0,0,12,1
raw,M_DOSCALLS_LIVESELECTION_2BE04852,825,801,24,12,12,6
raw,M_DOSCALLS_SELECT_1EDDE386,860,848,12,6,18,4
raw,M_DOSCALLS_DIRECTORY_C8028D6B,999,979,20,10,18,3
raw,M_DOSCALLS_CURRENTDIR_1AA7335E,1193,1171,22,11,24,6
raw,M_DOSCALLS_NAMEFROMLOCK_92457C4A,2141,2093,48,24,32,9
raw,M_DOSCALLS_ISINTERACTIVE_18CACEEA,725,713,12,6,14,4
raw,M_DOS_OPEN_87DAE823,248,234,14,7,12,2
raw,M_DOS_READ_BCD2228F,279,259,20,10,16,2
raw,M_DOS_WRITE_BE4FDE64,279,259,20,10,16,2
raw,M_DOS_SEEK_DE9F46FB,287,265,22,11,16,2
raw,M_DOS_CLOSE_4C224801,219,213,6,3,8,2
raw,M_DOS_IOERR_E649FF90,179,179,0,0,6,2
raw,M_DOS_RELEASECONTEXT_9DB9F883,179,179,0,0,6,2
raw,M_DOS_LOCK_4DEC517E,248,234,14,7,12,2
raw,M_DOS_UNLOCK_74209499,164,158,6,3,8,2
raw,M_DOS_EXAMINE_1F15C1B0,299,279,20,10,16,2
raw,M_DOS_EXNEXT_623C7B53,299,279,20,10,16,2
raw,M_DOS_INPUT_41B1DDE9,192,190,2,1,8,2
raw,M_DOS_OUTPUT_DF7018DC,192,190,2,1,8,2
raw,M_DOS_SELECTINPUT_FF0F4771,236,228,8,4,8,2
raw,M_DOS_SELECTOUTPUT_3A928904,236,228,8,4,8,2
raw,M_DOS_ISINTERACTIVE_FD05AE49,219,213,6,3,8,2
raw,M_DOS_CURRENTDIR_764577CB,228,222,6,3,8,2
raw,M_DOS_NAMEFROMLOCK_8794AD67,279,259,20,10,16,2
raw,M_TASKINSPECT_SNAPSHOT_72A67CF0,1719,1719,0,0,32,3
raw,M_DEVICEINSPECT_SNAPSHOT_EBB6295F,1227,1219,8,4,18,5
raw,M_FSINSPECT_SNAPSHOT_873CF8A6,1695,1695,0,0,26,4
raw,M_SHELLAPP_SHELLLINE_DC60634C,166,166,0,0,12,1
raw,M_SHELLAPP_SHELLDRAWBUFFER_B9163ABE,184,184,0,0,12,1
raw,M_SHELLAPP_SHELLSCRATCH_1695768C,184,184,0,0,12,1
raw,M_SHELLAPP_SHELLTRANSFER_C9C879BF,184,184,0,0,12,1
raw,M_SHELLAPP_SHELLFAIL_9D17A97C,552,552,0,0,10,1
raw,M_SHELLAPP_SHELLLENGTH_56CE75A6,195,195,0,0,12,1
raw,M_SHELLAPP_SHELLEQUAL_EF077ADE,533,533,0,0,14,1
raw,M_SHELLAPP_SHELLWRITE_F4A8AD7D,1472,1420,52,26,26,5
raw,M_SHELLAPP_SHELLBYTE_1EE28596,393,377,16,8,16,3
raw,M_SHELLAPP_SHELLTEXT_7D109071,292,270,22,11,16,3
raw,M_SHELLAPP_SHELLPASCAL_09C83940,295,279,16,8,12,2
raw,M_SHELLAPP_SHELLNUMBER_7C65BFBB,1403,1387,16,8,30,3
raw,M_SHELLAPP_SHELLDIAGNOSTIC_F84A4C35,734,700,34,17,12,4
raw,M_SHELLAPP_SHELLREDRAW_2EDE4915,1793,1777,16,8,34,4
raw,M_SHELLAPP_SHELLCLEAR_52BB640F,284,284,0,0,12,2
raw,M_SHELLAPP_SHELLPARSE_A4976CAB,6316,6168,148,74,30,14
raw,M_SHELLAPP_SHELLCHANGE_E2B81D98,2420,2324,96,48,24,15
raw,M_SHELLAPP_SHELLRELEASELOCK_7049A622,1301,1257,44,22,14,9
raw,M_SHELLAPP_SHELLDIR_EB67AED9,3974,3822,152,76,32,23
raw,M_SHELLAPP_SHELLCONVERT_8185A927,579,579,0,0,16,2
raw,M_SHELLAPP_SHELLCLOSECOMMANDINPUT_5DFC114D,677,655,22,11,10,4
raw,M_SHELLAPP_SHELLTYPE_D64CE23C,3723,3583,140,70,34,19
raw,M_SHELLAPP_SHELLMEM_399A3E7B,3073,2905,168,84,12,29
raw,M_SHELLAPP_SHELLTASKSTATE_6E5D5B16,448,436,12,6,12,2
raw,M_SHELLAPP_SHELLTASKS_1B8DD8E2,2722,2598,124,62,24,15
raw,M_SHELLAPP_SHELLDEVICES_E5FACF4D,2200,2126,74,37,22,9
raw,M_SHELLAPP_SHELLMOUNTS_13BE84C6,2563,2427,136,68,26,16
raw,M_SHELLAPP_SHELLUNREDIRECT_630E066D,3035,2947,88,44,14,15
raw,M_SHELLAPP_SHELLREDIRECT_BB31A89E,3319,3215,104,52,26,18
raw,M_SHELLAPP_SHELLDISPATCH_02D6964A,4326,4186,140,70,20,32
raw,M_SHELLAPP_SHELLCOMMAND_01DF848F,909,893,16,8,12,7
raw,M_SHELLAPP_SHELLFEED_19C6DEC4,2926,2886,40,20,16,19
raw,M_SHELLAPP_SHELLREADSTEP_5848FDA6,2049,1983,66,33,28,10
raw,M_SHELLAPP_SHELLOPEN_DC32811A,2352,2262,90,45,16,13
raw,M_SHELLAPP_SHELLINITIALPROMPT_9A2AE0BA,347,347,0,0,12,3
raw,M_SHELLAPP_SHELLSTART_D37857EA,452,446,6,3,4,4
raw,M_SHELLAPP_SHELLFINISH_77CE18A3,5226,5064,162,81,26,30
raw,M_SHELLAPP_SHELLBOOTSIO_1538A419,1615,1501,114,57,30,11
raw,M_SHELLAPP_SHELLBOOTSTART_6A4872BE,4010,3850,160,80,14,23
raw,M_SHELLAPP_MAIN_168A375D,370,370,0,0,6,4
opt,M_EXECMEMORY_VALIDBANK_E9E0A79B,85,85,0,0,2,1
opt,M_EXECMEMORY_VALIDOWNER_462B929A,106,106,0,0,2,1
opt,M_EXECMEMORY_ADOPT_494D3B99,922,922,0,0,8,1
opt,M_EXECMEMORY_QUERY_D2E34F9F,537,533,4,2,14,2
opt,M_EXECMEMORY_RESERVEEXACT_88D3D2C8,909,901,8,4,10,3
opt,M_EXECMEMORY_ACQUIRE_EAA019EB,613,609,4,2,10,2
opt,M_EXECMEMORY_RELEASE_A6E307FC,1024,1016,8,4,10,3
opt,M_EXECMEMORY_INIT_F4EA07E3,137,137,0,0,4,2
opt,M_EXECLISTS_NEWLIST_B3502541,261,261,0,0,12,1
opt,M_EXECLISTS_NEWMINLIST_A2695943,164,158,6,3,8,2
opt,M_EXECLISTS_ISLISTEMPTY_6EEB0796,220,220,0,0,12,1
opt,M_EXECLISTS_ISMINLISTEMPTY_6D517164,194,188,6,3,8,2
opt,M_EXECLISTS_ADDHEAD_3AE3E6E4,303,303,0,0,16,1
opt,M_EXECLISTS_ADDTAIL_A1C0F364,322,322,0,0,16,1
opt,M_EXECLISTS_INSERT_468B11BA,746,722,24,12,16,3
opt,M_EXECLISTS_REMOVE_2E26C2C1,127,127,0,0,0,1
opt,M_EXECLISTS_REMHEAD_F8063CE7,319,313,6,3,12,2
opt,M_EXECLISTS_REMTAIL_292EAA27,319,313,6,3,12,2
opt,M_EXECLISTS_ENQUEUE_763E1E61,590,560,30,15,20,3
opt,M_EXECLISTS_FINDNAME_2659CDBB,643,643,0,0,28,1
opt,M_HEAPCORE_ROUNDED_9D79FA03,489,489,0,0,10,1
opt,M_HEAPCORE_BOUNDS_2387CB05,1715,1695,20,10,24,6
opt,M_HEAPCORE_CHUNKADDRESS_A551D41B,822,814,8,4,20,3
opt,M_HEAPCORE_NEXTADDRESS_E32592FF,823,819,4,2,20,2
opt,M_HEAPCORE_CHUNKEND_0E0C27CE,1285,1245,40,20,28,5
opt,M_HEAPCORE_VALIDATE_B397AD34,786,764,22,11,26,4
opt,M_HEAPCORE_LINK_9B47F952,173,173,0,0,8,1
opt,M_HEAPCORE_WRITECHUNK_D768FC26,144,144,0,0,8,1
opt,M_HEAPCORE_SPLIT_B6117102,1299,1261,38,19,32,3
opt,M_HEAPCORE_CANDIDATE_07CF3557,489,489,0,0,20,1
opt,M_HEAPCORE_RESERVE_2192E9C0,1781,1717,64,32,32,5
opt,M_HEAPCORE_ALLOCATE_E39F1AF5,236,220,16,8,12,2
opt,M_HEAPCORE_LARGEST_AA9886E8,2327,2289,38,19,38,5
opt,M_HEAPCORE_INSERTFREE_129E41BB,1532,1494,38,19,24,3
opt,M_HEAPCORE_RETURNRANGE_11C95A83,2106,2056,50,25,28,6
opt,M_HEAPCORE_DEALLOCATE_60F97CF2,1127,1087,40,20,28,5
opt,M_HEAPPOLICY_GETSTATE_9B9EAF7C,101,101,0,0,4,1
opt,M_HEAPPOLICY_HEADER_A992FDFC,225,225,0,0,8,1
opt,M_HEAPPOLICY_SHUTDOWN_9E341637,590,576,14,7,14,4
opt,M_HEAPPOLICY_RUNS_07A33D25,354,344,10,5,18,2
opt,M_HEAPPOLICY_REGION_F42DC07D,1121,1117,4,2,18,2
opt,M_HEAPPOLICY_START_1455FA91,1635,1585,50,25,28,10
opt,M_HEAPPOLICY_INIT_69D6AA0D,497,483,14,7,14,4
opt,M_HEAPPOLICY_FLAGSVALID_4BF22F96,954,954,0,0,20,1
opt,M_HEAPPOLICY_DESCRIPTOR_8971C45E,893,885,8,4,20,3
opt,M_HEAPPOLICY_VALIDATEREGIONS_C3A52ACE,1298,1268,30,15,36,8
opt,M_HEAPPOLICY_MATCHES_ACC95206,293,293,0,0,14,1
opt,M_HEAPPOLICY_RESERVE_42F2499D,1628,1580,48,24,34,7
opt,M_HEAPPOLICY_LOCATE_7B91FF59,966,960,6,3,30,4
opt,M_HEAPPOLICY_FREE_3EA2E1EF,1562,1516,46,23,30,7
opt,M_HEAPPOLICY_AVAIL_22774B2C,2414,2376,38,19,36,7
opt,M_HEAPPOLICY_MEMORYTYPE_D394B206,316,310,6,3,12,2
opt,M_HEAPPOLICY_VECTORBYTES_E6541B8F,571,563,8,4,16,2
opt,M_HEAPPOLICY_RESERVEVECTOR_C09ED6F4,527,503,24,12,18,3
opt,M_HEAPPOLICY_FREEVECTOR_698EC5DE,2142,2088,54,27,34,9
opt,M_TASKPOLICY_RECORDFOR_833E2B66,223,223,0,0,8,1
opt,M_TASKPOLICY_SAVEDWORD_D1C8E663,115,115,0,0,8,1
opt,M_TASKPOLICY_RESULT_DA2077E3,110,110,0,0,8,1
opt,M_TASKPOLICY_POINTERRESULT_E8D88610,346,338,8,4,12,2
opt,M_TASKPOLICY_ARGUMENTPOINTER_A19325C6,473,457,16,8,12,3
opt,M_TASKPOLICY_FLAGS_56B3B4FF,134,134,0,0,8,1
opt,M_TASKPOLICY_PROTECTED_FCDCE808,310,306,4,2,8,2
opt,M_TASKPOLICY_LOOKUP_41F6D1E4,781,781,0,0,16,1
opt,M_TASKPOLICY_WRITABLE_0565D862,944,944,0,0,24,1
opt,M_TASKPOLICY_AVAILABLERECORD_80983EA0,849,835,14,7,26,3
opt,M_TASKPOLICY_EMPTYMEMORY_C893BDB0,491,491,0,0,16,1
opt,M_TASKPOLICY_VALIDENTRY_58BA8A58,319,319,0,0,12,1
opt,M_TASKPOLICY_STACKSLOT_2A322EEA,1094,1092,2,1,16,2
opt,M_TASKPOLICY_PREPARESTACK_1A1C583B,685,685,0,0,20,1
opt,M_TASKPOLICY_PREPAREDOMAIN_45DA3401,986,986,0,0,16,1
opt,M_TASKPOLICY_PREPAREFRAME_D5FF2FA0,569,569,0,0,22,1
opt,M_TASKPOLICY_SETSTATE_52D88FAF,183,183,0,0,12,1
opt,M_TASKPOLICY_READY_679992F5,456,428,28,14,16,4
opt,M_TASKPOLICY_INITSIGNALS_5C831CB9,562,550,12,6,12,2
opt,M_TASKPOLICY_ADMIT_CF1671AB,993,963,30,15,16,5
opt,M_TASKPOLICY_INIT_57A5FAC8,2793,2729,64,32,26,17
opt,M_TASKPOLICY_TIMEDCOUNT_C3B59E74,100,100,0,0,2,1
opt,M_TASKPOLICY_ADJUSTTIMED_DDC1BE1E,183,183,0,0,2,1
opt,M_TASKPOLICY_WAKE_9E9C7518,498,488,10,5,16,4
opt,M_TASKPOLICY_SELECT_1A709B3E,941,911,30,15,14,7
opt,M_TASKPOLICY_SWITCH_98522C9E,686,658,28,14,8,5
opt,M_TASKPOLICY_EMPTYSIGNALS_EA2224E4,747,747,0,0,10,1
opt,M_TASKPOLICY_ADD_A5E7C92B,2516,2368,148,74,36,19
opt,M_TASKPOLICY_REMOVETASK_35F29A21,2341,2265,76,38,18,15
opt,M_TASKPOLICY_SAMENAME_968CD62D,462,462,0,0,14,1
opt,M_TASKPOLICY_FIND_0D9A09D7,724,708,16,8,16,4
opt,M_TASKPOLICY_PRIORITY_7FE7EE8A,679,653,26,13,14,5
opt,M_TASKPOLICY_EXCLUSION_DFE541A6,501,491,10,5,16,2
opt,M_TASKPOLICY_SLEEPTASK_6A909BCC,1209,1139,70,35,16,10
opt,M_TASKPOLICY_MASKRESULT_220A6FAB,358,350,8,4,12,2
opt,M_TASKPOLICY_SIGNALBIT_7E52F9EF,220,220,0,0,10,1
opt,M_TASKPOLICY_ALLOCATEBIT_A349E154,1132,1106,26,13,20,4
opt,M_TASKPOLICY_MASKS_49833CE1,1610,1554,56,28,34,7
opt,M_TASKPOLICY_COMPLETEWAIT_31FB45E4,560,542,18,9,14,3
opt,M_TASKPOLICY_WAITTASK_AD94C4A2,853,813,40,20,22,6
opt,M_TASKPOLICY_POSTSIGNAL_10773240,520,486,34,17,12,4
opt,M_TASKPOLICY_SIGNALTASK_806F80F5,847,813,34,17,22,5
opt,M_TASKPOLICY_CANCELWAKE_8ADC984A,187,181,6,3,4,2
opt,M_TASKPOLICY_DRAINONE_68E56764,736,718,18,9,12,5
opt,M_TASKPOLICY_DRAINWAKES_15F017CB,451,451,0,0,4,4
opt,M_TASKPOLICY_BOUNDPRODUCER_6D7B4E54,725,701,24,12,8,5
opt,M_TASKPOLICY_PRODUCERCONTROL_52F9499B,1718,1678,40,20,22,10
opt,M_TASKPOLICY_MEMORYSERVICE_7FAD083C,223,223,0,0,4,1
opt,M_TASKPOLICY_MEMORYPACKET_B36B55BB,468,460,8,4,16,2
opt,M_TASKPOLICY_MEMORYCALL_E7816C43,2097,1967,130,65,32,13
opt,M_TASKPOLICY_PORTSERVICE_8D598BCC,147,147,0,0,4,1
opt,M_TASKPOLICY_INITPORTS_2CB7E92A,218,212,6,3,8,2
opt,M_TASKPOLICY_PORTSTORAGE_D3468DA2,325,325,0,0,10,1
opt,M_TASKPOLICY_VALIDPORT_7710F985,404,398,6,3,4,2
opt,M_TASKPOLICY_VALIDMESSAGE_C0DE7739,401,401,0,0,10,1
opt,M_TASKPOLICY_SENDMESSAGE_7332557D,1059,1019,40,20,20,6
opt,M_TASKPOLICY_PORTHEAD_A12A0751,868,842,26,13,16,5
opt,M_TASKPOLICY_PORTDELETE_CF47DFE6,1051,1029,22,11,22,5
opt,M_TASKPOLICY_REGISTRYCALL_6B5FFB7F,1360,1302,58,29,18,8
opt,M_TASKPOLICY_QUEUECALL_62B0545B,1423,1341,82,41,24,8
opt,M_TASKPOLICY_PORTCALL_70989793,1275,1201,74,37,24,7
opt,M_TASKPOLICY_IOSERVICE_1E6CF653,147,147,0,0,4,1
opt,M_TASKPOLICY_INITIONAMES_D8642B1E,1301,1301,0,0,8,1
opt,M_TASKPOLICY_INITIO_35D5D1E4,671,665,6,3,14,3
opt,M_TASKPOLICY_IOEXTENT_9818C08A,545,539,6,3,18,2
opt,M_TASKPOLICY_IOERROR_9413450C,264,252,12,6,14,2
opt,M_TASKPOLICY_IONAME_8B922013,269,257,12,6,8,2
opt,M_TASKPOLICY_IOBOUND_33A4879E,346,334,12,6,4,3
opt,M_TASKPOLICY_IOOPEN_15F8E966,1018,960,58,29,14,7
opt,M_TASKPOLICY_IOOPENTEST_C4ABA6E6,242,236,6,3,12,2
opt,M_TASKPOLICY_IOCOMPLETE_88BA0BF3,505,475,30,15,20,3
opt,M_TASKPOLICY_IOWAITOWNER_63A51E9E,491,485,6,3,16,2
opt,M_TASKPOLICY_IOCOLLECT_D169FE6C,853,817,36,18,12,5
opt,M_TASKPOLICY_IOENQUEUE_EC975914,1659,1585,74,37,20,6
opt,M_TASKPOLICY_IOBEGIN_A0C610B5,1406,1316,90,45,14,9
opt,M_TASKPOLICY_IOTESTBEGIN_2E780855,779,747,32,16,14,3
opt,M_TASKPOLICY_IOABORT_1EC95CFC,1251,1185,66,33,18,7
opt,M_TASKPOLICY_IOWORKERCONTROL_3D43EE5B,948,930,18,9,10,3
opt,M_TASKPOLICY_IOCLAIM_E59988BA,592,574,18,9,16,3
opt,M_TASKPOLICY_IOTEST_D46D842E,50,50,0,0,0,1
opt,M_TASKPOLICY_IOTESTFINISH_35E02F77,734,706,28,14,20,3
opt,M_TASKPOLICY_IOCALL_78031962,1913,1813,100,50,28,11
opt,M_TASKPOLICY_IOREQUESTCALL_7ACD78BD,609,563,46,23,14,4
opt,M_TASKPOLICY_IOSETTLEDCALL_042AE5B9,1463,1393,70,35,18,8
opt,M_TASKPOLICY_INITSIOSTATE_10B63F2C,649,649,0,0,14,1
opt,M_TASKPOLICY_SIOBOUND_346E47DB,1132,1132,0,0,22,1
opt,M_TASKPOLICY_SIOOPEN_38E97F75,1611,1599,12,6,22,3
opt,M_TASKPOLICY_SIOCLOSE_4815C4E5,180,180,0,0,12,1
opt,M_TASKPOLICY_SIOENQUEUE_F49C65E1,885,829,56,28,24,4
opt,M_TASKPOLICY_SIOABORT_410D8B25,500,478,22,11,18,3
opt,M_TASKPOLICY_SIOPREPAREWORKER_A27B8738,788,782,6,3,20,2
opt,M_TASKPOLICY_SIOPREPAREBUS_A2AD2C52,525,519,6,3,12,2
opt,M_TASKPOLICY_SIOADMIT_DC2C0CF4,943,899,44,22,20,5
opt,M_TASKPOLICY_SIOTAKE_23947030,716,698,18,9,12,3
opt,M_TASKPOLICY_SIOFINISH_B1C2A78C,815,787,28,14,24,3
opt,M_TASKPOLICY_SIOSTOP_31FA5BA1,857,813,44,22,8,5
opt,M_TASKPOLICY_SIOWORKERCONTROL_ABEF18A6,1518,1428,90,45,14,8
opt,M_TASKPOLICY_SIOPAUSE_4B7D62A1,555,525,30,15,10,5
opt,M_TASKPOLICY_SIOCONTROL_0EC256A4,1381,1295,86,43,20,8
opt,M_TASKPOLICY_SIOWORKERBOUND_9EFBF9DD,299,299,0,0,12,1
opt,M_TASKPOLICY_SIORESIDENTCOUNT_72BFE78E,259,259,0,0,12,1
opt,M_TASKPOLICY_SIOREMOVED_B08060ED,925,905,20,10,12,5
opt,M_TASKPOLICY_DOSSLOTFOR_362EB215,242,242,0,0,8,1
opt,M_TASKPOLICY_DOSRESET_224DFB33,363,357,6,3,12,2
opt,M_TASKPOLICY_DOSCANREMOVE_DB41E74E,524,518,6,3,16,2
opt,M_TASKPOLICY_DOSCURRENT_4399DFDB,450,434,16,8,16,3
opt,M_TASKPOLICY_DOSINIT_97B41A44,1069,1069,0,0,24,1
opt,M_TASKPOLICY_DOSWORKERBOUND_DB9BCF66,315,315,0,0,16,1
opt,M_TASKPOLICY_DOSRESIDENTCOUNT_ABEF6AC1,245,245,0,0,12,1
opt,M_TASKPOLICY_DOSREMOVED_D36757B2,899,885,14,7,20,3
opt,M_TASKPOLICY_DOSPREPARE_61B1CC0D,758,752,6,3,20,2
opt,M_TASKPOLICY_DOSADMIT_DEA63DC3,1048,1010,38,19,24,4
opt,M_TASKPOLICY_DOSCONTROL_C7F82CE3,1119,1067,52,26,22,7
opt,M_TASKPOLICY_CONSOLEINIT_02CC0011,328,328,0,0,10,2
opt,M_TASKPOLICY_CONSOLESERVICE_C7B70ED2,147,147,0,0,4,1
opt,M_TASKPOLICY_CONSOLEPRODUCERBOUND_02AD29D1,238,238,0,0,12,1
opt,M_TASKPOLICY_CONSOLEFORGETBINDING_5044609F,199,199,0,0,8,1
opt,M_TASKPOLICY_CONSOLEPACKETVALID_068AA429,368,360,8,4,14,2
opt,M_TASKPOLICY_CONSOLEUNBIND_D1E0D209,643,621,22,11,12,5
opt,M_TASKPOLICY_CONSOLEPRODUCERCONTROL_28DEB132,348,326,22,11,10,3
opt,M_TASKPOLICY_CONSOLEBINDCONTROL_DC86D25B,2055,1985,70,35,22,11
opt,M_TASKPOLICY_CONSOLESTATE_630D302C,101,101,0,0,4,1
opt,M_TASKPOLICY_CONSOLEINSTANCE_9C722438,101,101,0,0,4,1
opt,M_TASKPOLICY_CONSOLENAMES_B9E6EA95,688,688,0,0,12,1
opt,M_TASKPOLICY_CONSOLENAME_0C46F590,214,202,12,6,8,2
opt,M_TASKPOLICY_CONSOLEDEVICE_34497CA3,165,165,0,0,8,1
opt,M_TASKPOLICY_CONSOLEBOUND_8755F553,472,466,6,3,16,3
opt,M_TASKPOLICY_CONSOLEOPEN_4090447D,1329,1323,6,3,22,5
opt,M_TASKPOLICY_CONSOLEIDLE_D6547573,615,603,12,6,8,3
opt,M_TASKPOLICY_CONSOLECLOSE_04E65EB3,749,737,12,6,14,5
opt,M_TASKPOLICY_CONSOLEIMMEDIATE_DAE617FC,1371,1371,0,0,14,1
opt,M_TASKPOLICY_CONSOLEENQUEUE_BE188809,1929,1835,94,47,30,9
opt,M_TASKPOLICY_CONSOLEWAKE_FE0543B3,263,249,14,7,8,2
opt,M_TASKPOLICY_CONSOLEABORT_CCCE9F0D,1364,1306,58,29,20,8
opt,M_TASKPOLICY_CONSOLEPREPARE_8098E872,839,833,6,3,20,2
opt,M_TASKPOLICY_CONSOLEADMIT_A01C3E0C,1887,1837,50,25,30,8
opt,M_TASKPOLICY_CONSOLETAKEARRIVAL_2A1E971F,1032,990,42,21,16,5
opt,M_TASKPOLICY_CONSOLETAKEWRITE_96FEA12D,535,517,18,9,12,3
opt,M_TASKPOLICY_CONSOLEFINISH_F43924B4,1307,1279,28,14,20,4
opt,M_TASKPOLICY_CONSOLERUNNABLE_8934D92E,1068,1056,12,6,16,3
opt,M_TASKPOLICY_CONSOLESTOP_DAEB4759,711,663,48,24,8,5
opt,M_TASKPOLICY_CONSOLEWORKERCONTROL_3CA89D3E,1766,1658,108,54,26,11
opt,M_TASKPOLICY_CONSOLECHECKEXTENT_830BDAF3,391,367,24,12,16,3
opt,M_TASKPOLICY_CONSOLECONTROL_F218511C,1406,1320,86,43,26,10
opt,M_TASKPOLICY_CONSOLEWORKERBOUND_96318375,386,386,0,0,16,2
opt,M_TASKPOLICY_CONSOLERESIDENTCOUNT_6078C646,316,316,0,0,12,2
opt,M_TASKPOLICY_CONSOLECANREMOVE_6BA935F9,1226,1214,12,6,24,7
opt,M_TASKPOLICY_CONSOLEREMOVED_E0E10625,1163,1137,26,13,18,7
opt,M_TASKPOLICY_REQUESTVALID_195CAC51,3722,3592,130,65,6,25
opt,M_TASKPOLICY_ROUTE_3006B749,2982,2808,174,87,12,21
opt,M_TASKPOLICY_FINISHDISPATCH_46CD5A79,437,427,10,5,12,3
opt,M_TASKPOLICY_DISPATCH_2D7B283C,2475,2347,128,64,22,18
opt,M_CONSOLECORE_EXTENT_83D9960B,1198,1198,0,0,28,1
opt,M_CONSOLECORE_INIT_F63331F9,876,852,24,12,16,2
opt,M_CONSOLECORE_DIRTY_4A63B073,185,185,0,0,10,1
opt,M_CONSOLECORE_EDITQUANTUM_E6CDEC54,811,797,14,7,20,2
opt,M_CONSOLECORE_NEWLINE_97A73E23,324,324,0,0,12,1
opt,M_CONSOLECORE_CHARACTER_94A5011A,1326,1294,32,16,16,5
opt,M_CONSOLECORE_FEED_287D49E7,488,474,14,7,16,3
opt,M_CONSOLEINPUT_INIT_5076ECFA,230,230,0,0,8,1
opt,M_CONSOLEINPUT_LOSE_42C88EE3,158,158,0,0,4,1
opt,M_CONSOLEINPUT_CLEAR_3DEF4D2B,253,253,0,0,4,2
opt,M_CONSOLEINPUT_DECODE_A428056C,1408,1408,0,0,22,1
opt,M_CONSOLEINPUT_DELIVER_8B43A137,681,661,20,10,16,3
opt,M_CONSOLEINPUT_PUMP_600356CC,658,638,20,10,12,4
opt,M_CONSOLEINPUT_READ_9E7D5EC6,629,623,6,3,22,2
opt,M_CONSOLEDISPLAY_GLYPH_DCC4F92E,224,224,0,0,10,1
opt,M_CONSOLEDISPLAY_LISTVALID_C50FC922,1263,1263,0,0,12,1
opt,M_CONSOLEDISPLAY_VALIDATE_33E36106,612,604,8,4,8,2
opt,M_CONSOLEDISPLAY_GEOMETRY_B00D0334,578,578,0,0,10,1
opt,M_CONSOLEDISPLAY_COPYSCREEN_6781A699,316,316,0,0,16,2
opt,M_CONSOLEDISPLAY_CLAIM_0FF5CDD8,1448,1424,24,12,16,4
opt,M_CONSOLEDISPLAY_RELEASE_C2AC22C5,455,443,12,6,12,2
opt,M_CONSOLEDISPLAY_POSITION_5668E3AD,215,215,0,0,8,1
opt,M_CONSOLEDISPLAY_CURSOR_3EC7579C,915,905,10,5,18,3
opt,M_CONSOLEDISPLAY_CELLS_58FB51DD,956,946,10,5,28,3
opt,M_CONSOLEDISPLAY_QUANTUM_5F98A18D,743,707,36,18,14,4
opt,M_CONSOLEDRIVER_GETSERVICE_BEE5E55D,101,101,0,0,4,1
opt,M_CONSOLEDRIVER_GETINSTANCE_7919D405,101,101,0,0,4,1
opt,M_CONSOLEDRIVER_MAPPED_DAA6A481,1056,1046,10,5,24,2
opt,M_CONSOLEDRIVER_VALIDATE_72D30322,1705,1683,22,11,14,3
opt,M_CONSOLEDRIVER_FINISHWRITE_E8555190,257,249,8,4,8,2
opt,M_CONSOLEDRIVER_WRITEQUANTUM_AEE13626,1759,1699,60,30,28,7
opt,M_CONSOLEDRIVER_READQUANTUM_10EBF725,1176,1146,30,15,22,4
opt,M_CONSOLEDRIVER_ARRIVAL_EC6B7DA9,506,484,22,11,12,4
opt,M_CONSOLEDRIVER_INITIALIZE_D6CB2592,2420,2278,142,71,26,16
opt,M_CONSOLEDRIVER_FREESTORAGE_02676B4B,931,883,48,24,12,5
opt,M_CONSOLEDRIVER_WORKER_589B3ABC,2310,2182,128,64,16,22
opt,M_CONSOLEDRIVER_START_3E6AAC44,918,898,20,10,8,4
opt,M_CONSOLEDRIVER_STOP_093D3500,676,656,20,10,6,4
opt,M_PORTCORE_CREATEMSGPORT_A47550A3,1092,1048,44,22,12,6
opt,M_PORTCORE_DELETEMSGPORT_9136F7C6,407,385,22,11,8,4
opt,M_SIODRIVER_SIOMAPPED_D1D9A9D6,1056,1046,10,5,24,2
opt,M_SIODRIVER_PAYLOADLENGTH_9F5C9B06,842,842,0,0,8,1
opt,M_SIODRIVER_SIOVALIDATE_7D355271,2135,2115,20,10,16,3
opt,M_SIODRIVER_DEADLINETICKS_83CDA5CA,950,950,0,0,32,1
opt,M_SIODRIVER_PREPARE_D10BF723,1184,1172,12,6,20,2
opt,M_SIODRIVER_HARDWAREINIT_3568BDA6,1199,1167,32,16,6,12
opt,M_SIODRIVER_RUNREQUEST_4500BA50,1941,1869,72,36,12,15
opt,M_SIODRIVER_WORKER_374ADF8C,1840,1782,58,29,12,19
opt,M_SIODRIVER_UNAVAILABLE_B7013E26,199,191,8,4,6,2
opt,M_SIODRIVER_MATCHES_AEE1C237,394,394,0,0,12,1
opt,M_SIODRIVER_START_4928F5B4,1070,1046,24,12,8,4
opt,M_SIODRIVER_STOP_B26AF28A,521,497,24,12,6,4
opt,M_IOCORE_OPENDEVICE_A2787528,451,417,34,17,20,4
opt,M_IOCORE_CREATEIOREQUEST_DE10015D,867,845,22,11,16,3
opt,M_IOCORE_DELETEIOREQUEST_93A87E78,361,341,20,10,16,3
opt,M_IOCORE_WAITIO_8CA35F61,788,768,20,10,14,4
opt,M_IOCORE_DOIO_173DC4A1,484,472,12,6,16,3
opt,M_DOSCLIENT_IOERR_BF9E8A97,198,198,0,0,8,2
opt,M_DOSCLIENT_SETERROR_F2B11A26,170,170,0,0,8,2
opt,M_DOSCLIENT_NEWCLIENT_41735729,1338,1308,30,15,16,4
opt,M_DOSCLIENT_ENSURE_1859B044,827,817,10,5,18,4
opt,M_DOSCLIENT_CLEARSELECTIONS_93A1D5D6,275,275,0,0,8,1
opt,M_DOSCLIENT_RELEASECONTEXT_90CB2A06,1837,1807,30,15,18,6
opt,M_DOSCLIENT_CHECKREPLY_4530772C,762,750,12,6,12,4
opt,M_DOSCLIENT_CALL_35DB3B22,2005,1965,40,20,24,7
opt,M_DOSOBJECTS_FIND_2E898C70,474,474,0,0,16,1
opt,M_DOSOBJECTS_LINK_9FA00D0F,432,428,4,2,16,2
opt,M_DOSOBJECTS_UNLINK_C978FCF4,863,859,4,2,22,2
opt,M_BLOCKWIRE_TRANSFER_0A2F17CC,177,171,6,3,8,2
opt,M_BLOCKIO_GEOMETRY_4529DFEE,768,768,0,0,6,1
opt,M_BLOCKIO_SECTORBYTES_B8369631,833,833,0,0,12,1
opt,M_BLOCKIO_MAPPED_A9EEA713,1217,1207,10,5,24,2
opt,M_BLOCKIO_CREATE_DF5BA086,1408,1336,72,36,16,8
opt,M_BLOCKIO_DESTROY_0CC5CBD8,792,752,40,20,8,5
opt,M_BLOCKIO_DEVICENAME_55BC3EC3,677,677,0,0,4,1
opt,M_BLOCKIO_OPENVOLUME_36B90798,1280,1220,60,30,22,6
opt,M_BLOCKIO_ATTACH_A1159825,1508,1436,72,36,20,5
opt,M_BLOCKIO_DETACH_FC4FFB83,903,877,26,13,12,4
opt,M_BLOCKIO_INVALIDATE_E4DCC90F,120,120,0,0,4,1
opt,M_BLOCKIO_CACHED_7ABF0DB0,1074,1074,0,0,12,1
opt,M_BLOCKIO_PUBLISH_42B93901,376,376,0,0,12,1
opt,M_BLOCKIO_PREPARE_810BFFA1,663,663,0,0,12,1
opt,M_BLOCKIO_COMPLETE_80F6A54F,973,973,0,0,16,1
opt,M_BLOCKIO_CHECK_A5B41A2A,1100,1048,52,26,16,6
opt,M_BLOCKIO_BEGINFETCH_6B9D7F07,897,847,50,25,28,3
opt,M_BLOCKIO_FINISHFETCH_D55D2AA5,829,767,62,31,24,4
opt,M_BLOCKIO_FETCH_124BDACE,707,653,54,27,24,4
opt,M_BLOCKIO_READSECTOR_D918C668,1546,1486,60,30,26,6
opt,M_MYDOSNAMES_LEGAL_C9AD70C6,290,290,0,0,2,1
opt,M_MYDOSNAMES_FOLD_297622C6,175,175,0,0,2,1
opt,M_MYDOSNAMES_STORED_9F1E578A,735,733,2,1,8,2
opt,M_MYDOSNAMES_MATCH_52630F12,680,676,4,2,10,3
opt,M_MYDOSNAMES_COMPONENT_FF2F5328,1616,1608,8,4,14,3
opt,M_FSNAMES_STREAM_12DD2A4A,2869,2837,32,16,4,17
opt,M_FSNAMES_MAPPED_324F42A3,875,861,14,7,20,2
opt,M_FSNAMES_PATH_CFBF830F,1307,1295,12,6,34,3
opt,M_FSNAMES_ALIAS_A2F2B006,552,548,4,2,8,3
opt,M_FSNAMES_SAMEALIAS_76260CCC,580,576,4,2,8,3
opt,M_FSNAMES_VALIDALIAS_36EB4E14,578,566,12,6,10,3
opt,M_DOSSTREAMS_VALIDMODE_6A43AE29,461,461,0,0,8,1
opt,M_DOSSTREAMS_VALIDBUFFER_D67D80FE,801,771,30,15,12,4
opt,M_DOSSTREAMS_OPENNIL_7EDE8F17,808,780,28,14,18,4
opt,M_DOSSTREAMS_TRANSFERNIL_E7EA5C2C,528,506,22,11,8,3
opt,M_DOSSTREAMS_CLOSENIL_3520E24B,744,702,42,21,16,6
opt,M_DOSRAW_GETREGISTRY_976423CC,101,101,0,0,4,1
opt,M_DOSRAW_LIVE_14427091,853,853,0,0,18,2
opt,M_DOSRAW_INITIALIZE_D871F7B7,1478,1472,6,3,12,2
opt,M_DOSRAW_ROLLBACK_4A7594F5,263,263,0,0,4,3
opt,M_DOSRAW_ACQUIRE_CC49A145,3150,3018,132,66,26,21
opt,M_DOSRAW_OPEN_5F7F2547,1328,1270,58,29,18,8
opt,M_DOSRAW_VALIDEXTENT_84EF7CCB,904,874,30,15,20,4
opt,M_DOSRAW_RELEASEOPERATION_C2E80557,584,576,8,4,12,5
opt,M_DOSRAW_PREPARE_F51F1B68,2648,2568,80,40,18,12
opt,M_DOSRAW_COMPLETE_0FD428DA,1759,1733,26,13,30,4
opt,M_DOSRAW_CLOSEDEVICE_DECAF50F,224,218,6,3,8,2
opt,M_DOSRAW_CLOSE_4F38859D,2680,2588,92,46,24,20
opt,M_FSREGISTRY_GETREGISTRY_3C838C00,212,204,8,4,8,2
opt,M_FSREGISTRY_SERVICE_31663004,210,210,0,0,8,2
opt,M_FSREGISTRY_RETAIN_218C5FAC,325,325,0,0,12,3
opt,M_FSREGISTRY_RETAINBASE_94E5BA0B,593,593,0,0,18,4
opt,M_FSREGISTRY_RELEASE_E0E99364,241,241,0,0,10,3
opt,M_FSREGISTRY_LOOKUP_AD8B60C1,1156,1140,16,8,26,5
opt,M_FSREGISTRY_FINDOBJECT_780CC443,339,319,20,10,12,3
opt,M_FSREGISTRY_FROMHEADER_DCD07C60,610,610,0,0,16,1
opt,M_FSREGISTRY_STAMP_BE264D84,504,504,0,0,16,2
opt,M_DOSWIRE_ISPOINTER_E1AC855F,322,322,0,0,10,1
opt,M_FSLOCKS_TRAILER_B3BA463B,152,152,0,0,8,1
opt,M_FSLOCKS_TEXT_C72F70F3,152,152,0,0,8,1
opt,M_FSLOCKS_ALLOCATION_5B5A6C20,348,342,6,3,8,2
opt,M_FSLOCKS_ROOT_D04E0C54,658,658,0,0,16,1
opt,M_FSLOCKS_ADD_DEA4C903,532,532,0,0,12,1
opt,M_FSLOCKS_APPEND_3EC68462,1813,1781,32,16,14,5
opt,M_FSLOCKS_ALLOCATE_39B5BEE3,1410,1382,28,14,26,4
opt,M_FSPACKET_REPLY_F0943484,819,813,6,3,12,2
opt,M_FSPACKET_ERROR_61E70414,636,630,6,3,14,2
opt,M_FSPACKET_IDENTITY_6B3677B2,1769,1745,24,12,16,6
opt,M_FSPACKET_PUBLISHOPENSTEP_55EACFB5,1132,1114,18,9,18,3
opt,M_FSPACKET_CLOSESTEP_61A48B9C,985,937,48,24,18,7
opt,M_FSPORTS_CREATE_D9675AD2,691,663,28,14,12,4
opt,M_FSPORTS_DELETE_FC342961,218,204,14,7,8,2
opt,M_MYDOS_READPHYSICAL_AF05229A,827,807,20,10,24,2
opt,M_MYDOS_DATASECTOR_95277D3B,890,890,0,0,12,1
opt,M_MYDOS_VALIDDIRECTORY_1CF8F62E,882,854,28,14,18,3
opt,M_MYDOS_EXTENT_5BCD29B5,1734,1734,0,0,22,1
opt,M_MYDOS_HEADER_A95A323A,1197,1191,6,3,26,2
opt,M_MYDOS_BEGINMOUNT_AA58F6DF,543,543,0,0,8,1
opt,M_MYDOS_MOUNTBUFFERED_114678B9,486,474,12,6,16,2
opt,M_MYDOS_MOUNT_2B42A118,508,486,22,11,8,4
opt,M_MYDOS_COPYENTRY_C5D8D89C,300,300,0,0,16,1
opt,M_MYDOS_DECODE_69B6DF25,952,952,0,0,12,1
opt,M_MYDOS_LIVE_1E4E1377,844,828,16,8,14,3
opt,M_MYDOS_BUFFEREDENTRY_DC465C80,917,893,24,12,26,3
opt,M_MYDOS_BEGINENTRY_95F170F4,844,834,10,5,12,2
opt,M_MYDOS_GETENTRY_7D00AFBD,567,539,28,14,14,4
opt,M_MYDOS_SELECTMATCH_8984C9A2,903,867,36,18,14,4
opt,M_MYDOS_CHOOSE_61B23C5E,612,600,12,6,12,2
opt,M_MYDOS_STARTDIRECTORY_E432AEF2,148,148,0,0,8,1
opt,M_MYDOS_DESCEND_C497F8DD,1304,1304,0,0,26,1
opt,M_MYDOS_ROOTENTRY_E3F00029,402,402,0,0,10,1
opt,M_MYDOS_STARTRESOLVE_24B3B079,1185,1179,6,3,12,2
opt,M_MYDOS_RESOLVECOMPONENT_8F2130C4,320,308,12,6,4,3
opt,M_MYDOS_BEGINRESOLVE_3F47247C,366,348,18,9,10,3
opt,M_MYDOS_RESOLVESTEP_4ADA26D9,1231,1201,30,15,12,6
opt,M_MYDOS_RESOLVE_25FA7BCB,693,659,34,17,12,5
opt,M_FSINIT_CONFIG_A7C873FA,3090,3042,48,24,22,5
opt,M_FSINIT_WORKSPACE_ED5E2107,719,687,32,16,12,3
opt,M_FSINIT_ARRIVAL_302FF83F,730,726,4,2,12,4
opt,M_FSINIT_ALLOCATEMOUNT_EF481898,1708,1676,32,16,26,4
opt,M_FSINIT_ALLOCATEBLOCK_5C0916F0,1083,1065,18,9,18,3
opt,M_FSINIT_PUBLISH_12D6516B,612,612,0,0,14,2
opt,M_FSINIT_FIRST_60F42DBA,365,359,6,3,12,2
opt,M_FSINIT_ADAPTERSTEP_4F860EAF,352,352,0,0,12,2
opt,M_FSINIT_WORKSPACESTEP_AC19D935,411,399,12,6,12,3
opt,M_FSINIT_MOUNTSTEP_D16E7745,439,427,12,6,12,3
opt,M_FSINIT_BLOCKSTEP_FC8F9559,391,379,12,6,12,3
opt,M_FSINIT_OPENEDSTEP_3B4623A1,864,846,18,9,16,4
opt,M_FSINIT_MOUNTEDSTEP_D00F6B02,1440,1410,30,15,16,8
opt,M_FSINIT_FAILED_4FB7E0CF,207,207,0,0,8,1
opt,M_FSINIT_ROLLBACKSTEP_8166A722,710,684,26,13,16,3
opt,M_FSINIT_DESTROYMOUNT_00D5D10B,1580,1502,78,39,12,10
opt,M_FSINIT_CLEANUP_26675F9E,1332,1274,58,29,14,8
opt,M_FSRELATIVE_VALIDATE_0372B7FC,2341,2331,10,5,28,2
opt,M_FSRELATIVE_SEED_FD9BA1BB,1302,1278,24,12,20,4
opt,M_FSRELATIVE_TRIM_C4B2DBD8,623,623,0,0,12,1
opt,M_FSRELATIVE_ROOT_94E4441A,611,579,32,16,12,4
opt,M_FSRELATIVE_BEGIN_CB9D8F8D,4371,4189,182,91,30,16
opt,M_FSRELATIVE_PARENTRESULT_7CE6B959,2697,2585,112,56,16,11
opt,M_FSINFO_ENUMERATIONSTATE_A9C412AA,152,152,0,0,8,1
opt,M_FSINFO_CLEAR_E168B3AB,179,179,0,0,12,1
opt,M_FSINFO_NAME_B42C963D,1708,1708,0,0,14,1
opt,M_FSINFO_FILL_CDFFBE8F,588,588,0,0,12,1
opt,M_FSINFO_SAVE_B1E7031F,473,467,6,3,16,2
opt,M_MYDOSFILE_RESTART_75C66A72,374,374,0,0,8,1
opt,M_MYDOSFILE_OPEN_0FD3469F,1684,1650,34,17,14,4
opt,M_MYDOSFILE_SECTORALLOWED_E72DFCC7,850,836,14,7,14,2
opt,M_MYDOSFILE_VISIT_2F7F40D0,1267,1267,0,0,12,1
opt,M_MYDOSFILE_TRAILER_58DD2DFC,948,948,0,0,24,1
opt,M_MYDOSFILE_LINK_86A70D17,1002,1002,0,0,16,1
opt,M_MYDOSFILE_VALIDATE_CCD11D35,1369,1307,62,31,12,6
opt,M_MYDOSFILE_FAIL_8A60C23B,355,355,0,0,12,1
opt,M_MYDOSFILE_FINISH_E4A712C2,498,498,0,0,16,1
opt,M_MYDOSFILE_ADVANCE_71346BED,282,282,0,0,16,1
opt,M_MYDOSFILE_BEGIN_902FB340,362,362,0,0,12,1
opt,M_MYDOSFILE_BEGINREAD_56DCAA56,2301,2221,80,40,14,9
opt,M_MYDOSFILE_TARGET_3D0FAE04,1945,1891,54,27,16,6
opt,M_MYDOSFILE_BEGINSEEK_007E9A86,1590,1522,68,34,12,7
opt,M_MYDOSFILE_LOCATE_F172D4F1,1173,1147,26,13,22,4
opt,M_MYDOSFILE_COPY_B45932A2,608,608,0,0,22,1
opt,M_MYDOSFILE_CONSUME_CDF927EF,1322,1300,22,11,20,4
opt,M_MYDOSFILE_CONTINUEOPERATION_DDF4199B,1243,1185,58,29,14,7
opt,M_MYDOSFILE_RUN_01B89F42,675,645,30,15,14,4
opt,M_FSDIRECTORY_LOCKCURSORSTEP_29BACC3E,851,839,12,6,18,2
opt,M_FSDIRECTORY_SELECTSTEP_815DA095,1486,1422,64,32,20,6
opt,M_FSDIRECTORY_INFOSTEP_3CC6E53D,916,866,50,25,16,5
opt,M_FSDIRECTORY_RESTORESTEP_8AADA789,1327,1301,26,13,18,3
opt,M_FSDIRECTORY_STATESTEP_73ED4FBC,1268,1234,34,17,18,4
opt,M_FSDIRECTORY_END_806A2136,397,369,28,14,12,3
opt,M_FSDIRECTORY_ENTRYSTEP_D4EA4ABB,745,713,32,16,16,4
opt,M_FSDIRECTORY_ENTRYRESULTSTEP_4C458A60,1041,1001,40,20,16,5
opt,M_FSDIRECTORY_SIZESTEP_0C182F8A,1296,1250,46,23,16,5
opt,M_FSDIRECTORY_SIZESTARTSTEP_F40FBDAE,325,325,0,0,16,1
opt,M_FSDIRECTORY_SIZECONTINUESTEP_1EAFA525,1096,1050,46,23,16,5
opt,M_FSDIRECTORY_CLEARSTEP_2A4A8FB8,275,269,6,3,12,2
opt,M_FSDIRECTORY_NAMESTEP_97C5C3EC,422,404,18,9,20,2
opt,M_FSDIRECTORY_FILLSTEP_E0581636,426,406,20,10,20,2
opt,M_FSDIRECTORY_PUBLISHSTEP_CC8DC0F6,488,468,20,10,16,3
opt,M_FSIO_BEGIN_68AD59C5,746,726,20,10,18,2
opt,M_FSIO_COMPLETE_3A967BA3,1030,996,34,17,24,4
opt,M_FSIO_OFFLINE_B7567A31,459,459,0,0,14,1
opt,M_FSHANDLER_OPENRESULTSTEP_0C25E5DB,1789,1715,74,37,16,8
opt,M_FSHANDLER_CURSORSTEP_0CA2CA5E,908,862,46,23,16,5
opt,M_FSHANDLER_OPENSTEP_A7675710,1242,1184,58,29,18,6
opt,M_FSHANDLER_LOCKSTEP_E0A0D2D5,805,783,22,11,16,3
opt,M_FSHANDLER_RESOLVESTARTSTEP_40B69900,270,264,6,3,12,2
opt,M_FSHANDLER_RESOLVEREADYSTEP_BDBFDED1,324,324,0,0,16,1
opt,M_FSHANDLER_OPERATIONRESULT_4184CBFA,907,901,6,3,12,2
opt,M_FSHANDLER_FILESELECTSTEP_BED2DD8A,1623,1559,64,32,20,6
opt,M_FSHANDLER_ARGUMENTSSTEP_DD745A90,1209,1187,22,11,16,3
opt,M_FSHANDLER_READSTEP_5B9B1990,353,339,14,7,12,3
opt,M_FSHANDLER_SEEKSTEP_90261C60,353,339,14,7,12,3
opt,M_FSHANDLER_DISPATCHSTEP_D149BF3A,1063,1057,6,3,20,2
opt,M_FSHANDLER_MEDIASTEP_8DCF2858,1209,1175,34,17,20,5
opt,M_FSHANDLER_ACTIONSTEP_7D527A4E,1662,1648,14,7,16,2
opt,M_FSHANDLER_TAKESTEP_E4E18A11,814,808,6,3,22,2
opt,M_FSHANDLER_COMPONENTSTEP_389CA8B9,493,473,20,10,16,3
opt,M_FSHANDLER_RESOLVESTEP_D6E79D38,1256,1202,54,27,16,6
opt,M_FSHANDLER_FILESTEP_A93D50C2,615,587,28,14,16,4
opt,M_FSWORKER_WORKER_2BB473B0,1784,1720,64,32,28,12
opt,M_FSWORKER_FINISH_EC2E5E2B,510,490,20,10,12,3
opt,M_FSMOUNT_DISPATCH_FD59F08F,533,527,6,3,12,2
opt,M_FSMOUNT_SELECTSTEP_8E807607,1602,1582,20,10,24,6
opt,M_FSMOUNT_COMMANDSTEP_B1883B1A,1056,1028,28,14,20,4
opt,M_FSMOUNT_REMOVESTEP_BBB2975B,994,966,28,14,12,5
opt,M_FSMOUNT_DESTROYSTEP_4CF540E7,411,393,18,9,12,3
opt,M_FSMUX_CONTROL_16FCB25F,444,438,6,3,16,2
opt,M_FSMUX_TAKE_F08F7501,681,663,18,9,12,4
opt,M_FSBOOT_BEGINSERVICE_BC5D2672,966,928,38,19,16,4
opt,M_FSBOOT_ENSURE_06ED6F00,1021,1011,10,5,10,6
opt,M_FSBOOT_STOP_AD5246E2,1791,1773,18,9,28,10
opt,M_DOSCALLS_ARGUMENTS_D4B63738,411,411,0,0,12,1
opt,M_DOSCALLS_NAMEARGUMENTS_4FEB00BB,497,497,0,0,12,1
opt,M_DOSCALLS_ACQUIRE_C423433E,2899,2813,86,43,46,12
opt,M_DOSCALLS_CONFIGURED_B6EDEF76,702,686,16,8,20,3
opt,M_DOSCALLS_DESTINATION_E6EBC832,1179,1129,50,25,12,8
opt,M_DOSCALLS_OPEN_390423B6,1707,1629,78,39,18,11
opt,M_DOSCALLS_LOCK_DE185F87,950,900,50,25,16,6
opt,M_DOSCALLS_BADOBJECT_51D88018,267,251,16,8,2,3
opt,M_DOSCALLS_OBJECT_E89E37D3,596,580,16,8,16,4
opt,M_DOSCALLS_FILE_E8D1DABC,881,847,34,17,16,6
opt,M_DOSCALLS_READ_BEE8BE36,2550,2426,124,62,42,12
opt,M_DOSCALLS_WRITE_8E98A1A7,2699,2575,124,62,32,14
opt,M_DOSCALLS_SEEK_17FC33E6,1567,1499,68,34,30,9
opt,M_DOSCALLS_CLOSE_97169B3A,1591,1509,82,41,30,9
opt,M_DOSCALLS_UNLOCK_2871018C,1055,1001,54,27,24,7
opt,M_DOSCALLS_INFORMATION_13F25DEC,1082,1036,46,23,34,6
opt,M_DOSCALLS_SELECTED_604EA3D9,408,408,0,0,12,2
opt,M_DOSCALLS_SELECTIONREADY_28C831A1,416,416,0,0,12,1
opt,M_DOSCALLS_LIVESELECTION_2BE04852,848,824,24,12,12,6
opt,M_DOSCALLS_SELECT_1EDDE386,846,834,12,6,18,4
opt,M_DOSCALLS_DIRECTORY_C8028D6B,991,971,20,10,18,3
opt,M_DOSCALLS_CURRENTDIR_1AA7335E,1165,1143,22,11,24,6
opt,M_DOSCALLS_NAMEFROMLOCK_92457C4A,2001,1953,48,24,28,9
opt,M_DOSCALLS_ISINTERACTIVE_18CACEEA,642,630,12,6,12,4
opt,M_DOS_OPEN_87DAE823,248,234,14,7,12,2
opt,M_DOS_READ_BCD2228F,279,259,20,10,16,2
opt,M_DOS_WRITE_BE4FDE64,279,259,20,10,16,2
opt,M_DOS_SEEK_DE9F46FB,287,265,22,11,16,2
opt,M_DOS_CLOSE_4C224801,219,213,6,3,8,2
opt,M_DOS_IOERR_E649FF90,179,179,0,0,6,2
opt,M_DOS_RELEASECONTEXT_9DB9F883,179,179,0,0,6,2
opt,M_DOS_LOCK_4DEC517E,248,234,14,7,12,2
opt,M_DOS_UNLOCK_74209499,164,158,6,3,8,2
opt,M_DOS_EXAMINE_1F15C1B0,287,267,20,10,12,2
opt,M_DOS_EXNEXT_623C7B53,287,267,20,10,12,2
opt,M_DOS_INPUT_41B1DDE9,192,190,2,1,8,2
opt,M_DOS_OUTPUT_DF7018DC,192,190,2,1,8,2
opt,M_DOS_SELECTINPUT_FF0F4771,236,228,8,4,8,2
opt,M_DOS_SELECTOUTPUT_3A928904,236,228,8,4,8,2
opt,M_DOS_ISINTERACTIVE_FD05AE49,219,213,6,3,8,2
opt,M_DOS_CURRENTDIR_764577CB,228,222,6,3,8,2
opt,M_DOS_NAMEFROMLOCK_8794AD67,279,259,20,10,16,2
opt,M_TASKINSPECT_SNAPSHOT_72A67CF0,1606,1606,0,0,26,3
opt,M_DEVICEINSPECT_SNAPSHOT_EBB6295F,1064,1056,8,4,18,5
opt,M_FSINSPECT_SNAPSHOT_873CF8A6,1632,1632,0,0,26,4
opt,M_SHELLAPP_SHELLLINE_DC60634C,156,156,0,0,8,1
opt,M_SHELLAPP_SHELLDRAWBUFFER_B9163ABE,156,156,0,0,8,1
opt,M_SHELLAPP_SHELLSCRATCH_1695768C,156,156,0,0,8,1
opt,M_SHELLAPP_SHELLTRANSFER_C9C879BF,156,156,0,0,8,1
opt,M_SHELLAPP_SHELLFAIL_9D17A97C,534,534,0,0,8,1
opt,M_SHELLAPP_SHELLLENGTH_56CE75A6,163,163,0,0,8,1
opt,M_SHELLAPP_SHELLEQUAL_EF077ADE,516,516,0,0,10,1
opt,M_SHELLAPP_SHELLWRITE_F4A8AD7D,1400,1348,52,26,26,5
opt,M_SHELLAPP_SHELLBYTE_1EE28596,345,329,16,8,12,3
opt,M_SHELLAPP_SHELLTEXT_7D109071,284,262,22,11,12,3
opt,M_SHELLAPP_SHELLPASCAL_09C83940,295,279,16,8,12,2
opt,M_SHELLAPP_SHELLNUMBER_7C65BFBB,1503,1487,16,8,32,3
opt,M_SHELLAPP_SHELLDIAGNOSTIC_F84A4C35,722,688,34,17,12,4
opt,M_SHELLAPP_SHELLREDRAW_2EDE4915,1497,1481,16,8,20,4
opt,M_SHELLAPP_SHELLCLEAR_52BB640F,287,287,0,0,8,2
opt,M_SHELLAPP_SHELLPARSE_A4976CAB,5931,5783,148,74,26,14
opt,M_SHELLAPP_SHELLCHANGE_E2B81D98,2272,2176,96,48,20,15
opt,M_SHELLAPP_SHELLRELEASELOCK_7049A622,1237,1193,44,22,8,9
opt,M_SHELLAPP_SHELLDIR_EB67AED9,3706,3554,152,76,20,23
opt,M_SHELLAPP_SHELLCONVERT_8185A927,522,522,0,0,14,2
opt,M_SHELLAPP_SHELLCLOSECOMMANDINPUT_5DFC114D,649,627,22,11,8,4
opt,M_SHELLAPP_SHELLTYPE_D64CE23C,3397,3257,140,70,30,19
opt,M_SHELLAPP_SHELLMEM_399A3E7B,3013,2845,168,84,12,29
opt,M_SHELLAPP_SHELLTASKSTATE_6E5D5B16,448,436,12,6,12,2
opt,M_SHELLAPP_SHELLTASKS_1B8DD8E2,2582,2458,124,62,18,15
opt,M_SHELLAPP_SHELLDEVICES_E5FACF4D,2036,1962,74,37,22,9
opt,M_SHELLAPP_SHELLMOUNTS_13BE84C6,2434,2298,136,68,18,16
opt,M_SHELLAPP_SHELLUNREDIRECT_630E066D,2907,2819,88,44,10,15
opt,M_SHELLAPP_SHELLREDIRECT_BB31A89E,3158,3054,104,52,20,18
opt,M_SHELLAPP_SHELLDISPATCH_02D6964A,4228,4088,140,70,16,32
opt,M_SHELLAPP_SHELLCOMMAND_01DF848F,861,845,16,8,8,7
opt,M_SHELLAPP_SHELLFEED_19C6DEC4,2906,2866,40,20,16,19
opt,M_SHELLAPP_SHELLREADSTEP_5848FDA6,1962,1896,66,33,24,10
opt,M_SHELLAPP_SHELLOPEN_DC32811A,2118,2028,90,45,12,13
opt,M_SHELLAPP_SHELLINITIALPROMPT_9A2AE0BA,315,315,0,0,8,3
opt,M_SHELLAPP_SHELLSTART_D37857EA,452,446,6,3,4,4
opt,M_SHELLAPP_SHELLFINISH_77CE18A3,4986,4824,162,81,16,30
opt,M_SHELLAPP_SHELLBOOTSIO_1538A419,1457,1343,114,57,22,11
opt,M_SHELLAPP_SHELLBOOTSTART_6A4872BE,3946,3786,160,80,12,23
opt,M_SHELLAPP_MAIN_168A375D,370,370,0,0,6,4
